District,Taluk,Village,Latitude,Longitude,Month,Year,Temperature_C,Humidity_%,Rainfall_mm,Soil_Moisture_%,Wind_Speed_kmph,Crop_Stage,Maize_Variety,Crop_Age_Days,Previous_Pest_Count,Days_Since_Last_Attack,Risk_Level
Shivamogga,Soraba,Soraba_Village_9,13.70493,75.34051,3,2025,26.3,63.9,2.0,32.7,8.3,Tasseling,30V92,45,5,19,Medium
Koppal,Koppal,Koppal_Village_6,15.47128,76.2199,5,2023,33.8,89.8,41.5,56.1,13.8,Vegetative,DHM117 (Local Hybrid),15,12,4,High
Hassan,Arsikere,Arsikere_Village_9,13.11006,76.28794,8,2025,17.6,45.4,0.8,30.7,5.1,Maturity,P3501,99,2,180,Low
Koppal,Gangavathi,Gangavathi_Village_5,15.3037,76.35921,5,2024,33.9,92.4,45.4,52.2,6.7,Maturity,DKC9108,107,18,2,High
Belagavi,Belagavi,Belagavi_Village_1,16.06877,74.68355,4,2025,20.7,30.9,1.0,22.9,5.1,Silking,Local Desi Maize,59,1,130,Low
Chitradurga,Chitradurga,Chitradurga_Village_9,14.00985,76.57091,2,2023,15.8,24.4,9.0,7.8,13.0,Maturity,DKC9108,107,0,23,Low
Mysuru,Piriyapatna,Piriyapatna_Village_3,12.51481,76.47309,6,2025,27.7,49.6,7.0,26.8,9.4,Silking,DKC9108,64,7,34,Medium
Hassan,Hassan,Hassan_Village_3,12.85174,75.97626,1,2023,24.6,65.3,54.4,45.0,10.4,Whorl,Rasi RCH-2,33,5,46,Medium
Dharwad,Navalgund,Navalgund_Village_2,15.39811,75.02762,6,2024,30.2,89.1,21.1,57.1,7.7,Whorl,DKC9108,33,8,0,High
Davanagere,Honnali,Honnali_Village_5,14.25185,75.90227,10,2025,28.7,47.5,25.2,21.3,3.6,Silking,Rasi RCH-2,66,5,5,Medium
Koppal,Koppal,Koppal_Village_4,15.55652,75.92563,10,2023,21.9,35.8,0.1,24.4,15.8,Tasseling,DKC9108,48,0,31,Low
Chitradurga,Hiriyur,Hiriyur_Village_9,14.07943,76.63176,8,2024,24.6,50.7,1.7,22.6,17.4,Maturity,Kaveri KMH-25K61,93,6,2,Medium
Chitradurga,Challakere,Challakere_Village_3,14.33109,76.63529,5,2025,23.8,43.8,20.8,22.6,17.7,Vegetative,DHM117 (Local Hybrid),24,3,18,Medium
Chikkaballapur,Chikkaballapur,Chikkaballapur_Village_1,13.5216,77.74683,1,2025,31.1,71.5,29.9,47.3,6.3,Tasseling,30V92,45,2,21,Medium
Davanagere,Honnali,Honnali_Village_4,14.35689,75.99098,6,2023,32.4,88.6,68.9,53.4,8.6,Whorl,Rasi RCH-2,32,15,0,High
Dharwad,Dharwad,Dharwad_Village_3,15.21541,75.01954,12,2023,22.3,17.8,1.5,12.4,6.9,Maturity,Kaveri KMH-25K61,85,0,7,Low
Ballari,Sandur,Sandur_Village_6,15.14532,77.0869,12,2023,34.9,85.8,102.7,68.0,6.0,Whorl,Pioneer 3396,26,15,17,High
Tumakuru,Pavagada,Pavagada_Village_2,13.3112,77.3299,3,2024,19.6,40.1,0.4,17.0,3.3,Silking,Kaveri KMH-25K61,62,1,11,Low
Ballari,Sandur,Sandur_Village_7,15.2777,76.77668,9,2024,27.3,54.5,27.1,37.7,13.0,Vegetative,Rasi RCH-2,21,8,25,Medium
Chitradurga,Challakere,Challakere_Village_4,14.45122,76.56514,4,2024,25.3,72.7,3.1,42.1,10.0,Tasseling,Rasi RCH-2,51,6,2,Medium
Chikkaballapur,Chintamani,Chintamani_Village_5,13.34098,77.92754,2,2025,25.2,86.3,94.9,59.8,10.9,Vegetative,Pioneer 3396,19,15,3,High
Tumakuru,Sira,Sira_Village_4,13.29951,76.9799,9,2023,25.1,54.6,10.2,35.8,10.3,Whorl,30V92,32,4,53,Medium
Koppal,Kushtagi,Kushtagi_Village_7,15.11085,76.21498,2,2024,32.6,83.2,29.0,44.6,8.8,Whorl,DKC9108,31,11,1,High
Davanagere,Davanagere,Davanagere_Village_2,14.62943,75.9931,7,2023,33.3,81.7,17.8,51.4,11.0,Vegetative,Bio9637,17,12,8,High
Dharwad,Dharwad,Dharwad_Village_5,15.67765,75.13843,3,2024,15.3,32.3,2.1,17.3,2.5,Silking,Kaveri KMH-25K61,58,0,17,Low
Hassan,Arsikere,Arsikere_Village_3,12.86223,76.04287,3,2024,15.4,32.6,0.4,23.0,9.0,Silking,Pioneer 3396,59,2,49,Low
Koppal,Gangavathi,Gangavathi_Village_2,15.33658,76.23806,9,2025,25.9,62.0,23.1,28.4,11.2,Tasseling,30V92,51,5,14,Medium
Dharwad,Navalgund,Navalgund_Village_9,15.55282,74.90546,7,2023,34.7,88.2,6.8,53.1,7.1,Whorl,P3501,22,10,0,High
Belagavi,Chikkodi,Chikkodi_Village_8,15.70218,74.45417,11,2024,31.0,47.7,1.1,27.0,10.1,Silking,DKC9108,69,3,38,Medium
Mandya,Nagamangala,Nagamangala_Village_9,12.41212,77.10246,2,2023,21.5,49.3,8.9,23.4,5.9,Tasseling,NK6240,46,6,70,Medium
Koppal,Kushtagi,Kushtagi_Village_8,15.19007,76.15095,12,2024,24.3,39.8,2.3,22.0,7.2,Whorl,Rasi RCH-2,28,2,46,Low
Belagavi,Saundatti,Saundatti_Village_1,15.6,74.28338,6,2023,22.9,43.4,21.2,18.6,14.7,Whorl,Pioneer 3396,31,6,0,Medium
Davanagere,Jagalur,Jagalur_Village_2,14.23118,75.91114,11,2024,29.2,67.2,22.4,33.8,0.4,Vegetative,Bio9637,12,6,2,Medium
Chitradurga,Challakere,Challakere_Village_3,14.44734,76.19112,3,2025,28.7,82.8,11.7,53.6,8.5,Whorl,DKC9108,33,9,2,High
Dharwad,Kalghatgi,Kalghatgi_Village_8,15.50721,75.0949,7,2024,21.8,42.0,2.7,20.5,11.8,Maturity,Kaveri KMH-25K61,101,0,180,Low
Gadag,Mundargi,Mundargi_Village_6,15.47948,75.47397,7,2024,23.8,32.9,6.5,21.9,10.4,Maturity,NK6240,97,0,16,Low
Chikkaballapur,Chikkaballapur,Chikkaballapur_Village_2,13.6829,77.53482,5,2023,32.0,92.0,34.0,52.0,7.1,Whorl,Local Desi Maize,35,17,13,High
Koppal,Gangavathi,Gangavathi_Village_6,15.57359,76.05469,12,2024,29.5,89.5,22.4,48.7,9.3,Tasseling,Local Desi Maize,50,12,3,High
Chitradurga,Hiriyur,Hiriyur_Village_7,14.13271,76.37389,1,2023,17.0,40.8,0.0,23.6,9.4,Whorl,DKC9108,26,1,111,Low
Mysuru,Piriyapatna,Piriyapatna_Village_1,12.23455,76.43273,12,2024,21.5,47.5,0.3,21.3,10.5,Maturity,Local Desi Maize,77,1,105,Low
Mandya,Mandya,Mandya_Village_8,12.32495,77.02025,3,2023,15.8,43.4,1.1,17.1,10.4,Silking,DHM117 (Local Hybrid),60,0,100,Low
Haveri,Haveri,Haveri_Village_4,14.75898,75.59744,3,2023,32.2,86.6,37.2,51.4,6.9,Tasseling,Rasi RCH-2,51,11,23,High
Chitradurga,Hiriyur,Hiriyur_Village_1,14.4582,76.44004,4,2025,37.2,96.7,20.6,51.1,6.9,Whorl,NK6240,20,14,6,High
Mysuru,Piriyapatna,Piriyapatna_Village_4,12.22294,76.88693,8,2023,28.7,70.4,7.2,39.7,13.1,Whorl,Kaveri KMH-25K61,38,1,91,Medium
Raichur,Lingsugur,Lingsugur_Village_9,16.11853,77.47632,6,2023,25.7,82.0,19.6,46.0,1.2,Vegetative,DKC9108,16,4,56,Medium
Raichur,Raichur,Raichur_Village_5,16.43981,77.33167,8,2025,31.8,93.4,68.1,60.2,6.3,Tasseling,Pioneer 3396,43,13,18,High
Tumakuru,Tumakuru,Tumakuru_Village_6,13.09669,77.17485,4,2025,21.8,51.7,0.8,26.6,13.9,Tasseling,Bio9637,52,1,9,Low
Davanagere,Davanagere,Davanagere_Village_1,14.27242,76.06373,5,2025,31.0,78.6,38.5,44.1,11.4,Vegetative,30V92,21,17,0,High
Koppal,Kushtagi,Kushtagi_Village_8,15.60354,76.1213,8,2024,29.6,87.8,25.7,48.1,5.7,Whorl,Local Desi Maize,39,16,21,High
Ballari,Hospet,Hospet_Village_3,14.92114,76.69246,10,2025,35.8,67.8,2.0,37.7,10.4,Whorl,30V92,28,4,76,Medium
Raichur,Sindhanur,Sindhanur_Village_4,16.16419,77.16125,2,2025,26.3,65.0,8.9,32.5,7.1,Whorl,Rasi RCH-2,36,6,5,Medium
Davanagere,Jagalur,Jagalur_Village_2,14.52171,75.83859,9,2024,31.1,91.4,22.3,56.9,9.1,Whorl,Rasi RCH-2,30,9,3,High
Ballari,Kudligi,Kudligi_Village_6,15.17801,76.87151,1,2024,31.3,69.9,8.1,43.9,5.3,Whorl,Bio9637,37,3,19,Medium
Hassan,Arsikere,Arsikere_Village_3,13.2488,76.26708,12,2025,29.1,55.2,3.3,29.8,12.4,Whorl,Rasi RCH-2,37,2,10,Medium
Haveri,Savanur,Savanur_Village_3,14.60759,75.6294,9,2024,28.5,58.5,17.3,39.4,1.8,Tasseling,DKC9108,54,6,9,Medium
Raichur,Sindhanur,Sindhanur_Village_3,16.4321,77.28001,7,2024,22.2,79.6,1.0,40.0,15.0,Vegetative,30V92,19,4,23,Medium
Haveri,Savanur,Savanur_Village_3,14.96967,75.18286,6,2025,20.4,62.8,11.7,30.1,10.4,Whorl,P3501,33,7,71,Medium
Davanagere,Channagiri,Channagiri_Village_5,14.5764,76.13964,1,2025,25.8,70.5,11.6,39.7,8.3,Whorl,DKC9108,30,7,17,Medium
Hassan,Channarayapatna,Channarayapatna_Village_9,13.01665,75.89761,2,2023,26.8,67.0,7.3,35.6,9.7,Vegetative,Bio9637,12,6,73,Medium
Mandya,Mandya,Mandya_Village_3,12.67231,76.99599,9,2023,33.3,84.4,57.8,45.8,5.2,Whorl,DHM117 (Local Hybrid),36,8,1,High
Mandya,Nagamangala,Nagamangala_Village_3,12.51293,77.0269,5,2024,31.4,85.6,19.1,56.6,8.6,Whorl,Pioneer 3396,21,12,5,High
Gadag,Gadag,Gadag_Village_1,15.28246,75.4264,5,2024,32.0,62.9,19.9,44.8,11.5,Whorl,Pioneer 3396,21,3,7,Medium
Gadag,Mundargi,Mundargi_Village_8,15.18397,75.85893,4,2025,30.1,75.4,34.9,43.9,7.2,Maturity,Kaveri KMH-25K61,105,0,36,Medium
Koppal,Yelburga,Yelburga_Village_6,15.12649,76.36049,1,2024,30.1,88.4,58.9,53.7,10.4,Silking,Kaveri KMH-25K61,58,8,5,High
Ballari,Hospet,Hospet_Village_8,14.99555,77.12464,7,2023,21.3,28.3,1.0,18.8,9.8,Vegetative,Bio9637,10,1,85,Low
Haveri,Haveri,Haveri_Village_1,14.79132,75.62235,11,2025,33.4,88.8,13.5,51.1,10.4,Whorl,Pioneer 3396,34,10,1,High
Mysuru,K.R. Nagar,K.R. Nagar_Village_2,12.51733,76.65696,6,2023,17.4,51.9,1.6,32.2,4.2,Silking,Pioneer 3396,62,2,81,Low
Shivamogga,Soraba,Soraba_Village_9,13.69281,75.35124,9,2025,22.6,52.6,21.8,34.1,12.6,Vegetative,Local Desi Maize,11,2,5,Medium
Mandya,Mandya,Mandya_Village_3,12.6486,76.89906,7,2025,14.1,32.0,0.6,20.0,10.6,Vegetative,Rasi RCH-2,18,2,11,Low
Davanagere,Nyamathi,Nyamathi_Village_1,14.39552,76.06036,9,2023,29.4,82.5,74.1,55.8,14.1,Whorl,DHM117 (Local Hybrid),31,12,4,High
Raichur,Raichur,Raichur_Village_6,16.12261,77.38432,9,2024,35.2,82.9,56.8,51.2,2.5,Tasseling,DHM117 (Local Hybrid),42,9,2,High
Mandya,Pandavapura,Pandavapura_Village_1,12.51259,77.07705,3,2025,18.5,33.7,0.0,16.5,2.1,Maturity,Bio9637,108,0,26,Low
Shivamogga,Shikaripura,Shikaripura_Village_9,14.03681,75.6657,11,2025,26.6,74.3,11.6,42.3,6.1,Vegetative,P3501,16,6,25,Medium
Chamarajanagar,Kollegal,Kollegal_Village_1,12.09266,76.72972,4,2025,22.3,37.4,2.3,17.9,14.4,Maturity,Kaveri KMH-25K61,83,1,29,Low
Raichur,Lingsugur,Lingsugur_Village_4,16.37992,77.16481,1,2025,24.8,49.9,18.4,34.2,5.8,Whorl,P3501,20,9,9,Medium
Shivamogga,Shikaripura,Shikaripura_Village_7,14.15931,75.46552,3,2024,18.8,39.1,1.5,26.3,10.0,Maturity,DKC9108,81,2,5,Low
Chamarajanagar,Yelandur,Yelandur_Village_2,11.72909,76.72786,4,2025,21.2,43.2,0.2,22.1,10.4,Maturity,30V92,99,1,169,Low
Dharwad,Navalgund,Navalgund_Village_3,15.23747,74.80167,2,2025,25.2,47.7,3.5,15.1,11.6,Vegetative,DHM117 (Local Hybrid),25,7,40,Medium
Koppal,Kushtagi,Kushtagi_Village_7,15.44609,76.37198,12,2024,26.1,60.1,19.0,40.0,3.0,Whorl,30V92,23,10,34,Medium
Gadag,Gadag,Gadag_Village_9,15.25229,75.48034,7,2023,30.3,94.4,54.0,59.9,12.6,Vegetative,30V92,12,13,19,High
Belagavi,Belagavi,Belagavi_Village_7,16.0683,74.24882,8,2024,30.8,61.5,11.1,35.4,5.8,Vegetative,Kaveri KMH-25K61,22,4,24,Medium
Chamarajanagar,Gundlupet,Gundlupet_Village_9,11.80486,76.7951,11,2025,29.1,50.2,14.1,30.2,15.9,Vegetative,NK6240,17,6,44,Medium
Chikkaballapur,Chintamani,Chintamani_Village_2,13.21593,77.94728,11,2023,19.9,42.1,0.9,26.0,17.1,Maturity,Rasi RCH-2,89,1,12,Low
Tumakuru,Madhugiri,Madhugiri_Village_1,13.31484,77.23349,12,2023,31.1,88.5,34.9,52.5,3.2,Whorl,Bio9637,33,16,0,High
Gadag,Ron,Ron_Village_5,15.54291,75.38775,1,2024,27.3,67.1,10.8,31.3,12.0,Whorl,DKC9108,26,1,59,Medium
Gadag,Nargund,Nargund_Village_7,15.66579,75.38423,12,2023,34.5,57.7,28.2,36.5,14.9,Whorl,Rasi RCH-2,40,10,31,Medium
Chitradurga,Hiriyur,Hiriyur_Village_6,14.04939,76.27745,1,2023,31.9,98.0,32.5,49.9,3.6,Tasseling,30V92,45,15,0,High
Chikkaballapur,Gudibande,Gudibande_Village_4,13.57979,77.78206,7,2023,32.5,86.3,81.3,53.6,8.0,Whorl,NK6240,22,20,4,High
Tumakuru,Tiptur,Tiptur_Village_8,13.11027,77.26669,6,2025,32.5,75.3,43.9,49.3,14.3,Whorl,Pioneer 3396,28,15,10,High
Raichur,Lingsugur,Lingsugur_Village_6,16.19721,77.30186,6,2024,29.0,86.5,83.8,64.2,12.0,Vegetative,Bio9637,12,8,3,High
Chikkaballapur,Chintamani,Chintamani_Village_3,13.68406,77.90687,9,2025,33.6,78.6,24.1,39.1,9.3,Whorl,30V92,28,9,15,High
Belagavi,Ramdurg,Ramdurg_Village_3,16.09369,74.42721,2,2023,19.0,28.9,0.6,16.5,11.4,Silking,Local Desi Maize,56,0,98,Low
Gadag,Gadag,Gadag_Village_2,15.56915,75.70861,4,2023,26.5,46.0,24.3,33.7,2.9,Whorl,Local Desi Maize,35,6,38,Medium
Shivamogga,Sagar,Sagar_Village_9,13.90615,75.71586,12,2024,35.4,82.0,64.5,60.6,10.1,Whorl,Pioneer 3396,36,13,2,High
Dharwad,Dharwad,Dharwad_Village_4,15.46039,75.23128,3,2025,26.5,64.1,5.9,42.0,5.3,Vegetative,Pioneer 3396,11,3,1,Medium
Chikkaballapur,Chintamani,Chintamani_Village_4,13.19845,77.87542,2,2024,21.5,46.8,0.5,29.5,9.5,Silking,Pioneer 3396,59,2,116,Low
Ballari,Sandur,Sandur_Village_9,15.16408,77.05293,4,2025,35.4,80.6,16.5,38.0,11.4,Tasseling,DKC9108,43,19,1,High
Haveri,Byadagi,Byadagi_Village_4,14.69631,75.20913,9,2023,19.1,21.9,0.6,7.4,11.2,Maturity,Local Desi Maize,106,0,19,Low
Tumakuru,Tiptur,Tiptur_Village_2,13.20751,77.31189,12,2023,20.9,33.0,0.1,19.4,16.4,Maturity,Rasi RCH-2,86,0,20,Low
Ballari,Hospet,Hospet_Village_8,14.93667,77.02454,9,2024,33.5,84.3,49.4,49.6,4.2,Vegetative,DHM117 (Local Hybrid),15,15,1,High
Chitradurga,Chitradurga,Chitradurga_Village_1,14.40453,76.18479,7,2025,24.7,58.6,27.1,35.8,8.9,Tasseling,Rasi RCH-2,41,6,19,Medium
Koppal,Koppal,Koppal_Village_8,15.17206,75.98658,3,2025,26.5,72.7,12.4,41.9,4.4,Vegetative,DKC9108,10,9,37,Medium
Gadag,Shirahatti,Shirahatti_Village_4,15.65217,75.79201,2,2023,25.8,69.3,4.4,34.2,13.6,Tasseling,Kaveri KMH-25K61,45,3,46,Medium
Tumakuru,Pavagada,Pavagada_Village_3,13.31501,76.93762,12,2025,32.0,64.7,7.7,28.0,8.0,Whorl,Local Desi Maize,38,4,3,Medium
Davanagere,Jagalur,Jagalur_Village_8,14.68083,76.06321,8,2023,23.5,38.4,0.0,13.9,8.4,Maturity,Kaveri KMH-25K61,108,0,50,Low
Mandya,Pandavapura,Pandavapura_Village_2,12.61782,77.08566,11,2025,28.6,30.4,0.6,19.5,12.2,Tasseling,DHM117 (Local Hybrid),46,1,59,Low
Tumakuru,Pavagada,Pavagada_Village_6,13.13002,77.22293,4,2024,26.0,66.6,48.2,42.8,15.4,Vegetative,Pioneer 3396,13,3,18,Medium
Haveri,Ranebennur,Ranebennur_Village_8,14.72552,75.5681,11,2023,25.9,26.9,12.1,23.0,13.2,Silking,P3501,55,4,2,Medium
Koppal,Yelburga,Yelburga_Village_5,15.4093,76.25699,4,2023,24.5,33.6,1.1,25.1,13.4,Maturity,Pioneer 3396,76,1,18,Low
Koppal,Gangavathi,Gangavathi_Village_4,15.56392,75.99375,6,2024,21.6,27.8,1.1,12.5,8.4,Silking,Rasi RCH-2,58,2,88,Low
Shivamogga,Shivamogga,Shivamogga_Village_4,13.68746,75.77056,7,2023,34.7,86.3,46.5,51.2,11.2,Whorl,Local Desi Maize,20,11,6,High
Belagavi,Chikkodi,Chikkodi_Village_4,15.97044,74.6021,6,2023,29.2,86.9,69.6,56.1,10.0,Whorl,DHM117 (Local Hybrid),40,12,34,High
Mandya,Pandavapura,Pandavapura_Village_4,12.43726,76.80841,12,2025,23.7,70.6,14.1,44.4,15.5,Whorl,30V92,22,6,27,Medium
Koppal,Kushtagi,Kushtagi_Village_5,15.20407,76.08305,9,2024,20.0,36.1,0.4,21.7,8.6,Maturity,Kaveri KMH-25K61,94,1,4,Low
Koppal,Gangavathi,Gangavathi_Village_8,15.18054,76.25229,5,2025,22.2,29.9,0.1,20.3,10.8,Tasseling,DKC9108,44,0,148,Low
Chitradurga,Holalkere,Holalkere_Village_7,14.2626,76.63535,8,2025,17.5,33.1,5.4,19.8,12.3,Maturity,30V92,87,0,11,Low
Dharwad,Kundgol,Kundgol_Village_9,15.465,74.81818,2,2024,33.9,76.9,20.8,45.6,16.0,Silking,Bio9637,65,16,1,High
Raichur,Manvi,Manvi_Village_4,16.19425,77.45518,2,2025,20.0,36.3,0.8,28.6,4.1,Tasseling,DKC9108,50,1,1,Low
Tumakuru,Tumakuru,Tumakuru_Village_2,13.35652,77.03671,12,2025,26.0,61.9,5.3,30.9,4.3,Vegetative,NK6240,22,6,17,Medium
Mandya,Mandya,Mandya_Village_4,12.28982,76.91578,8,2024,29.4,61.5,7.2,31.6,8.9,Maturity,Rasi RCH-2,78,8,17,Medium
Chamarajanagar,Kollegal,Kollegal_Village_8,11.99927,77.08969,7,2025,37.2,83.8,33.3,52.8,6.9,Whorl,P3501,26,8,3,High
Raichur,Manvi,Manvi_Village_4,16.43614,77.21955,10,2023,24.3,76.4,52.0,53.1,9.5,Vegetative,DKC9108,10,5,15,Medium
Ballari,Kudligi,Kudligi_Village_5,15.2883,77.01075,3,2023,26.8,74.3,21.1,53.3,10.5,Tasseling,Local Desi Maize,40,7,37,Medium
Dharwad,Hubballi,Hubballi_Village_7,15.34355,75.01911,10,2024,25.6,63.5,7.2,39.0,6.1,Whorl,NK6240,27,10,18,Medium
Haveri,Ranebennur,Ranebennur_Village_1,14.63217,75.21448,7,2025,33.7,86.6,60.5,62.1,13.3,Whorl,DHM117 (Local Hybrid),31,19,3,High
Dharwad,Kundgol,Kundgol_Village_1,15.68566,74.93765,4,2023,23.4,47.9,43.0,30.5,13.0,Tasseling,Kaveri KMH-25K61,46,7,1,Medium
Mandya,Mandya,Mandya_Village_9,12.49273,77.06888,12,2024,32.9,88.3,20.6,58.8,11.2,Whorl,Pioneer 3396,27,14,18,High
Dharwad,Navalgund,Navalgund_Village_9,15.38922,75.19421,12,2024,20.1,28.9,4.8,20.9,2.9,Silking,P3501,58,1,23,Low
Raichur,Manvi,Manvi_Village_4,16.41402,77.36045,12,2023,23.8,33.8,0.0,22.0,10.8,Silking,Pioneer 3396,67,1,18,Low
Tumakuru,Madhugiri,Madhugiri_Village_6,13.35629,76.97285,3,2024,27.9,57.4,41.0,34.6,8.5,Silking,Local Desi Maize,64,3,22,Medium
Gadag,Mundargi,Mundargi_Village_2,15.42043,75.7735,3,2023,31.3,83.9,48.0,52.2,8.7,Tasseling,P3501,54,7,1,High
Davanagere,Jagalur,Jagalur_Village_2,14.67921,75.83209,3,2023,33.6,82.1,44.3,47.3,4.3,Vegetative,DKC9108,23,14,2,High
Chitradurga,Challakere,Challakere_Village_2,14.34552,76.64579,8,2024,20.6,28.4,0.7,16.9,2.7,Maturity,Rasi RCH-2,84,0,94,Low
Chitradurga,Hiriyur,Hiriyur_Village_6,14.38263,76.52669,7,2024,31.1,73.9,14.3,37.5,10.1,Whorl,P3501,37,10,7,High
Hassan,Channarayapatna,Channarayapatna_Village_7,13.24778,75.94682,5,2023,28.3,72.5,5.0,37.3,12.4,Whorl,DHM117 (Local Hybrid),26,9,38,Medium
Gadag,Ron,Ron_Village_8,15.21334,75.7883,5,2023,27.6,45.9,7.4,30.4,14.4,Silking,Bio9637,57,4,22,Medium
Shivamogga,Sagar,Sagar_Village_3,13.77805,75.63513,11,2025,30.5,65.1,51.4,46.1,9.8,Silking,NK6240,69,6,76,Medium
Shivamogga,Bhadravati,Bhadravati_Village_4,13.81893,75.65874,11,2023,24.2,66.8,10.5,40.5,6.0,Whorl,P3501,20,4,6,Medium
Mandya,Nagamangala,Nagamangala_Village_3,12.58094,76.82624,3,2025,34.6,86.4,46.7,50.6,5.7,Whorl,Local Desi Maize,32,14,15,High
Haveri,Ranebennur,Ranebennur_Village_5,14.77657,75.41011,9,2025,21.8,24.3,0.8,14.8,10.9,Maturity,P3501,95,1,86,Low
Mandya,Mandya,Mandya_Village_1,12.57816,76.73084,6,2023,33.4,95.9,52.3,65.0,9.7,Tasseling,30V92,40,14,1,High
Mandya,Nagamangala,Nagamangala_Village_5,12.72794,77.00026,2,2023,27.3,53.4,8.9,33.0,13.2,Tasseling,DKC9108,44,6,32,Medium
Gadag,Gadag,Gadag_Village_4,15.5007,75.87856,2,2023,28.3,49.8,44.5,30.3,7.7,Silking,Bio9637,69,4,21,Medium
Mandya,Maddur,Maddur_Village_6,12.34204,77.05475,5,2025,35.2,81.3,51.4,52.0,10.5,Whorl,P3501,37,13,0,High
Mandya,Pandavapura,Pandavapura_Village_3,12.72432,76.79872,5,2023,31.4,62.7,44.3,43.4,10.3,Maturity,Bio9637,88,5,47,Medium
Mysuru,Hunsur,Hunsur_Village_4,12.13553,76.80746,1,2023,17.5,33.3,0.1,18.3,14.1,Maturity,30V92,94,0,35,Low
Davanagere,Channagiri,Channagiri_Village_3,14.45353,75.76094,7,2023,30.4,47.0,9.2,17.3,10.3,Vegetative,P3501,10,1,7,Medium
Tumakuru,Pavagada,Pavagada_Village_7,13.44716,76.91086,8,2024,28.9,38.6,1.1,27.6,4.3,Vegetative,DKC9108,14,2,32,Low
Mandya,Nagamangala,Nagamangala_Village_6,12.68214,76.93483,3,2025,22.1,36.7,4.4,21.8,5.4,Maturity,DKC9108,79,2,60,Low
Shivamogga,Shivamogga,Shivamogga_Village_9,14.07679,75.3582,11,2023,28.4,46.3,8.2,20.8,5.4,Tasseling,Pioneer 3396,55,6,6,Medium
Gadag,Nargund,Nargund_Village_9,15.42304,75.45476,7,2024,27.5,46.6,8.2,30.9,0.1,Whorl,Local Desi Maize,22,7,5,Medium
Ballari,Siruguppa,Siruguppa_Village_9,15.04971,77.02992,9,2023,20.1,40.3,1.6,25.1,0.4,Tasseling,P3501,50,0,4,Low
Haveri,Savanur,Savanur_Village_3,14.90627,75.44826,8,2023,14.9,38.5,0.2,15.7,15.7,Maturity,DHM117 (Local Hybrid),81,1,14,Low
Chikkaballapur,Sidlaghatta,Sidlaghatta_Village_4,13.44093,77.61919,11,2023,26.3,75.0,56.5,46.7,13.0,Vegetative,P3501,10,5,12,Medium
Davanagere,Channagiri,Channagiri_Village_9,14.53856,75.7161,7,2024,27.5,84.4,27.1,58.3,7.5,Whorl,Kaveri KMH-25K61,33,22,2,High
Shivamogga,Shivamogga,Shivamogga_Village_8,14.09707,75.4347,6,2024,25.4,55.6,17.8,36.2,9.1,Whorl,Rasi RCH-2,34,2,56,Medium
Chitradurga,Challakere,Challakere_Village_7,14.16717,76.30208,5,2024,31.1,57.4,9.9,32.0,4.7,Vegetative,DHM117 (Local Hybrid),14,4,33,Medium
Shivamogga,Sagar,Sagar_Village_2,13.8946,75.47502,2,2025,25.7,61.5,23.8,39.4,14.2,Tasseling,P3501,45,3,6,Medium
Davanagere,Honnali,Honnali_Village_8,14.46795,76.01493,5,2025,30.7,77.2,30.4,38.6,7.1,Maturity,Rasi RCH-2,100,7,4,Medium
Mysuru,Hunsur,Hunsur_Village_1,12.19032,76.75066,8,2024,30.7,89.4,53.3,61.9,10.6,Silking,30V92,62,13,14,High
Ballari,Sandur,Sandur_Village_9,15.27064,76.83913,6,2024,26.4,56.8,19.5,31.9,11.2,Maturity,NK6240,83,9,9,Medium
Ballari,Kudligi,Kudligi_Village_7,15.38768,76.94533,5,2025,31.5,69.5,11.7,37.7,1.4,Vegetative,P3501,21,7,20,Medium
Belagavi,Belagavi,Belagavi_Village_4,15.65759,74.72342,7,2023,24.4,52.5,37.8,33.5,8.1,Tasseling,30V92,44,2,3,Medium
Dharwad,Hubballi,Hubballi_Village_1,15.70081,74.8571,3,2025,28.5,49.9,19.0,36.1,11.3,Tasseling,Local Desi Maize,51,4,19,Medium
Chikkaballapur,Chintamani,Chintamani_Village_9,13.36008,77.74518,7,2023,31.4,90.9,91.6,66.4,4.9,Whorl,NK6240,31,16,12,High
Mysuru,Hunsur,Hunsur_Village_2,12.48922,76.6765,3,2025,28.2,78.6,10.2,42.5,6.9,Maturity,P3501,102,6,23,Medium
Shivamogga,Bhadravati,Bhadravati_Village_6,14.0212,75.53663,1,2024,27.5,57.5,13.8,35.7,11.1,Whorl,Bio9637,20,6,0,Medium
Raichur,Devadurga,Devadurga_Village_6,16.33298,77.47714,11,2024,28.7,54.4,7.3,29.8,2.6,Whorl,P3501,39,7,3,Medium
Dharwad,Navalgund,Navalgund_Village_1,15.56913,75.05368,11,2024,27.0,61.0,21.0,36.0,2.0,Whorl,Pioneer 3396,30,5,21,Medium
Ballari,Hospet,Hospet_Village_3,15.27885,77.13284,9,2025,23.5,28.3,0.2,13.5,10.2,Tasseling,P3501,41,4,26,Low
Gadag,Ron,Ron_Village_4,15.49962,75.80449,5,2023,31.9,87.1,30.2,49.8,6.2,Whorl,DHM117 (Local Hybrid),35,11,1,High
Ballari,Ballari,Ballari_Village_8,14.95518,77.05721,5,2023,27.0,64.1,17.1,32.6,5.1,Whorl,NK6240,35,4,0,Medium
Mysuru,Hunsur,Hunsur_Village_8,12.48452,76.67756,7,2025,17.9,23.3,1.7,18.1,0.2,Maturity,DKC9108,86,0,76,Low
Davanagere,Nyamathi,Nyamathi_Village_4,14.29299,75.96001,10,2023,16.1,22.9,1.6,26.6,6.6,Maturity,Pioneer 3396,92,0,73,Low
Gadag,Nargund,Nargund_Village_2,15.3099,75.49667,12,2023,28.0,58.4,4.2,31.3,12.1,Vegetative,Rasi RCH-2,16,5,2,Medium
Mandya,Maddur,Maddur_Village_8,12.61127,76.69593,12,2024,28.9,87.9,64.3,56.8,8.2,Tasseling,Pioneer 3396,47,13,0,High
Koppal,Koppal,Koppal_Village_6,15.59532,76.01203,8,2023,30.2,84.3,31.5,37.7,8.4,Whorl,30V92,38,11,0,High
Dharwad,Kalghatgi,Kalghatgi_Village_9,15.33415,74.97042,8,2024,27.7,56.8,9.9,31.5,10.7,Whorl,NK6240,40,1,18,Medium
Dharwad,Dharwad,Dharwad_Village_7,15.54883,75.07118,2,2023,31.4,87.3,36.8,51.0,9.4,Whorl,NK6240,25,10,3,High
Haveri,Ranebennur,Ranebennur_Village_9,14.99319,75.59091,5,2024,30.7,85.8,63.6,59.9,7.5,Whorl,Kaveri KMH-25K61,24,8,15,High
Hassan,Belur,Belur_Village_8,13.02614,76.21178,3,2024,19.3,36.8,0.5,12.2,2.7,Whorl,Rasi RCH-2,26,2,9,Low
Mandya,Maddur,Maddur_Village_1,12.30538,77.07235,2,2025,30.2,87.9,59.6,67.4,7.8,Whorl,Bio9637,34,11,3,High
Raichur,Raichur,Raichur_Village_2,16.28583,77.16977,3,2025,27.6,84.9,54.8,57.7,13.1,Vegetative,30V92,25,21,2,High
Haveri,Hirekerur,Hirekerur_Village_1,14.6641,75.21113,6,2024,28.6,52.5,13.7,32.5,4.1,Maturity,DKC9108,87,5,10,Medium
Shivamogga,Shikaripura,Shikaripura_Village_9,14.03653,75.34582,1,2023,30.6,64.4,14.3,22.8,9.3,Vegetative,P3501,12,3,15,Medium
Mysuru,K.R. Nagar,K.R. Nagar_Village_2,12.52431,76.4134,9,2025,18.4,23.6,0.1,17.9,9.0,Maturity,Rasi RCH-2,96,1,103,Low
Gadag,Shirahatti,Shirahatti_Village_9,15.47409,75.42493,11,2025,26.9,73.6,5.3,50.8,18.5,Vegetative,Pioneer 3396,23,4,22,Medium
Dharwad,Kundgol,Kundgol_Village_8,15.41196,74.98572,4,2023,28.6,63.6,19.4,36.7,4.4,Maturity,30V92,90,4,7,Medium
Tumakuru,Sira,Sira_Village_3,13.10388,76.98837,3,2025,26.3,58.9,27.5,42.8,11.7,Vegetative,NK6240,11,6,2,Medium
Mysuru,Hunsur,Hunsur_Village_3,12.1021,76.66476,10,2025,23.0,40.2,0.0,23.6,6.5,Tasseling,DHM117 (Local Hybrid),41,1,146,Low
Haveri,Savanur,Savanur_Village_7,14.62616,75.22428,3,2023,26.4,40.3,14.3,17.7,9.5,Silking,Kaveri KMH-25K61,58,2,3,Medium
Gadag,Gadag,Gadag_Village_3,15.67108,75.87377,8,2024,25.0,58.8,21.7,34.7,8.8,Vegetative,DHM117 (Local Hybrid),14,3,35,Medium
Dharwad,Hubballi,Hubballi_Village_8,15.32419,75.00684,2,2024,30.0,64.5,11.6,36.2,7.5,Tasseling,NK6240,48,9,4,Medium
Chikkaballapur,Gudibande,Gudibande_Village_6,13.60492,77.55034,5,2023,26.5,63.0,15.0,35.1,21.8,Vegetative,DKC9108,13,6,102,Medium
Mandya,Malavalli,Malavalli_Village_6,12.35401,76.85321,6,2023,31.9,86.8,45.0,57.0,8.3,Vegetative,Pioneer 3396,18,11,1,High
Chamarajanagar,Chamarajanagar,Chamarajanagar_Village_4,11.80818,76.84394,12,2025,31.2,61.8,15.7,31.8,6.4,Tasseling,Rasi RCH-2,49,7,1,Medium
Ballari,Hospet,Hospet_Village_8,15.11809,76.95786,7,2023,29.8,81.9,51.2,51.2,3.9,Whorl,Bio9637,29,12,40,High
Chamarajanagar,Gundlupet,Gundlupet_Village_4,11.88203,76.9348,1,2023,24.9,67.6,33.0,38.8,14.7,Whorl,Kaveri KMH-25K61,37,6,5,Medium
Chikkaballapur,Chikkaballapur,Chikkaballapur_Village_9,13.60695,77.50357,2,2025,29.3,60.6,6.9,35.2,11.3,Silking,Local Desi Maize,62,8,1,Medium
Belagavi,Belagavi,Belagavi_Village_7,15.6714,74.61266,11,2025,29.9,58.5,1.6,24.1,6.0,Maturity,Rasi RCH-2,80,5,12,Medium
Chitradurga,Molakalmuru,Molakalmuru_Village_3,14.12602,76.51779,1,2024,21.5,24.6,0.5,23.6,12.4,Maturity,Kaveri KMH-25K61,86,0,9,Low
Tumakuru,Tumakuru,Tumakuru_Village_8,13.30831,77.31381,3,2023,25.6,60.0,3.1,43.1,12.5,Tasseling,Pioneer 3396,47,4,14,Medium
Hassan,Holenarasipura,Holenarasipura_Village_1,13.15628,76.10028,7,2024,22.7,66.2,1.3,37.7,10.3,Tasseling,Pioneer 3396,43,6,12,Medium
Haveri,Haveri,Haveri_Village_2,14.55274,75.49392,12,2023,28.2,57.8,13.7,24.3,9.0,Vegetative,Rasi RCH-2,12,3,53,Medium
Raichur,Lingsugur,Lingsugur_Village_3,16.39006,77.36352,3,2024,33.1,88.7,23.7,60.0,7.3,Whorl,DKC9108,36,13,4,High
Gadag,Mundargi,Mundargi_Village_6,15.24495,75.65826,1,2024,29.8,84.7,97.1,67.3,14.2,Silking,DHM117 (Local Hybrid),64,11,0,High
Chamarajanagar,Chamarajanagar,Chamarajanagar_Village_8,12.09074,76.86813,9,2024,21.0,32.6,5.5,11.9,10.0,Silking,Bio9637,60,1,11,Low
Belagavi,Athani,Athani_Village_5,16.0734,74.25422,1,2024,26.4,47.8,9.9,22.8,12.8,Maturity,30V92,89,5,7,Medium
Shivamogga,Soraba,Soraba_Village_3,13.69485,75.57645,9,2023,25.4,64.9,4.8,29.8,6.7,Vegetative,Rasi RCH-2,13,8,9,Medium
Mandya,Mandya,Mandya_Village_5,12.73008,77.13422,1,2025,26.1,66.5,24.3,33.6,14.0,Tasseling,DHM117 (Local Hybrid),52,2,53,Medium
Hassan,Holenarasipura,Holenarasipura_Village_7,12.9805,75.91333,2,2024,21.5,32.7,0.1,19.1,10.6,Maturity,DKC9108,101,1,105,Low
Mysuru,Nanjangud,Nanjangud_Village_1,12.09055,76.84008,11,2025,20.4,34.1,4.4,15.0,8.7,Maturity,Pioneer 3396,89,2,98,Low
Dharwad,Kalghatgi,Kalghatgi_Village_4,15.49266,75.06323,6,2025,22.5,38.1,7.3,18.9,16.5,Vegetative,Local Desi Maize,19,0,54,Low
Mysuru,Piriyapatna,Piriyapatna_Village_7,12.18826,76.71258,4,2024,26.6,58.6,37.5,37.0,7.8,Whorl,P3501,34,7,22,Medium
Hassan,Belur,Belur_Village_3,12.83597,76.18588,6,2024,21.0,71.9,42.5,48.0,10.7,Whorl,Local Desi Maize,35,3,10,Medium
Tumakuru,Madhugiri,Madhugiri_Village_9,13.49979,77.3362,7,2023,19.1,42.4,0.0,22.2,7.4,Maturity,Rasi RCH-2,90,1,28,Low
Davanagere,Nyamathi,Nyamathi_Village_3,14.33883,76.10447,1,2023,32.3,96.7,36.7,56.4,11.6,Silking,Pioneer 3396,56,16,4,High
Haveri,Byadagi,Byadagi_Village_8,14.66264,75.5545,3,2023,24.5,72.2,10.8,39.8,9.5,Tasseling,Local Desi Maize,41,7,89,Medium
Haveri,Hirekerur,Hirekerur_Village_3,14.81677,75.24312,12,2023,33.6,92.0,12.1,50.1,5.9,Whorl,NK6240,30,25,1,High
Koppal,Gangavathi,Gangavathi_Village_2,15.59423,75.95706,5,2024,29.1,52.7,28.3,22.6,5.5,Silking,Local Desi Maize,62,4,13,Medium
Chitradurga,Challakere,Challakere_Village_8,14.16143,76.52539,7,2024,30.1,82.7,44.3,60.1,11.9,Whorl,Bio9637,35,8,18,High
Mandya,Nagamangala,Nagamangala_Village_9,12.60596,77.14412,12,2025,20.1,27.0,0.6,17.6,4.1,Silking,P3501,60,1,0,Low
Mysuru,Mysuru,Mysuru_Village_7,12.35677,76.58561,6,2024,22.7,30.3,0.1,19.1,4.6,Silking,Local Desi Maize,56,2,37,Low
Shivamogga,Shivamogga,Shivamogga_Village_4,13.87437,75.37755,2,2025,25.7,66.3,10.1,42.4,18.8,Silking,P3501,65,7,17,Medium
Koppal,Kushtagi,Kushtagi_Village_7,15.59855,76.37298,12,2024,27.6,59.6,32.5,38.3,9.1,Whorl,30V92,21,3,22,Medium
Gadag,Ron,Ron_Village_2,15.52193,75.75628,2,2025,30.1,49.2,5.1,25.8,4.9,Maturity,Local Desi Maize,108,4,0,Medium
Davanagere,Honnali,Honnali_Village_1,14.6183,75.73006,7,2024,25.3,72.6,10.4,34.3,11.8,Maturity,Pioneer 3396,80,3,17,Medium
Chikkaballapur,Chintamani,Chintamani_Village_4,13.21484,77.93005,5,2025,24.0,53.2,8.4,31.1,6.6,Silking,Kaveri KMH-25K61,56,5,64,Medium
Davanagere,Channagiri,Channagiri_Village_1,14.54147,75.69485,8,2023,28.3,65.2,11.7,30.4,5.7,Silking,Local Desi Maize,60,9,13,Medium
Chikkaballapur,Gudibande,Gudibande_Village_4,13.31895,77.71468,12,2023,20.3,35.1,1.3,16.1,10.3,Silking,Bio9637,68,1,79,Low
Tumakuru,Pavagada,Pavagada_Village_9,13.44182,77.26916,9,2024,28.8,89.4,82.6,57.1,11.3,Whorl,Pioneer 3396,27,14,7,High
Mysuru,Mysuru,Mysuru_Village_6,12.13631,76.65149,5,2024,25.9,67.9,3.3,39.8,4.9,Whorl,Local Desi Maize,20,4,18,Medium
Shivamogga,Bhadravati,Bhadravati_Village_2,13.71124,75.54028,8,2024,31.2,42.4,0.4,26.7,12.5,Silking,Pioneer 3396,70,0,122,Low
Chitradurga,Molakalmuru,Molakalmuru_Village_5,14.05735,76.46764,10,2024,28.3,61.0,16.7,29.7,14.9,Vegetative,Pioneer 3396,17,4,18,Medium
Koppal,Gangavathi,Gangavathi_Village_6,15.28638,76.40276,10,2025,32.4,71.6,48.8,47.1,6.1,Whorl,NK6240,36,7,5,High
Chikkaballapur,Chintamani,Chintamani_Village_2,13.64497,77.64629,8,2024,32.5,84.9,24.0,46.7,13.8,Whorl,DHM117 (Local Hybrid),32,10,6,High
Haveri,Hirekerur,Hirekerur_Village_4,14.95146,75.60111,8,2025,24.3,25.7,2.4,17.0,15.8,Maturity,NK6240,105,2,29,Low
Chamarajanagar,Yelandur,Yelandur_Village_9,11.79255,77.16861,5,2025,22.8,42.1,15.4,20.1,4.9,Whorl,DKC9108,21,3,62,Medium
Mysuru,Nanjangud,Nanjangud_Village_4,12.3936,76.62506,10,2023,31.6,92.1,32.7,58.8,3.5,Whorl,NK6240,35,16,4,High
Mandya,Maddur,Maddur_Village_9,12.52854,77.07561,1,2025,29.6,35.3,6.3,17.9,6.7,Tasseling,Kaveri KMH-25K61,48,9,5,Medium
Koppal,Koppal,Koppal_Village_4,15.19137,76.17195,2,2025,23.6,43.9,2.5,26.2,11.0,Tasseling,Kaveri KMH-25K61,40,1,3,Low
Belagavi,Saundatti,Saundatti_Village_4,16.03596,74.53712,1,2024,30.0,75.1,7.6,39.0,12.6,Silking,DHM117 (Local Hybrid),62,4,38,Medium
Belagavi,Saundatti,Saundatti_Village_7,15.91307,74.45605,1,2023,28.9,71.7,6.4,44.0,8.1,Tasseling,30V92,42,5,0,Medium
Haveri,Hirekerur,Hirekerur_Village_3,14.55687,75.39809,11,2024,24.6,29.9,6.5,19.1,9.5,Tasseling,Rasi RCH-2,54,2,121,Low
Koppal,Gangavathi,Gangavathi_Village_8,15.19996,76.1256,1,2025,27.2,44.6,7.2,26.1,11.5,Tasseling,Bio9637,46,2,35,Medium
Tumakuru,Tumakuru,Tumakuru_Village_5,13.16149,77.00758,2,2025,30.6,71.3,34.0,45.2,9.1,Tasseling,NK6240,42,9,19,Medium
Ballari,Sandur,Sandur_Village_5,15.16846,76.91475,2,2024,25.1,68.1,4.4,38.5,12.2,Tasseling,30V92,42,4,32,Medium
Ballari,Hospet,Hospet_Village_3,15.05953,76.979,8,2023,37.0,81.9,38.2,44.6,4.9,Vegetative,Local Desi Maize,14,6,3,High
Koppal,Gangavathi,Gangavathi_Village_6,15.49926,76.34152,2,2025,28.2,74.8,11.7,32.8,7.0,Whorl,P3501,27,8,13,Medium
Dharwad,Kalghatgi,Kalghatgi_Village_3,15.61929,74.98313,5,2024,21.1,21.8,1.0,12.9,14.7,Silking,NK6240,59,3,43,Low
Gadag,Ron,Ron_Village_2,15.53464,75.45805,1,2025,21.9,39.7,13.3,20.8,11.6,Tasseling,Local Desi Maize,41,1,141,Low
Dharwad,Navalgund,Navalgund_Village_7,15.31342,75.16558,9,2023,29.8,67.1,19.2,40.4,12.1,Maturity,30V92,97,8,19,Medium
Shivamogga,Sagar,Sagar_Village_6,13.83817,75.4702,3,2025,19.7,35.5,0.3,17.6,15.7,Silking,Rasi RCH-2,60,2,130,Low
Haveri,Hirekerur,Hirekerur_Village_8,14.96182,75.38808,2,2025,27.2,57.7,30.7,32.5,5.5,Vegetative,P3501,18,6,12,Medium
Raichur,Devadurga,Devadurga_Village_7,15.97079,77.3853,4,2025,25.8,51.1,16.2,25.6,0.0,Silking,P3501,66,2,80,Medium
Chitradurga,Holalkere,Holalkere_Village_4,14.12227,76.2306,10,2024,29.3,85.5,31.1,45.5,3.8,Vegetative,Rasi RCH-2,16,12,1,High
Hassan,Holenarasipura,Holenarasipura_Village_1,13.12237,76.21226,9,2025,28.0,83.9,34.4,54.9,9.9,Whorl,30V92,34,14,5,High
Gadag,Mundargi,Mundargi_Village_9,15.43673,75.5454,10,2024,28.6,88.2,51.1,62.5,6.7,Whorl,DKC9108,31,20,2,High
Shivamogga,Sagar,Sagar_Village_8,13.78082,75.48699,10,2025,19.2,23.0,0.8,25.0,5.1,Maturity,P3501,106,2,45,Low
Shivamogga,Shikaripura,Shikaripura_Village_2,13.98501,75.50927,7,2024,33.4,84.1,32.6,50.5,3.0,Whorl,DKC9108,27,7,5,High
Shivamogga,Shikaripura,Shikaripura_Village_6,13.68019,75.50899,1,2023,21.8,42.8,0.8,17.5,5.8,Maturity,Pioneer 3396,85,2,66,Low
Belagavi,Saundatti,Saundatti_Village_1,15.96609,74.65802,11,2024,19.0,29.0,6.2,16.5,9.9,Silking,DKC9108,70,2,6,Low
Davanagere,Honnali,Honnali_Village_6,14.38094,75.90594,5,2023,24.3,60.5,59.7,51.6,12.7,Tasseling,NK6240,55,4,9,Medium
Chitradurga,Hiriyur,Hiriyur_Village_4,14.01804,76.22958,4,2024,27.1,67.6,23.9,36.5,12.7,Tasseling,Rasi RCH-2,42,11,42,Medium
Shivamogga,Bhadravati,Bhadravati_Village_5,13.73355,75.39571,9,2024,18.4,38.0,0.0,22.9,14.8,Tasseling,Rasi RCH-2,47,1,20,Low
Mysuru,Hunsur,Hunsur_Village_7,12.04862,76.889,3,2024,35.3,84.8,32.5,47.0,8.1,Vegetative,P3501,22,8,10,High
Raichur,Raichur,Raichur_Village_1,16.35811,77.48408,6,2024,30.9,84.0,15.7,42.8,10.7,Whorl,DKC9108,38,13,10,High
Mandya,Maddur,Maddur_Village_2,12.62291,76.73355,1,2023,25.6,52.0,12.7,30.1,6.7,Tasseling,DKC9108,48,8,40,Medium
Hassan,Belur,Belur_Village_6,13.2154,75.89613,7,2025,26.3,73.8,20.3,45.3,12.0,Maturity,Pioneer 3396,108,5,0,Medium
Tumakuru,Madhugiri,Madhugiri_Village_4,13.43653,77.21438,5,2024,29.6,85.0,21.9,43.9,8.3,Whorl,Bio9637,29,15,0,High
Mysuru,Piriyapatna,Piriyapatna_Village_2,12.48818,76.67113,10,2023,28.6,50.3,7.1,30.2,9.5,Whorl,Local Desi Maize,20,6,19,Medium
Belagavi,Ramdurg,Ramdurg_Village_2,15.76846,74.73001,12,2024,33.8,76.4,31.9,55.7,8.4,Whorl,DHM117 (Local Hybrid),29,17,6,High
Mandya,Nagamangala,Nagamangala_Village_2,12.6769,76.87536,9,2025,28.1,98.0,35.3,59.7,13.6,Whorl,DHM117 (Local Hybrid),22,10,0,High
Chamarajanagar,Yelandur,Yelandur_Village_4,11.69213,76.94448,12,2024,29.2,68.4,34.1,43.4,14.3,Whorl,30V92,25,4,3,Medium
Ballari,Kudligi,Kudligi_Village_5,15.18093,77.09667,3,2024,27.4,82.4,15.6,51.6,1.2,Whorl,Kaveri KMH-25K61,27,3,23,Medium
Mandya,Pandavapura,Pandavapura_Village_2,12.71042,76.77739,9,2024,32.7,86.5,18.5,41.9,0.5,Vegetative,Pioneer 3396,19,17,1,High
Koppal,Yelburga,Yelburga_Village_6,15.36227,75.96992,8,2024,26.6,30.6,3.3,21.7,10.5,Maturity,Local Desi Maize,86,0,32,Low
Koppal,Koppal,Koppal_Village_8,15.15939,76.21021,7,2024,24.8,58.1,13.8,31.4,6.7,Whorl,DKC9108,36,12,61,Medium
Dharwad,Dharwad,Dharwad_Village_6,15.37727,75.16976,1,2025,19.4,53.9,2.9,36.1,4.1,Maturity,P3501,98,3,34,Low
Raichur,Devadurga,Devadurga_Village_6,16.23466,77.48137,4,2024,35.0,74.9,18.9,44.0,0.6,Vegetative,DKC9108,12,17,16,High
Gadag,Mundargi,Mundargi_Village_6,15.52314,75.79085,6,2025,15.8,38.0,0.3,15.1,13.9,Vegetative,NK6240,20,0,75,Low
Davanagere,Jagalur,Jagalur_Village_5,14.45557,76.13308,8,2024,31.5,58.4,16.1,26.6,11.2,Whorl,DHM117 (Local Hybrid),24,3,37,Medium
Dharwad,Dharwad,Dharwad_Village_2,15.38899,75.19221,10,2023,30.7,87.8,30.4,59.5,10.5,Whorl,DHM117 (Local Hybrid),28,12,0,High
Ballari,Siruguppa,Siruguppa_Village_9,15.36737,77.08734,11,2023,27.1,51.2,12.3,36.0,4.8,Silking,Rasi RCH-2,69,7,4,Medium
Davanagere,Honnali,Honnali_Village_3,14.28623,76.00272,4,2023,20.9,38.9,2.7,14.5,13.6,Maturity,DHM117 (Local Hybrid),80,0,180,Low
Belagavi,Saundatti,Saundatti_Village_6,15.7341,74.4294,11,2023,26.2,78.2,10.5,33.8,12.3,Maturity,P3501,81,5,31,Medium
Chikkaballapur,Chintamani,Chintamani_Village_7,13.26222,77.60053,1,2025,25.9,55.5,21.2,31.9,11.8,Whorl,Rasi RCH-2,31,7,13,Medium
Mandya,Pandavapura,Pandavapura_Village_5,12.36316,76.66464,11,2025,23.0,34.2,0.2,16.5,12.8,Vegetative,30V92,12,0,18,Low
Chikkaballapur,Chintamani,Chintamani_Village_7,13.22663,77.9659,2,2024,29.8,85.8,6.4,55.5,10.4,Whorl,Local Desi Maize,23,17,0,High
Hassan,Holenarasipura,Holenarasipura_Village_5,13.21596,75.98782,2,2025,25.2,72.5,0.6,41.3,11.9,Maturity,DHM117 (Local Hybrid),78,6,42,Medium
Chikkaballapur,Chintamani,Chintamani_Village_1,13.33948,77.88067,1,2023,26.3,41.1,0.2,25.1,17.0,Maturity,30V92,105,2,117,Low
Ballari,Ballari,Ballari_Village_7,15.32493,77.12806,2,2023,23.4,67.2,6.8,43.9,9.8,Vegetative,Bio9637,23,8,35,Medium
Tumakuru,Tumakuru,Tumakuru_Village_9,13.50193,77.18927,8,2023,27.4,68.2,17.5,44.3,15.9,Vegetative,30V92,14,5,43,Medium
Shivamogga,Shivamogga,Shivamogga_Village_3,13.98376,75.71225,11,2024,23.8,31.9,1.2,16.3,8.3,Maturity,Pioneer 3396,92,0,52,Low
Ballari,Kudligi,Kudligi_Village_1,14.92028,76.69003,7,2023,23.6,46.3,11.3,35.3,6.7,Vegetative,Bio9637,23,4,26,Medium
Chitradurga,Chitradurga,Chitradurga_Village_8,14.25774,76.35345,4,2025,21.1,43.9,0.9,28.8,9.4,Tasseling,NK6240,48,0,85,Low
Gadag,Nargund,Nargund_Village_2,15.29003,75.75251,12,2025,23.3,66.8,20.8,40.4,14.2,Maturity,DKC9108,100,6,5,Medium
Ballari,Hospet,Hospet_Village_3,14.96958,77.1487,4,2024,23.3,29.1,0.2,16.9,5.8,Tasseling,Rasi RCH-2,53,1,8,Low
Koppal,Kushtagi,Kushtagi_Village_1,15.16433,76.40202,6,2024,28.0,30.5,0.2,12.0,4.8,Maturity,DHM117 (Local Hybrid),82,1,35,Low
Mandya,Maddur,Maddur_Village_8,12.66784,76.98486,2,2023,25.3,70.9,7.9,40.1,11.7,Whorl,DHM117 (Local Hybrid),26,4,9,Medium
Chikkaballapur,Chintamani,Chintamani_Village_5,13.44585,77.64113,2,2025,17.8,29.9,0.3,5.7,9.3,Silking,30V92,63,1,27,Low
Chamarajanagar,Kollegal,Kollegal_Village_7,11.83447,77.03077,8,2025,30.6,40.3,9.1,20.5,11.0,Whorl,DHM117 (Local Hybrid),33,2,37,Medium
Mysuru,Hunsur,Hunsur_Village_8,12.05781,76.53074,1,2024,27.5,53.7,9.4,26.4,7.7,Whorl,NK6240,20,6,16,Medium
Belagavi,Chikkodi,Chikkodi_Village_6,15.6398,74.57636,11,2024,31.7,88.3,57.2,54.8,5.2,Vegetative,P3501,20,15,9,High
Raichur,Devadurga,Devadurga_Village_5,16.119,77.23743,4,2023,26.0,64.6,22.4,36.1,7.2,Tasseling,Pioneer 3396,47,4,19,Medium
Gadag,Shirahatti,Shirahatti_Village_8,15.64075,75.86322,4,2024,24.9,66.0,7.7,32.6,8.8,Tasseling,P3501,50,3,2,Medium
Dharwad,Hubballi,Hubballi_Village_9,15.37582,74.98981,2,2025,32.4,51.3,19.3,26.9,7.7,Whorl,DKC9108,31,2,1,Medium
Haveri,Haveri,Haveri_Village_4,14.97524,75.43288,3,2025,27.6,70.2,13.6,44.5,0.7,Whorl,Bio9637,36,4,23,Medium
Ballari,Kudligi,Kudligi_Village_6,15.01213,76.90159,8,2023,22.9,58.9,20.5,32.2,6.0,Whorl,Local Desi Maize,20,5,51,Medium
Chamarajanagar,Kollegal,Kollegal_Village_4,11.70745,77.17187,3,2025,26.0,67.2,8.4,44.0,10.3,Vegetative,DKC9108,25,8,40,Medium
Belagavi,Ramdurg,Ramdurg_Village_8,16.06712,74.25552,9,2024,30.0,85.8,50.9,49.2,7.3,Whorl,Bio9637,36,17,8,High
Ballari,Ballari,Ballari_Village_4,15.22918,76.9789,7,2023,19.3,41.3,0.0,24.4,15.8,Maturity,Bio9637,80,1,180,Low
Chamarajanagar,Chamarajanagar,Chamarajanagar_Village_3,11.9715,76.74651,4,2025,28.4,42.6,8.4,29.1,14.5,Tasseling,Kaveri KMH-25K61,50,3,11,Medium
Raichur,Raichur,Raichur_Village_9,16.40931,77.11644,12,2024,20.1,75.5,5.5,45.1,7.2,Whorl,P3501,29,6,8,Medium
Haveri,Byadagi,Byadagi_Village_5,14.99161,75.29029,1,2024,22.4,58.3,6.7,32.9,8.8,Silking,Bio9637,67,8,10,Medium
Shivamogga,Soraba,Soraba_Village_8,13.90583,75.4363,1,2023,31.1,87.7,96.5,63.5,4.1,Whorl,DKC9108,25,16,17,High
Belagavi,Ramdurg,Ramdurg_Village_7,15.61991,74.68772,10,2024,25.8,73.2,9.0,45.2,21.1,Maturity,Pioneer 3396,104,4,49,Medium
Davanagere,Davanagere,Davanagere_Village_1,14.60412,75.88801,8,2023,31.2,78.3,32.8,52.3,8.0,Whorl,Bio9637,28,11,7,High
Haveri,Shiggaon,Shiggaon_Village_5,14.61681,75.23084,10,2025,23.9,65.9,23.9,38.7,7.5,Vegetative,P3501,23,6,25,Medium
Mysuru,Piriyapatna,Piriyapatna_Village_9,12.27587,76.51287,4,2023,27.1,54.6,17.9,32.0,8.2,Silking,Kaveri KMH-25K61,55,4,5,Medium
Tumakuru,Tumakuru,Tumakuru_Village_8,13.1245,77.07026,3,2025,31.2,69.1,16.1,33.2,3.1,Maturity,Rasi RCH-2,85,3,51,Medium
Tumakuru,Pavagada,Pavagada_Village_8,13.48162,77.12374,10,2024,20.8,30.1,1.5,30.1,14.9,Tasseling,Local Desi Maize,48,1,132,Low
Dharwad,Kalghatgi,Kalghatgi_Village_3,15.43405,74.80064,2,2025,25.7,68.5,6.6,34.1,10.4,Maturity,Rasi RCH-2,98,7,53,Medium
Ballari,Siruguppa,Siruguppa_Village_4,15.01348,76.90925,3,2023,29.1,55.5,13.8,39.5,7.1,Silking,NK6240,59,4,62,Medium
Koppal,Yelburga,Yelburga_Village_9,15.1107,76.39445,6,2024,34.7,85.7,28.3,48.9,10.8,Silking,NK6240,55,15,0,High
Tumakuru,Sira,Sira_Village_6,13.42963,76.90927,7,2023,34.6,84.3,34.5,40.4,2.6,Vegetative,DKC9108,21,17,0,High
Gadag,Ron,Ron_Village_2,15.1842,75.67292,11,2023,30.0,91.4,17.9,44.1,9.0,Whorl,Kaveri KMH-25K61,25,19,10,High
Hassan,Belur,Belur_Village_8,12.75879,76.30247,12,2023,18.2,33.3,12.0,14.3,15.9,Silking,DHM117 (Local Hybrid),63,1,166,Low
Mandya,Mandya,Mandya_Village_2,12.31532,76.93416,2,2025,24.2,62.3,5.1,31.2,2.2,Whorl,P3501,28,6,101,Medium
Chamarajanagar,Chamarajanagar,Chamarajanagar_Village_2,11.92753,76.85775,5,2023,25.1,20.3,0.2,11.4,10.4,Maturity,Pioneer 3396,93,2,15,Low
Chikkaballapur,Chintamani,Chintamani_Village_2,13.388,77.50095,4,2025,25.4,22.1,3.0,10.5,10.6,Maturity,DHM117 (Local Hybrid),87,0,25,Low
Raichur,Devadurga,Devadurga_Village_3,16.16823,77.09966,3,2023,27.7,66.1,39.0,49.3,10.4,Vegetative,Rasi RCH-2,16,5,47,Medium
Chikkaballapur,Chikkaballapur,Chikkaballapur_Village_3,13.63207,77.9197,8,2025,24.3,58.6,14.9,32.1,9.4,Vegetative,Rasi RCH-2,17,9,1,Medium
Chitradurga,Hiriyur,Hiriyur_Village_9,14.14855,76.55744,10,2023,29.8,61.7,30.7,28.9,6.1,Whorl,P3501,33,3,12,Medium
Gadag,Shirahatti,Shirahatti_Village_1,15.54103,75.56569,10,2024,20.3,34.9,0.4,17.5,12.3,Tasseling,DKC9108,44,1,60,Low
Shivamogga,Shivamogga,Shivamogga_Village_2,13.75168,75.49874,1,2024,23.1,24.2,2.1,16.7,2.7,Maturity,DKC9108,98,2,10,Low
Koppal,Koppal,Koppal_Village_4,15.54379,76.11265,3,2025,29.8,53.8,49.8,44.9,4.8,Whorl,Local Desi Maize,21,1,11,Medium
Belagavi,Chikkodi,Chikkodi_Village_3,15.87597,74.60862,9,2025,33.7,79.9,66.6,45.7,15.1,Tasseling,Kaveri KMH-25K61,43,12,5,High
Chamarajanagar,Chamarajanagar,Chamarajanagar_Village_8,12.1326,77.06298,5,2025,25.1,50.2,9.6,30.8,10.8,Whorl,P3501,20,4,7,Medium
Tumakuru,Tumakuru,Tumakuru_Village_2,13.21158,77.1071,9,2023,33.6,79.2,11.8,54.7,8.0,Whorl,Local Desi Maize,32,13,2,High
Hassan,Hassan,Hassan_Village_1,12.78555,75.89996,5,2025,19.1,31.3,0.4,17.1,8.5,Silking,Pioneer 3396,69,4,180,Low
Chikkaballapur,Sidlaghatta,Sidlaghatta_Village_9,13.20413,77.93061,1,2024,23.9,26.7,1.1,5.0,6.7,Maturity,Local Desi Maize,77,0,43,Low
Davanagere,Channagiri,Channagiri_Village_5,14.31591,75.90624,1,2023,30.2,51.0,0.9,33.3,6.9,Tasseling,30V92,45,3,16,Medium
Belagavi,Chikkodi,Chikkodi_Village_2,15.71957,74.24961,5,2025,25.5,44.1,5.9,18.0,11.8,Whorl,30V92,22,6,0,Medium
Haveri,Ranebennur,Ranebennur_Village_4,14.62398,75.4048,10,2023,25.4,63.6,24.1,48.2,6.9,Vegetative,DKC9108,11,6,8,Medium
Tumakuru,Pavagada,Pavagada_Village_6,13.3024,76.94839,1,2023,15.6,29.8,1.3,17.5,11.5,Maturity,Pioneer 3396,104,1,9,Low
Shivamogga,Bhadravati,Bhadravati_Village_2,13.90681,75.36438,5,2025,25.6,66.7,10.0,40.2,10.9,Silking,NK6240,67,3,8,Medium
Davanagere,Davanagere,Davanagere_Village_1,14.68449,75.81635,8,2025,33.2,78.9,33.1,57.9,12.6,Whorl,NK6240,24,11,1,High
Mysuru,Mysuru,Mysuru_Village_1,12.42317,76.5709,5,2024,28.6,47.9,4.9,19.7,7.6,Whorl,DHM117 (Local Hybrid),37,0,22,Medium
Hassan,Arsikere,Arsikere_Village_9,12.82253,76.08275,4,2025,25.6,49.1,18.3,23.1,12.4,Whorl,P3501,33,7,17,Medium
Koppal,Kushtagi,Kushtagi_Village_8,15.21417,76.31685,11,2024,22.9,52.2,0.1,20.3,8.6,Maturity,30V92,108,3,16,Low
Belagavi,Chikkodi,Chikkodi_Village_1,15.88261,74.65241,12,2024,22.0,47.7,1.0,16.2,9.9,Whorl,30V92,27,0,180,Low
Ballari,Kudligi,Kudligi_Village_1,15.0615,77.00772,3,2023,23.0,45.8,9.9,32.2,14.9,Whorl,Kaveri KMH-25K61,24,4,54,Medium
Ballari,Ballari,Ballari_Village_8,15.14214,77.09856,1,2024,29.9,93.0,28.1,59.5,5.6,Whorl,Pioneer 3396,35,13,6,High
Davanagere,Jagalur,Jagalur_Village_6,14.43986,76.09349,3,2023,24.7,61.8,7.8,35.9,5.6,Vegetative,Pioneer 3396,15,5,11,Medium
Tumakuru,Tiptur,Tiptur_Village_1,13.33939,76.97186,8,2023,32.1,92.7,55.9,55.9,5.1,Vegetative,Rasi RCH-2,24,23,0,High
Gadag,Nargund,Nargund_Village_7,15.58037,75.77996,3,2025,30.2,68.5,18.0,40.8,6.3,Whorl,Pioneer 3396,38,5,25,Medium
Tumakuru,Pavagada,Pavagada_Village_8,13.3873,77.14221,4,2025,21.4,42.8,1.9,20.5,10.6,Vegetative,NK6240,16,0,135,Low
Raichur,Devadurga,Devadurga_Village_2,16.02054,77.31126,12,2024,24.9,49.3,0.6,32.4,10.6,Maturity,Rasi RCH-2,81,0,11,Low
Chamarajanagar,Yelandur,Yelandur_Village_9,11.71817,76.74506,5,2023,29.4,50.8,9.8,31.3,16.6,Whorl,Bio9637,32,6,3,Medium
Davanagere,Davanagere,Davanagere_Village_5,14.62011,76.13956,7,2023,17.1,31.6,11.1,29.5,11.7,Maturity,Rasi RCH-2,79,1,31,Low
Haveri,Shiggaon,Shiggaon_Village_1,14.61666,75.5929,1,2025,30.1,81.3,95.8,61.5,5.6,Whorl,Rasi RCH-2,22,15,8,High
Shivamogga,Shivamogga,Shivamogga_Village_5,13.86542,75.78497,9,2024,28.4,54.5,18.2,33.2,12.3,Tasseling,Kaveri KMH-25K61,41,5,16,Medium
Tumakuru,Tumakuru,Tumakuru_Village_1,13.57733,76.93083,11,2023,33.0,75.3,13.5,44.8,7.1,Whorl,Kaveri KMH-25K61,28,20,0,High
Hassan,Hassan,Hassan_Village_5,13.07175,76.29924,8,2024,29.8,88.8,22.4,44.3,6.0,Whorl,NK6240,37,12,2,High
Mandya,Nagamangala,Nagamangala_Village_7,12.67201,76.97374,11,2023,27.7,61.3,29.8,37.9,11.1,Vegetative,DKC9108,16,7,12,Medium
Tumakuru,Madhugiri,Madhugiri_Village_8,13.5397,76.92182,8,2023,30.3,87.3,57.9,61.9,5.2,Whorl,NK6240,31,18,0,High
Ballari,Kudligi,Kudligi_Village_7,15.08481,76.75422,2,2024,23.1,58.1,4.0,22.1,10.8,Maturity,NK6240,84,5,13,Medium
Davanagere,Davanagere,Davanagere_Village_4,14.36697,75.96809,1,2025,31.7,87.4,54.9,52.2,1.8,Vegetative,NK6240,22,11,10,High
Ballari,Sandur,Sandur_Village_6,15.1795,76.77401,2,2025,27.7,69.9,2.1,50.6,13.7,Whorl,Bio9637,33,3,5,Medium
Hassan,Arsikere,Arsikere_Village_3,12.8211,75.98393,7,2023,23.1,15.0,0.9,8.0,8.6,Maturity,Rasi RCH-2,86,0,21,Low
Ballari,Hospet,Hospet_Village_4,15.14884,76.79697,8,2024,33.1,86.8,13.1,54.9,5.2,Vegetative,Local Desi Maize,17,14,1,High
Tumakuru,Sira,Sira_Village_8,13.2274,77.27985,6,2023,23.3,58.8,6.3,39.5,12.5,Tasseling,30V92,47,6,30,Medium
Dharwad,Navalgund,Navalgund_Village_8,15.50569,75.20823,1,2023,21.2,21.3,0.9,15.2,8.5,Silking,P3501,58,0,9,Low
Chikkaballapur,Gudibande,Gudibande_Village_9,13.30762,77.70038,9,2024,17.7,47.8,1.1,20.9,4.8,Maturity,Pioneer 3396,82,1,44,Low
Belagavi,Athani,Athani_Village_9,16.01254,74.32864,8,2024,34.0,84.9,63.3,54.6,12.2,Vegetative,DKC9108,18,18,2,High
Koppal,Kushtagi,Kushtagi_Village_1,15.37397,76.28513,2,2025,34.0,85.9,104.9,75.0,6.6,Silking,30V92,60,16,1,High
Mandya,Nagamangala,Nagamangala_Village_8,12.74467,77.13585,10,2024,20.0,24.8,0.1,12.8,17.0,Whorl,Bio9637,35,2,56,Low
Davanagere,Jagalur,Jagalur_Village_6,14.40563,76.15615,1,2023,32.8,87.2,43.1,58.3,7.0,Vegetative,Bio9637,20,14,7,High
Shivamogga,Bhadravati,Bhadravati_Village_1,13.70525,75.44758,6,2023,22.6,56.1,15.6,29.5,11.7,Tasseling,DHM117 (Local Hybrid),45,5,31,Medium
Koppal,Yelburga,Yelburga_Village_7,15.43559,76.28685,5,2025,21.8,29.3,0.2,16.6,0.0,Silking,Bio9637,66,1,130,Low
Tumakuru,Sira,Sira_Village_1,13.54932,76.89515,12,2023,26.0,68.6,12.4,30.5,7.6,Silking,DHM117 (Local Hybrid),62,8,71,Medium
Dharwad,Navalgund,Navalgund_Village_9,15.58966,74.80617,3,2023,31.6,76.1,14.6,41.2,14.3,Whorl,DHM117 (Local Hybrid),31,5,2,High
Koppal,Kushtagi,Kushtagi_Village_3,15.3707,76.05336,2,2023,25.6,50.4,27.5,27.4,2.5,Whorl,NK6240,20,3,23,Medium
Davanagere,Channagiri,Channagiri_Village_7,14.35717,75.91366,10,2025,22.6,77.8,6.1,50.6,12.1,Tasseling,Pioneer 3396,43,6,12,Medium
Raichur,Manvi,Manvi_Village_1,16.16802,77.47809,10,2023,34.3,95.7,51.2,69.9,8.6,Whorl,Local Desi Maize,28,10,11,High
Dharwad,Kalghatgi,Kalghatgi_Village_9,15.62639,74.8725,5,2023,20.3,77.0,19.2,48.2,8.2,Whorl,NK6240,27,5,0,Medium
Koppal,Gangavathi,Gangavathi_Village_1,15.53019,76.2149,1,2023,33.0,76.9,31.0,27.7,6.3,Whorl,P3501,32,9,4,High
Haveri,Haveri,Haveri_Village_5,14.82423,75.18349,6,2025,23.6,59.3,7.8,28.6,5.1,Maturity,DKC9108,107,9,8,Medium
Haveri,Ranebennur,Ranebennur_Village_6,15.0126,75.31696,11,2024,31.0,84.0,77.7,55.5,5.5,Silking,Kaveri KMH-25K61,64,18,0,High
Raichur,Devadurga,Devadurga_Village_9,16.27752,77.41215,6,2024,30.8,67.5,4.2,38.8,7.0,Maturity,Pioneer 3396,80,7,15,Medium
Raichur,Lingsugur,Lingsugur_Village_5,16.14275,77.43864,6,2024,23.1,34.6,1.7,21.0,17.7,Silking,P3501,59,0,39,Low
Ballari,Sandur,Sandur_Village_7,15.08851,77.13009,3,2025,28.6,55.5,11.3,31.3,4.1,Whorl,Rasi RCH-2,36,2,96,Medium
Chitradurga,Hiriyur,Hiriyur_Village_7,14.44556,76.49482,11,2024,23.9,45.3,2.4,22.7,5.9,Silking,30V92,68,2,17,Medium
Tumakuru,Tiptur,Tiptur_Village_8,13.36149,76.9741,4,2024,31.3,78.2,84.6,61.2,8.8,Whorl,Pioneer 3396,35,12,5,High
Haveri,Hirekerur,Hirekerur_Village_3,14.58072,75.40662,3,2024,14.0,30.5,0.0,22.7,8.9,Silking,Bio9637,59,3,2,Low
Mysuru,Mysuru,Mysuru_Village_1,12.32987,76.754,4,2025,23.0,44.2,1.4,23.7,8.5,Vegetative,Bio9637,22,4,50,Medium
Chamarajanagar,Yelandur,Yelandur_Village_9,12.03613,76.89609,11,2024,19.1,29.2,10.9,13.6,9.8,Maturity,30V92,80,0,47,Low
Raichur,Manvi,Manvi_Village_8,16.14456,77.34096,7,2025,23.1,68.8,18.6,40.8,10.8,Whorl,NK6240,32,2,14,Medium
Dharwad,Hubballi,Hubballi_Village_2,15.54256,75.19421,8,2023,21.5,21.2,0.2,12.9,14.5,Vegetative,Rasi RCH-2,24,0,132,Low
Shivamogga,Sagar,Sagar_Village_6,14.00254,75.67871,1,2023,24.1,17.2,1.0,16.9,13.8,Tasseling,NK6240,42,3,29,Low
Haveri,Ranebennur,Ranebennur_Village_8,14.77598,75.62035,11,2025,31.1,64.1,8.3,30.4,5.7,Silking,DHM117 (Local Hybrid),59,8,13,Medium
Mandya,Maddur,Maddur_Village_6,12.5073,77.09282,6,2025,26.5,52.8,15.9,28.0,4.3,Tasseling,30V92,40,2,46,Medium
Ballari,Kudligi,Kudligi_Village_5,15.00414,76.8475,7,2025,35.0,85.7,22.7,41.0,9.2,Silking,P3501,62,15,3,High
Chitradurga,Chitradurga,Chitradurga_Village_6,14.05115,76.15719,1,2023,29.8,72.8,17.2,44.8,15.0,Maturity,NK6240,90,7,6,Medium
Chitradurga,Challakere,Challakere_Village_8,14.26008,76.5103,5,2025,25.5,64.4,18.5,38.8,5.0,Vegetative,NK6240,17,5,2,Medium
Ballari,Hospet,Hospet_Village_9,15.02212,76.83562,6,2024,31.6,60.6,13.5,38.4,11.9,Silking,Local Desi Maize,55,8,21,Medium
Hassan,Holenarasipura,Holenarasipura_Village_3,12.8422,75.88018,3,2024,23.1,28.4,7.4,14.4,13.8,Maturity,P3501,89,5,17,Low
Tumakuru,Tiptur,Tiptur_Village_3,13.40544,77.16812,6,2023,30.7,91.9,38.7,61.8,8.1,Whorl,Rasi RCH-2,31,16,9,High
Dharwad,Dharwad,Dharwad_Village_6,15.26662,75.03091,6,2023,23.6,30.2,4.9,10.7,12.1,Vegetative,DKC9108,16,0,47,Low
Hassan,Channarayapatna,Channarayapatna_Village_8,12.78588,75.98332,3,2024,28.1,59.9,4.1,36.6,4.5,Silking,30V92,70,2,33,Medium
Dharwad,Navalgund,Navalgund_Village_5,15.48864,75.15796,1,2024,33.4,79.5,9.8,37.5,10.9,Whorl,30V92,29,11,4,High
Mandya,Nagamangala,Nagamangala_Village_1,12.38956,76.6745,10,2023,28.6,55.3,9.5,30.6,3.8,Vegetative,Kaveri KMH-25K61,21,9,76,Medium
Raichur,Manvi,Manvi_Village_7,16.24787,77.36752,6,2025,23.9,42.4,1.7,16.1,15.5,Maturity,DKC9108,105,1,5,Low
Koppal,Yelburga,Yelburga_Village_6,15.17773,75.99598,11,2025,19.4,47.0,0.5,24.9,9.3,Vegetative,DKC9108,24,1,49,Low
Koppal,Yelburga,Yelburga_Village_6,15.53951,75.9101,1,2024,31.9,86.1,54.1,58.3,11.3,Whorl,DKC9108,21,7,6,High
Gadag,Gadag,Gadag_Village_7,15.55983,75.75452,3,2023,23.8,36.7,1.3,22.1,11.0,Tasseling,Local Desi Maize,42,0,10,Low
Mysuru,Hunsur,Hunsur_Village_7,12.05402,76.43129,5,2024,33.2,84.4,44.2,53.8,13.1,Silking,P3501,60,14,3,High
Gadag,Shirahatti,Shirahatti_Village_8,15.65184,75.83506,11,2023,26.9,38.8,23.4,27.8,6.4,Whorl,Pioneer 3396,40,0,42,Medium
Hassan,Arsikere,Arsikere_Village_4,12.9004,76.32002,10,2025,30.9,87.3,24.8,45.7,10.9,Whorl,DHM117 (Local Hybrid),34,7,17,High
Shivamogga,Bhadravati,Bhadravati_Village_4,13.8217,75.48714,3,2023,32.0,84.4,35.2,53.7,7.3,Whorl,DHM117 (Local Hybrid),24,5,1,High
Hassan,Belur,Belur_Village_5,12.78597,76.31953,7,2025,32.1,91.6,40.5,48.3,4.1,Whorl,Pioneer 3396,20,18,5,High
Chamarajanagar,Yelandur,Yelandur_Village_5,11.89783,76.88149,10,2023,19.7,39.7,0.3,20.2,20.9,Maturity,Bio9637,77,0,84,Low
Raichur,Sindhanur,Sindhanur_Village_3,16.28361,77.31689,4,2025,21.2,42.8,1.5,31.1,11.0,Maturity,DKC9108,107,1,97,Low
Chikkaballapur,Sidlaghatta,Sidlaghatta_Village_7,13.49309,77.79294,1,2023,25.6,71.1,17.7,45.7,9.0,Whorl,Rasi RCH-2,30,7,7,Medium
Koppal,Gangavathi,Gangavathi_Village_1,15.23466,76.13786,7,2023,22.5,21.2,0.6,6.5,14.6,Maturity,P3501,88,1,68,Low
Chikkaballapur,Sidlaghatta,Sidlaghatta_Village_4,13.4758,77.80987,11,2024,29.9,37.9,29.8,31.4,12.6,Tasseling,NK6240,55,7,18,Medium
Chikkaballapur,Chintamani,Chintamani_Village_1,13.57015,77.48686,1,2023,18.0,30.8,2.1,23.8,6.1,Maturity,DHM117 (Local Hybrid),89,0,10,Low
Dharwad,Hubballi,Hubballi_Village_1,15.54036,75.14895,1,2023,35.2,73.4,72.6,62.2,11.2,Whorl,DKC9108,32,17,1,High
Chamarajanagar,Gundlupet,Gundlupet_Village_7,12.00303,76.99738,4,2023,25.1,56.1,2.6,35.9,7.7,Whorl,DKC9108,40,7,9,Medium
Mysuru,Mysuru,Mysuru_Village_5,12.52128,76.61538,7,2023,32.4,95.4,16.4,54.0,7.4,Vegetative,DHM117 (Local Hybrid),23,9,6,High
Ballari,Ballari,Ballari_Village_5,15.31995,76.89035,7,2023,27.6,60.5,9.8,39.2,10.2,Whorl,DKC9108,33,4,19,Medium
Belagavi,Chikkodi,Chikkodi_Village_8,16.08236,74.5372,8,2025,20.3,41.1,0.4,30.2,16.2,Maturity,DHM117 (Local Hybrid),87,1,58,Low
Koppal,Yelburga,Yelburga_Village_9,15.13348,76.31247,1,2023,31.2,48.3,6.2,29.5,12.5,Vegetative,P3501,19,4,27,Medium
Belagavi,Saundatti,Saundatti_Village_9,15.63419,74.33821,1,2023,30.9,97.4,99.6,71.9,10.0,Vegetative,Kaveri KMH-25K61,17,16,2,High
Davanagere,Davanagere,Davanagere_Village_1,14.35472,75.96169,3,2024,23.4,69.5,13.6,35.0,5.7,Silking,Local Desi Maize,59,5,26,Medium
Koppal,Yelburga,Yelburga_Village_1,15.59508,75.98251,11,2024,28.6,70.3,4.3,43.5,7.6,Whorl,Rasi RCH-2,37,6,27,Medium
Belagavi,Athani,Athani_Village_5,15.96332,74.38678,6,2025,35.5,89.1,65.0,61.1,9.2,Whorl,Bio9637,32,8,10,High
Gadag,Gadag,Gadag_Village_1,15.48997,75.40068,6,2024,31.8,85.6,16.5,43.5,9.0,Whorl,Local Desi Maize,33,8,11,High
Haveri,Hirekerur,Hirekerur_Village_9,14.79731,75.37182,3,2025,32.9,88.1,66.1,58.0,7.9,Whorl,Kaveri KMH-25K61,37,10,9,High
Chitradurga,Chitradurga,Chitradurga_Village_5,14.1817,76.36603,7,2024,23.9,40.1,2.2,13.9,14.7,Silking,Kaveri KMH-25K61,65,0,11,Low
Raichur,Sindhanur,Sindhanur_Village_2,16.04861,77.4964,12,2024,31.0,81.6,16.2,50.9,3.0,Whorl,Kaveri KMH-25K61,25,12,0,High
Tumakuru,Pavagada,Pavagada_Village_4,13.47338,77.12595,9,2023,29.7,66.9,8.6,36.5,7.6,Whorl,Local Desi Maize,26,7,61,Medium
Koppal,Koppal,Koppal_Village_6,15.4297,75.97611,10,2025,19.7,15.0,0.5,5.2,9.0,Tasseling,Kaveri KMH-25K61,46,1,8,Low
Hassan,Channarayapatna,Channarayapatna_Village_2,12.99495,76.34014,8,2025,30.9,84.1,52.6,60.2,9.1,Vegetative,DKC9108,20,17,24,High
Mandya,Malavalli,Malavalli_Village_8,12.28182,76.85805,6,2024,20.2,32.9,4.7,13.7,12.9,Silking,DKC9108,65,1,104,Low
Dharwad,Kundgol,Kundgol_Village_4,15.22428,75.23315,12,2024,21.1,67.9,23.3,33.8,13.3,Tasseling,Bio9637,55,4,8,Medium
Belagavi,Saundatti,Saundatti_Village_1,15.89005,74.54221,5,2025,34.0,88.5,29.9,47.4,7.8,Whorl,Local Desi Maize,22,10,2,High
Hassan,Channarayapatna,Channarayapatna_Village_7,12.95803,76.07331,7,2023,29.7,38.6,25.1,31.0,17.5,Silking,Rasi RCH-2,58,1,13,Medium
Chitradurga,Hiriyur,Hiriyur_Village_6,14.02935,76.3779,8,2025,33.7,94.1,42.2,56.3,8.9,Tasseling,NK6240,51,10,2,High
Mysuru,K.R. Nagar,K.R. Nagar_Village_8,12.34694,76.54888,12,2023,36.0,94.0,140.0,74.8,12.1,Tasseling,Local Desi Maize,40,11,3,High
Gadag,Mundargi,Mundargi_Village_2,15.37182,75.73405,10,2024,24.4,71.7,11.0,44.1,8.2,Tasseling,30V92,47,5,35,Medium
Chikkaballapur,Sidlaghatta,Sidlaghatta_Village_9,13.31218,77.85973,2,2023,28.9,80.0,5.0,39.1,1.2,Tasseling,NK6240,40,6,17,Medium
Chikkaballapur,Chikkaballapur,Chikkaballapur_Village_4,13.58312,77.77494,1,2024,25.6,55.5,7.4,31.6,4.5,Whorl,Kaveri KMH-25K61,29,3,53,Medium
Ballari,Ballari,Ballari_Village_1,14.95821,77.09956,4,2024,28.0,72.4,12.6,46.7,15.7,Vegetative,30V92,24,10,76,Medium
Chamarajanagar,Kollegal,Kollegal_Village_5,11.8832,77.01326,12,2024,34.4,84.7,44.2,49.0,13.2,Whorl,NK6240,35,11,1,High
Gadag,Nargund,Nargund_Village_1,15.31863,75.66364,9,2024,30.7,89.4,42.6,58.3,2.5,Whorl,DKC9108,37,18,7,High
Chikkaballapur,Chintamani,Chintamani_Village_7,13.6291,77.75786,2,2025,22.0,29.0,2.3,18.5,14.4,Maturity,Kaveri KMH-25K61,93,1,93,Low
Mysuru,Piriyapatna,Piriyapatna_Village_5,12.37431,76.79214,10,2025,21.8,71.7,1.9,37.0,8.9,Whorl,NK6240,35,6,1,Medium
Mandya,Nagamangala,Nagamangala_Village_8,12.27863,77.01192,7,2024,29.4,86.0,0.3,52.3,1.8,Whorl,DKC9108,23,6,28,Medium
Davanagere,Honnali,Honnali_Village_4,14.66254,75.97651,3,2023,27.6,33.4,19.2,31.6,5.8,Silking,Bio9637,69,4,5,Medium
Chikkaballapur,Chikkaballapur,Chikkaballapur_Village_6,13.4045,77.58263,11,2025,28.0,61.4,5.5,40.9,6.2,Vegetative,Rasi RCH-2,24,6,79,Medium
Chamarajanagar,Yelandur,Yelandur_Village_3,11.84591,76.87396,7,2024,31.1,80.1,26.4,56.0,1.4,Whorl,Local Desi Maize,27,19,6,High
Davanagere,Nyamathi,Nyamathi_Village_7,14.42181,75.75468,3,2023,18.5,33.5,1.3,20.8,8.0,Silking,30V92,65,0,42,Low
Koppal,Koppal,Koppal_Village_2,15.57403,76.19878,8,2025,27.4,53.4,20.2,23.1,12.5,Whorl,DKC9108,38,5,34,Medium
Haveri,Byadagi,Byadagi_Village_9,14.93801,75.61063,4,2023,31.8,90.2,26.3,55.8,5.1,Whorl,Kaveri KMH-25K61,39,15,15,High
Koppal,Kushtagi,Kushtagi_Village_2,15.29933,76.27533,6,2023,31.0,97.6,98.2,71.5,3.9,Tasseling,Bio9637,41,19,18,High
Mandya,Maddur,Maddur_Village_8,12.64902,76.75038,10,2023,21.9,66.3,20.7,36.3,3.6,Whorl,Kaveri KMH-25K61,28,2,13,Medium
Chikkaballapur,Sidlaghatta,Sidlaghatta_Village_9,13.33193,77.87761,12,2024,17.3,17.5,0.1,5.6,4.8,Vegetative,30V92,11,1,3,Low
Chamarajanagar,Gundlupet,Gundlupet_Village_9,12.15919,76.75328,10,2025,30.9,85.7,101.1,59.8,9.0,Whorl,Pioneer 3396,25,20,20,High
Chikkaballapur,Gudibande,Gudibande_Village_2,13.3143,77.83346,4,2025,32.9,92.9,49.3,53.9,10.7,Whorl,Rasi RCH-2,31,19,2,High
Gadag,Gadag,Gadag_Village_1,15.661,75.45605,10,2024,32.3,78.4,53.4,53.3,10.7,Vegetative,DHM117 (Local Hybrid),25,12,1,High
Raichur,Raichur,Raichur_Village_6,16.16604,77.48127,6,2024,29.7,98.0,74.6,62.9,8.0,Tasseling,Local Desi Maize,45,13,0,High
Davanagere,Nyamathi,Nyamathi_Village_1,14.23083,75.69601,3,2023,25.3,39.3,23.9,23.2,12.6,Tasseling,NK6240,44,3,10,Medium
Belagavi,Ramdurg,Ramdurg_Village_8,15.61461,74.37628,6,2025,28.8,92.4,32.0,60.0,11.1,Vegetative,Bio9637,24,12,5,High
Chamarajanagar,Chamarajanagar,Chamarajanagar_Village_4,11.8167,77.17039,4,2024,34.2,85.6,69.2,43.9,6.1,Tasseling,NK6240,43,16,1,High
Mandya,Nagamangala,Nagamangala_Village_6,12.37708,76.8308,7,2023,30.6,92.7,34.7,54.0,10.7,Whorl,Local Desi Maize,27,14,3,High
Gadag,Shirahatti,Shirahatti_Village_7,15.43744,75.85772,12,2024,17.8,33.7,0.0,21.7,12.5,Vegetative,Bio9637,21,2,142,Low
Gadag,Mundargi,Mundargi_Village_8,15.56734,75.66732,12,2024,29.8,88.8,42.0,58.0,9.2,Tasseling,Local Desi Maize,53,12,5,High
Raichur,Manvi,Manvi_Village_1,15.99341,77.33134,2,2024,28.5,59.9,7.3,35.1,2.2,Vegetative,30V92,15,4,67,Medium
Shivamogga,Sagar,Sagar_Village_4,14.01692,75.39754,5,2024,27.9,83.3,15.1,45.0,19.9,Tasseling,Bio9637,45,3,1,Medium
Hassan,Arsikere,Arsikere_Village_4,13.15381,76.15721,4,2024,35.8,85.7,21.5,45.4,13.0,Tasseling,Bio9637,45,13,7,High
Tumakuru,Pavagada,Pavagada_Village_8,13.13394,76.92566,2,2025,14.6,15.9,0.0,12.6,13.3,Maturity,DHM117 (Local Hybrid),85,2,109,Low
Dharwad,Dharwad,Dharwad_Village_5,15.29088,75.20075,6,2025,34.3,73.2,49.8,39.9,5.5,Vegetative,Pioneer 3396,25,8,21,High
Haveri,Shiggaon,Shiggaon_Village_1,14.77537,75.20741,11,2025,21.5,40.2,9.7,31.4,5.6,Maturity,DKC9108,95,2,18,Low
Chitradurga,Molakalmuru,Molakalmuru_Village_6,14.01843,76.47425,4,2023,25.9,40.4,3.5,29.1,16.4,Maturity,DHM117 (Local Hybrid),90,0,59,Low
Belagavi,Saundatti,Saundatti_Village_6,15.9011,74.45083,12,2025,33.7,84.1,16.2,42.0,6.6,Vegetative,DKC9108,14,13,13,High
Haveri,Savanur,Savanur_Village_7,14.97395,75.37683,7,2023,19.6,49.4,0.6,22.8,4.2,Maturity,NK6240,89,0,24,Low
Dharwad,Dharwad,Dharwad_Village_7,15.52075,75.21983,4,2025,21.3,22.9,4.9,15.4,6.4,Maturity,Local Desi Maize,103,1,22,Low
Chikkaballapur,Chikkaballapur,Chikkaballapur_Village_6,13.37617,77.84931,12,2024,27.3,53.8,3.6,33.1,7.3,Silking,Local Desi Maize,62,0,37,Medium
Chikkaballapur,Gudibande,Gudibande_Village_2,13.20308,77.7082,1,2023,23.0,17.7,0.9,5.8,13.4,Silking,Pioneer 3396,67,0,99,Low
Gadag,Gadag,Gadag_Village_9,15.38026,75.83017,2,2025,34.3,77.0,27.7,47.5,6.1,Whorl,30V92,28,16,19,High
Haveri,Hirekerur,Hirekerur_Village_5,14.78099,75.30578,3,2023,29.3,53.4,18.5,24.0,5.4,Whorl,Local Desi Maize,29,5,108,Medium
Chitradurga,Chitradurga,Chitradurga_Village_9,14.4666,76.29693,6,2023,27.1,75.4,14.1,41.0,10.4,Whorl,30V92,36,7,7,Medium
Chamarajanagar,Yelandur,Yelandur_Village_7,12.12116,76.73557,2,2025,31.7,61.5,16.4,38.8,10.4,Silking,Bio9637,67,2,36,Medium
Haveri,Haveri,Haveri_Village_8,14.8268,75.50667,7,2023,22.6,36.0,9.0,17.7,7.5,Maturity,P3501,101,2,37,Low
Chamarajanagar,Chamarajanagar,Chamarajanagar_Village_2,12.06579,77.09911,2,2023,27.9,74.5,19.2,48.1,9.3,Tasseling,DKC9108,40,3,6,Medium
Raichur,Devadurga,Devadurga_Village_9,16.40392,77.39503,11,2023,30.0,91.2,48.7,60.6,12.8,Vegetative,Pioneer 3396,19,17,29,High
Shivamogga,Soraba,Soraba_Village_9,14.132,75.57315,7,2023,36.9,80.5,22.2,43.5,5.1,Vegetative,P3501,13,16,2,High
Hassan,Holenarasipura,Holenarasipura_Village_5,13.08504,76.01599,1,2025,20.9,24.4,0.1,17.0,7.1,Silking,30V92,58,0,180,Low
Mysuru,Piriyapatna,Piriyapatna_Village_5,12.23011,76.51562,11,2023,24.5,70.3,15.1,45.7,12.2,Tasseling,P3501,44,3,4,Medium
Gadag,Gadag,Gadag_Village_7,15.64098,75.46879,7,2025,27.4,63.0,3.0,41.1,9.5,Vegetative,NK6240,20,6,10,Medium
Tumakuru,Madhugiri,Madhugiri_Village_2,13.13473,77.36516,9,2024,24.9,39.7,1.8,27.9,3.9,Maturity,Bio9637,85,0,73,Low
Tumakuru,Madhugiri,Madhugiri_Village_9,13.4605,77.13073,12,2024,33.0,90.0,39.2,64.0,4.6,Whorl,Bio9637,38,12,0,High
Mandya,Pandavapura,Pandavapura_Village_4,12.30511,76.65872,11,2024,31.4,88.9,33.2,46.5,8.0,Tasseling,DHM117 (Local Hybrid),46,9,0,High
Mysuru,Hunsur,Hunsur_Village_8,12.47108,76.78789,5,2024,24.6,60.1,23.4,41.1,9.2,Whorl,P3501,22,3,83,Medium
Chamarajanagar,Gundlupet,Gundlupet_Village_2,12.0536,77.01372,3,2024,27.0,58.9,20.2,35.9,9.2,Vegetative,30V92,12,6,68,Medium
Haveri,Savanur,Savanur_Village_8,14.84165,75.42279,7,2024,31.8,98.0,33.1,54.3,8.2,Whorl,Bio9637,21,9,0,High
Shivamogga,Shivamogga,Shivamogga_Village_6,14.11067,75.7285,9,2024,19.5,51.1,0.0,21.2,8.6,Silking,Local Desi Maize,57,0,17,Low
Mandya,Mandya,Mandya_Village_3,12.66084,76.97125,8,2024,30.7,87.9,119.7,55.2,5.7,Tasseling,NK6240,46,11,0,High
Chikkaballapur,Chikkaballapur,Chikkaballapur_Village_2,13.27616,77.58969,5,2025,22.7,33.9,0.2,13.3,7.4,Maturity,DHM117 (Local Hybrid),82,3,143,Low
Hassan,Channarayapatna,Channarayapatna_Village_8,13.20079,75.94314,3,2023,34.9,92.0,81.5,69.0,5.0,Whorl,Bio9637,38,15,3,High
Koppal,Gangavathi,Gangavathi_Village_3,15.4321,76.14239,11,2024,30.4,63.5,18.7,40.1,11.1,Vegetative,P3501,21,4,8,Medium
Koppal,Kushtagi,Kushtagi_Village_8,15.26665,76.40365,8,2025,26.4,70.9,12.7,45.5,8.0,Whorl,Local Desi Maize,28,4,87,Medium
Tumakuru,Madhugiri,Madhugiri_Village_3,13.30008,77.34859,7,2024,26.6,54.8,15.8,34.5,6.8,Maturity,Pioneer 3396,97,7,15,Medium
Chamarajanagar,Yelandur,Yelandur_Village_5,11.90038,77.05938,2,2023,29.4,81.3,21.9,49.7,10.7,Whorl,NK6240,30,19,2,High
Chitradurga,Molakalmuru,Molakalmuru_Village_7,14.04727,76.5365,8,2025,21.9,29.4,0.0,19.0,7.1,Tasseling,P3501,50,0,7,Low
Chamarajanagar,Chamarajanagar,Chamarajanagar_Village_5,12.03973,76.89437,9,2024,18.0,36.1,6.4,17.5,6.9,Maturity,P3501,75,2,81,Low
Koppal,Yelburga,Yelburga_Village_3,15.30339,76.29384,5,2023,32.7,89.1,72.9,66.8,7.2,Whorl,Pioneer 3396,23,9,6,High
Davanagere,Channagiri,Channagiri_Village_2,14.48546,76.14478,12,2023,28.9,87.0,45.2,50.2,7.4,Vegetative,Pioneer 3396,24,8,0,High
Davanagere,Nyamathi,Nyamathi_Village_3,14.56099,76.11514,10,2023,22.9,62.2,7.9,39.8,8.9,Silking,P3501,62,8,31,Medium
Belagavi,Saundatti,Saundatti_Village_4,16.09834,74.60211,9,2024,30.3,90.8,33.8,51.6,0.0,Vegetative,NK6240,23,10,2,High
Davanagere,Jagalur,Jagalur_Village_6,14.30911,75.93922,5,2024,18.2,31.0,1.9,15.5,4.8,Maturity,DKC9108,107,0,20,Low
Koppal,Kushtagi,Kushtagi_Village_1,15.41735,76.38134,3,2023,22.7,62.1,25.3,28.0,10.7,Vegetative,DKC9108,15,2,51,Medium
Mysuru,K.R. Nagar,K.R. Nagar_Village_5,12.39959,76.46956,1,2023,28.7,57.0,13.7,27.7,11.9,Maturity,Local Desi Maize,100,3,36,Medium
Tumakuru,Pavagada,Pavagada_Village_8,13.45015,76.8755,6,2023,20.2,36.9,0.2,15.6,6.9,Vegetative,DHM117 (Local Hybrid),20,0,180,Low
Mandya,Nagamangala,Nagamangala_Village_4,12.55723,76.69793,3,2024,24.8,61.1,21.3,38.4,7.2,Tasseling,30V92,47,7,27,Medium
Koppal,Koppal,Koppal_Village_7,15.35832,76.15744,11,2023,15.1,31.7,0.2,15.6,14.6,Maturity,Rasi RCH-2,99,1,9,Low
Mandya,Mandya,Mandya_Village_9,12.35658,77.1081,12,2025,26.3,34.4,0.0,9.9,6.6,Maturity,Rasi RCH-2,102,1,36,Low
Shivamogga,Soraba,Soraba_Village_6,13.69814,75.8116,9,2025,25.2,60.4,7.8,35.5,2.6,Vegetative,30V92,16,3,45,Medium
Chikkaballapur,Gudibande,Gudibande_Village_9,13.55337,77.92392,8,2025,24.3,32.5,1.7,16.7,12.0,Maturity,30V92,101,1,81,Low
Dharwad,Hubballi,Hubballi_Village_4,15.43018,75.02503,1,2024,17.4,32.0,0.0,12.9,6.5,Maturity,DHM117 (Local Hybrid),105,0,4,Low
Chitradurga,Holalkere,Holalkere_Village_1,14.15738,76.39331,1,2025,29.4,70.1,9.3,34.3,8.2,Whorl,Pioneer 3396,21,3,27,Medium
Belagavi,Ramdurg,Ramdurg_Village_6,16.00267,74.68674,10,2025,22.7,40.7,1.0,18.7,6.9,Maturity,P3501,91,1,14,Low
Mandya,Nagamangala,Nagamangala_Village_2,12.56589,76.65255,3,2025,14.9,49.4,3.2,18.5,3.5,Vegetative,P3501,19,0,115,Low
Tumakuru,Sira,Sira_Village_5,13.39752,77.14414,9,2023,17.8,15.0,0.3,8.1,3.0,Maturity,NK6240,92,1,180,Low
Gadag,Gadag,Gadag_Village_8,15.18389,75.79301,4,2025,28.5,38.4,8.3,19.3,3.0,Vegetative,P3501,23,6,31,Medium
Mysuru,K.R. Nagar,K.R. Nagar_Village_3,12.40877,76.846,5,2023,32.3,96.6,65.5,56.4,9.6,Whorl,Local Desi Maize,26,10,2,High
Raichur,Raichur,Raichur_Village_5,16.267,77.56199,7,2024,27.8,60.2,17.1,39.7,11.8,Silking,Pioneer 3396,68,8,8,Medium
Shivamogga,Shikaripura,Shikaripura_Village_6,13.96822,75.75888,10,2025,20.0,40.8,0.1,25.0,10.3,Maturity,30V92,96,1,119,Low
Mysuru,Hunsur,Hunsur_Village_7,12.1233,76.84149,1,2023,19.4,57.9,9.7,31.1,15.4,Tasseling,NK6240,55,7,22,Medium
Mandya,Malavalli,Malavalli_Village_8,12.40554,76.7118,5,2023,25.7,98.0,6.5,58.9,16.8,Tasseling,Kaveri KMH-25K61,50,6,41,Medium
Chamarajanagar,Gundlupet,Gundlupet_Village_8,12.15205,77.16858,11,2023,24.2,66.4,28.5,42.4,9.3,Vegetative,DHM117 (Local Hybrid),25,6,3,Medium
Chikkaballapur,Gudibande,Gudibande_Village_7,13.41827,77.7545,7,2023,25.9,62.7,18.3,39.5,4.6,Whorl,Local Desi Maize,40,2,1,Medium
Hassan,Channarayapatna,Channarayapatna_Village_2,13.05668,75.91433,1,2024,20.7,43.1,2.4,9.7,2.4,Maturity,30V92,95,2,129,Low
Gadag,Nargund,Nargund_Village_6,15.28236,75.43421,3,2024,25.4,53.3,28.4,33.0,8.4,Vegetative,NK6240,12,5,1,Medium
Chikkaballapur,Chintamani,Chintamani_Village_5,13.28554,77.74029,8,2025,22.6,29.7,0.1,14.6,0.0,Silking,Kaveri KMH-25K61,64,2,44,Low
Tumakuru,Tumakuru,Tumakuru_Village_9,13.52716,77.13235,1,2024,30.5,82.6,57.9,54.6,4.7,Whorl,30V92,31,12,1,High
Ballari,Siruguppa,Siruguppa_Village_2,15.2697,76.75963,12,2024,20.4,39.8,0.4,24.8,13.0,Vegetative,Kaveri KMH-25K61,19,0,151,Low
Tumakuru,Tumakuru,Tumakuru_Village_6,13.16825,77.2985,8,2024,24.1,32.5,32.2,23.9,16.9,Vegetative,Pioneer 3396,12,3,54,Medium
Chamarajanagar,Chamarajanagar,Chamarajanagar_Village_4,11.83909,76.7822,1,2024,28.0,70.4,11.6,38.9,13.4,Vegetative,Kaveri KMH-25K61,21,4,18,Medium
Mysuru,Hunsur,Hunsur_Village_3,12.0792,76.42661,4,2024,15.4,33.7,0.1,18.6,15.6,Tasseling,DHM117 (Local Hybrid),43,2,54,Low
Shivamogga,Bhadravati,Bhadravati_Village_6,13.94099,75.42473,3,2025,20.1,21.1,12.7,16.4,7.0,Maturity,DHM117 (Local Hybrid),85,1,18,Low
Koppal,Gangavathi,Gangavathi_Village_8,15.30547,75.91107,9,2023,16.3,53.1,1.5,20.9,9.9,Silking,Pioneer 3396,62,0,6,Low
Tumakuru,Tumakuru,Tumakuru_Village_4,13.50459,76.87532,7,2025,16.8,36.0,0.1,16.2,2.6,Silking,Kaveri KMH-25K61,67,2,13,Low
Chikkaballapur,Chikkaballapur,Chikkaballapur_Village_9,13.50247,77.7003,1,2023,24.7,65.1,2.0,38.3,2.3,Maturity,Rasi RCH-2,89,5,24,Medium
Chikkaballapur,Gudibande,Gudibande_Village_7,13.27391,77.72372,1,2023,29.8,78.4,19.7,42.2,6.3,Whorl,30V92,21,9,8,High
Belagavi,Gokak,Gokak_Village_8,15.82105,74.63474,11,2023,25.3,60.5,25.2,46.2,2.9,Silking,DKC9108,69,7,20,Medium
Hassan,Holenarasipura,Holenarasipura_Village_4,13.00427,76.18084,9,2024,30.9,94.8,22.0,54.7,9.8,Whorl,Bio9637,35,10,0,High
Dharwad,Kundgol,Kundgol_Village_8,15.25062,75.19031,10,2025,24.1,61.5,1.0,33.6,12.0,Vegetative,DHM117 (Local Hybrid),19,5,13,Medium
Mandya,Malavalli,Malavalli_Village_3,12.69543,76.71615,1,2024,23.1,56.9,9.3,40.4,9.4,Whorl,Kaveri KMH-25K61,30,4,65,Medium
Hassan,Hassan,Hassan_Village_1,13.07316,75.86063,6,2025,29.8,89.1,13.0,51.9,4.2,Vegetative,DKC9108,16,13,10,High
Haveri,Byadagi,Byadagi_Village_7,14.74487,75.20216,9,2023,29.4,83.5,43.0,42.5,11.3,Whorl,30V92,25,18,3,High
Tumakuru,Madhugiri,Madhugiri_Village_9,13.45423,77.24856,4,2025,30.7,83.1,33.2,52.6,9.6,Whorl,DKC9108,31,6,5,High
Koppal,Kushtagi,Kushtagi_Village_2,15.58655,76.25716,12,2025,25.5,60.3,8.5,33.1,12.0,Vegetative,NK6240,12,5,3,Medium
Gadag,Ron,Ron_Village_6,15.61926,75.44673,7,2024,31.2,79.8,65.7,50.1,9.1,Vegetative,30V92,16,15,2,High
Chikkaballapur,Gudibande,Gudibande_Village_5,13.59863,77.76399,11,2024,33.0,80.5,23.3,51.3,0.0,Tasseling,Rasi RCH-2,54,18,0,High
Mysuru,Piriyapatna,Piriyapatna_Village_2,12.16385,76.59884,5,2024,25.0,76.1,34.6,45.1,19.3,Whorl,Bio9637,26,8,13,Medium
Koppal,Yelburga,Yelburga_Village_8,15.26696,75.96817,10,2024,22.9,50.6,22.3,31.5,13.7,Whorl,DHM117 (Local Hybrid),40,7,7,Medium
Belagavi,Athani,Athani_Village_7,15.92086,74.58167,10,2024,17.3,31.4,0.0,9.9,8.9,Tasseling,DHM117 (Local Hybrid),45,2,82,Low
Chikkaballapur,Sidlaghatta,Sidlaghatta_Village_9,13.32426,77.8861,9,2024,29.0,48.9,5.5,29.9,3.2,Whorl,P3501,23,6,1,Medium
Mandya,Nagamangala,Nagamangala_Village_6,12.76435,76.96937,3,2024,32.8,84.5,66.7,61.2,4.7,Whorl,DKC9108,28,13,16,High
Chitradurga,Chitradurga,Chitradurga_Village_3,14.37703,76.61848,3,2024,22.3,34.1,3.8,15.4,13.6,Maturity,Pioneer 3396,75,1,180,Low
Chikkaballapur,Gudibande,Gudibande_Village_9,13.61838,77.59144,1,2025,18.8,35.0,0.5,15.6,12.8,Silking,30V92,65,5,23,Low
Shivamogga,Shikaripura,Shikaripura_Village_5,14.02229,75.59202,12,2023,26.4,67.6,21.8,40.6,10.4,Vegetative,P3501,25,6,49,Medium
Mandya,Mandya,Mandya_Village_7,12.63663,76.8407,12,2025,31.7,95.2,23.1,48.5,11.3,Whorl,DHM117 (Local Hybrid),27,14,9,High
Mysuru,Hunsur,Hunsur_Village_9,12.38985,76.87691,6,2023,23.6,15.0,0.4,8.2,20.0,Silking,Bio9637,65,2,31,Low
Raichur,Manvi,Manvi_Village_6,16.1863,77.2929,9,2023,24.2,52.4,55.9,37.4,9.3,Whorl,Rasi RCH-2,24,7,8,Medium
Hassan,Belur,Belur_Village_6,12.92938,76.12081,4,2023,17.4,34.1,0.2,13.8,7.2,Maturity,P3501,90,1,27,Low
Raichur,Devadurga,Devadurga_Village_4,16.39911,77.1224,8,2024,15.1,38.0,6.4,16.2,19.9,Maturity,Local Desi Maize,104,1,52,Low
Raichur,Devadurga,Devadurga_Village_4,16.07276,77.53536,3,2024,34.0,90.1,26.4,52.6,4.5,Vegetative,NK6240,25,12,4,High
Haveri,Savanur,Savanur_Village_6,14.79776,75.22479,3,2023,25.5,56.4,14.5,33.3,9.7,Silking,NK6240,65,3,5,Medium
Raichur,Raichur,Raichur_Village_4,16.26317,77.16014,6,2024,14.0,37.6,1.3,9.7,6.9,Silking,Rasi RCH-2,55,1,30,Low
Ballari,Sandur,Sandur_Village_6,14.8917,76.98336,7,2024,26.8,54.1,5.7,24.2,4.4,Whorl,DKC9108,38,4,22,Medium
Mandya,Maddur,Maddur_Village_4,12.61391,76.90394,3,2025,14.0,15.0,1.5,5.0,9.2,Maturity,DKC9108,100,1,8,Low
Mysuru,Hunsur,Hunsur_Village_2,12.45976,76.66581,9,2025,29.3,47.4,13.0,28.8,9.2,Whorl,Bio9637,31,5,6,Medium
Mandya,Maddur,Maddur_Village_6,12.40096,76.84146,6,2024,29.7,65.1,28.2,55.1,13.0,Tasseling,P3501,40,8,16,Medium
Mysuru,Nanjangud,Nanjangud_Village_2,12.30349,76.55195,1,2024,34.7,82.0,14.1,38.3,11.3,Whorl,Local Desi Maize,29,9,6,High
Haveri,Shiggaon,Shiggaon_Village_5,14.63466,75.28276,5,2025,34.4,74.9,34.8,47.9,10.4,Whorl,DHM117 (Local Hybrid),21,21,1,High
Koppal,Yelburga,Yelburga_Village_3,15.50837,76.3028,11,2024,27.3,79.3,17.0,47.6,16.6,Maturity,Kaveri KMH-25K61,85,5,5,Medium
Haveri,Shiggaon,Shiggaon_Village_7,14.85333,75.31216,2,2025,30.8,62.6,27.4,37.4,14.1,Vegetative,Bio9637,20,7,10,Medium
Chitradurga,Molakalmuru,Molakalmuru_Village_3,14.36068,76.39578,1,2023,30.6,76.2,16.5,39.1,13.9,Tasseling,DHM117 (Local Hybrid),45,4,6,Medium
Haveri,Hirekerur,Hirekerur_Village_2,14.78788,75.43813,6,2024,30.2,53.5,9.0,30.7,0.0,Silking,Bio9637,67,4,2,Medium
Chikkaballapur,Gudibande,Gudibande_Village_6,13.42725,77.55011,5,2024,27.5,63.1,23.8,37.0,9.0,Tasseling,Pioneer 3396,53,8,17,Medium
Tumakuru,Madhugiri,Madhugiri_Village_7,13.25178,77.25743,7,2025,27.0,73.4,28.5,46.7,1.4,Tasseling,Rasi RCH-2,46,2,10,Medium
Koppal,Koppal,Koppal_Village_2,15.34171,76.20742,8,2025,26.8,58.1,37.3,38.9,8.5,Vegetative,Local Desi Maize,17,3,24,Medium
Tumakuru,Tiptur,Tiptur_Village_3,13.54759,77.23586,3,2024,22.5,35.6,0.0,18.4,15.1,Maturity,P3501,103,0,56,Low
Chamarajanagar,Yelandur,Yelandur_Village_5,12.08388,76.89099,3,2024,18.3,33.3,2.9,24.9,14.5,Silking,NK6240,68,0,69,Low
Chikkaballapur,Sidlaghatta,Sidlaghatta_Village_3,13.64159,77.70378,12,2023,24.9,77.0,18.0,39.7,3.6,Tasseling,DHM117 (Local Hybrid),46,4,49,Medium
Gadag,Gadag,Gadag_Village_5,15.46387,75.66361,1,2024,33.9,93.6,39.7,53.7,10.9,Whorl,Local Desi Maize,32,11,4,High
Belagavi,Belagavi,Belagavi_Village_5,16.00111,74.60108,7,2024,25.8,79.3,31.0,52.3,12.8,Whorl,Pioneer 3396,30,2,6,Medium
Shivamogga,Sagar,Sagar_Village_5,13.87203,75.81171,11,2025,23.7,48.7,1.0,21.8,8.4,Maturity,30V92,85,1,72,Low
Chitradurga,Holalkere,Holalkere_Village_5,14.19077,76.56725,7,2025,30.2,81.0,91.0,56.8,8.5,Vegetative,P3501,14,13,5,High
Chitradurga,Holalkere,Holalkere_Village_6,14.18002,76.35493,9,2024,26.7,61.1,23.7,48.0,18.0,Whorl,Local Desi Maize,21,4,11,Medium
Dharwad,Hubballi,Hubballi_Village_8,15.68342,75.24286,12,2023,32.7,92.0,27.1,49.1,4.2,Whorl,Pioneer 3396,33,15,9,High
Davanagere,Jagalur,Jagalur_Village_7,14.37133,76.13818,7,2024,33.5,88.2,51.2,57.0,11.9,Vegetative,DHM117 (Local Hybrid),15,10,10,High
Tumakuru,Madhugiri,Madhugiri_Village_5,13.11038,76.99422,10,2023,21.7,74.2,12.1,37.4,6.5,Tasseling,P3501,55,5,57,Medium
Belagavi,Saundatti,Saundatti_Village_2,15.94813,74.39539,3,2025,22.9,66.7,15.3,45.7,6.2,Silking,NK6240,70,5,113,Medium
Raichur,Sindhanur,Sindhanur_Village_4,16.23585,77.43439,2,2024,21.1,29.5,0.6,10.6,4.9,Silking,Bio9637,70,1,1,Low
Belagavi,Saundatti,Saundatti_Village_7,15.9441,74.53912,5,2025,19.3,41.9,0.0,20.1,8.5,Whorl,DKC9108,34,1,78,Low
Koppal,Yelburga,Yelburga_Village_6,15.19263,76.30719,8,2023,29.5,63.1,9.1,35.0,5.2,Silking,P3501,66,3,70,Medium
Shivamogga,Shikaripura,Shikaripura_Village_6,13.89613,75.78376,11,2025,26.9,45.4,10.3,32.0,8.1,Maturity,P3501,93,5,56,Medium
Tumakuru,Pavagada,Pavagada_Village_5,13.46843,77.1391,2,2024,28.6,57.1,13.7,28.7,4.8,Whorl,P3501,38,5,28,Medium
Davanagere,Nyamathi,Nyamathi_Village_1,14.45631,76.13982,7,2024,31.7,88.5,49.6,61.2,9.8,Tasseling,Bio9637,49,13,12,High
Belagavi,Chikkodi,Chikkodi_Village_6,15.93183,74.34258,12,2023,32.5,85.1,50.4,50.3,4.3,Silking,Kaveri KMH-25K61,62,17,1,High
Tumakuru,Madhugiri,Madhugiri_Village_8,13.3031,77.16286,4,2023,28.3,69.5,9.8,39.5,11.6,Silking,DKC9108,57,2,52,Medium
Dharwad,Kalghatgi,Kalghatgi_Village_5,15.44269,75.09315,8,2023,26.2,69.2,21.0,44.6,8.9,Maturity,NK6240,96,3,40,Medium
Belagavi,Athani,Athani_Village_8,16.00802,74.27296,11,2025,33.2,92.0,15.2,49.1,11.5,Tasseling,Rasi RCH-2,53,15,6,High
Chikkaballapur,Sidlaghatta,Sidlaghatta_Village_9,13.62217,77.51506,9,2023,29.7,83.3,68.8,58.1,11.5,Whorl,Bio9637,26,19,3,High
Gadag,Gadag,Gadag_Village_7,15.20051,75.83537,11,2024,21.1,45.1,5.4,18.6,10.6,Vegetative,Rasi RCH-2,13,0,30,Low
Davanagere,Nyamathi,Nyamathi_Village_7,14.58814,76.08809,5,2025,31.3,80.4,41.0,51.8,9.7,Vegetative,Bio9637,17,11,11,High
Mysuru,Mysuru,Mysuru_Village_6,12.43071,76.71052,4,2023,18.8,31.1,0.1,21.8,16.6,Maturity,Pioneer 3396,102,1,3,Low
Davanagere,Channagiri,Channagiri_Village_7,14.65862,75.72107,4,2024,25.0,47.6,13.5,30.4,7.4,Maturity,Kaveri KMH-25K61,81,4,56,Medium
Koppal,Gangavathi,Gangavathi_Village_4,15.40004,75.9612,5,2023,28.0,77.4,27.1,41.5,9.4,Silking,Kaveri KMH-25K61,69,4,12,Medium
Chamarajanagar,Yelandur,Yelandur_Village_5,11.98131,76.87015,4,2023,32.4,62.8,2.6,38.6,9.1,Silking,Rasi RCH-2,66,2,10,Medium
Mandya,Pandavapura,Pandavapura_Village_2,12.28093,76.98965,11,2023,30.2,52.4,15.3,32.6,10.2,Tasseling,30V92,54,3,44,Medium
Chikkaballapur,Chikkaballapur,Chikkaballapur_Village_2,13.50297,77.81816,6,2024,32.6,89.9,20.6,59.5,9.2,Tasseling,Bio9637,47,7,23,High
Haveri,Haveri,Haveri_Village_4,14.98523,75.16486,1,2024,23.4,76.7,32.9,61.0,4.1,Whorl,NK6240,39,3,47,Medium
Belagavi,Chikkodi,Chikkodi_Village_8,15.81644,74.61798,7,2023,34.6,84.8,19.5,48.6,6.2,Whorl,Bio9637,40,14,0,High
Chikkaballapur,Chikkaballapur,Chikkaballapur_Village_8,13.66373,77.85876,7,2023,17.9,29.7,0.4,12.3,14.1,Whorl,Kaveri KMH-25K61,39,1,32,Low
Shivamogga,Shivamogga,Shivamogga_Village_5,13.91833,75.57849,2,2024,26.5,38.7,6.1,20.2,2.7,Whorl,NK6240,20,6,0,Medium
Ballari,Siruguppa,Siruguppa_Village_9,14.98241,76.70932,3,2023,28.2,84.5,47.0,50.7,9.5,Whorl,Pioneer 3396,30,14,4,High
Mandya,Mandya,Mandya_Village_2,12.52959,76.89417,5,2025,19.2,51.2,5.3,37.4,8.1,Maturity,Rasi RCH-2,82,1,38,Low
Dharwad,Navalgund,Navalgund_Village_8,15.24897,75.20949,3,2023,31.2,54.3,4.1,36.7,14.4,Silking,Bio9637,59,3,18,Medium
Dharwad,Kundgol,Kundgol_Village_1,15.54876,74.85682,11,2023,28.6,48.7,18.2,22.1,11.6,Silking,Pioneer 3396,68,10,72,Medium
Chikkaballapur,Chintamani,Chintamani_Village_1,13.18862,77.8977,6,2024,26.7,73.2,63.2,46.3,11.7,Maturity,DKC9108,84,6,30,Medium
Raichur,Lingsugur,Lingsugur_Village_3,16.31699,77.29007,5,2024,22.6,37.7,0.2,22.9,15.2,Maturity,Bio9637,100,0,4,Low
Tumakuru,Pavagada,Pavagada_Village_9,13.41662,77.0612,2,2023,29.3,58.1,42.8,38.4,14.7,Whorl,NK6240,20,6,5,Medium
Chamarajanagar,Gundlupet,Gundlupet_Village_8,11.70879,76.8534,6,2023,21.4,23.5,3.5,14.9,12.9,Tasseling,Kaveri KMH-25K61,44,1,1,Low
Raichur,Sindhanur,Sindhanur_Village_5,16.03431,77.24914,9,2025,23.8,65.1,9.4,33.3,14.4,Whorl,Pioneer 3396,25,1,72,Medium
Chitradurga,Molakalmuru,Molakalmuru_Village_7,14.00768,76.49916,10,2025,26.4,67.0,21.2,41.9,5.8,Silking,NK6240,56,3,8,Medium
Chikkaballapur,Sidlaghatta,Sidlaghatta_Village_5,13.38728,77.79644,12,2025,26.8,52.2,13.2,37.8,11.1,Vegetative,Pioneer 3396,23,4,9,Medium
Raichur,Sindhanur,Sindhanur_Village_3,16.1333,77.34572,4,2024,19.9,21.0,2.7,9.7,9.7,Vegetative,Bio9637,19,1,43,Low
Chikkaballapur,Chikkaballapur,Chikkaballapur_Village_7,13.18644,77.70387,2,2024,15.7,53.6,0.2,36.1,13.9,Maturity,DHM117 (Local Hybrid),97,2,79,Low
Mysuru,Piriyapatna,Piriyapatna_Village_8,12.40421,76.66306,7,2024,30.7,54.4,16.2,30.1,7.3,Silking,DKC9108,66,5,23,Medium
Gadag,Ron,Ron_Village_9,15.19663,75.5642,6,2025,29.5,98.0,55.0,66.1,7.8,Whorl,DHM117 (Local Hybrid),26,14,1,High
Tumakuru,Sira,Sira_Village_2,13.4087,77.14057,5,2025,21.3,27.2,3.1,17.9,12.3,Tasseling,P3501,48,2,5,Low
Davanagere,Harihara,Harihara_Village_5,14.64739,76.14443,2,2023,19.0,35.0,1.0,26.7,5.5,Maturity,Pioneer 3396,104,1,142,Low
Belagavi,Gokak,Gokak_Village_6,15.90099,74.47745,7,2024,24.3,71.4,15.6,42.8,3.7,Tasseling,DHM117 (Local Hybrid),50,5,27,Medium
Mysuru,Nanjangud,Nanjangud_Village_5,12.11813,76.86875,3,2024,26.4,72.2,16.2,45.4,1.4,Vegetative,30V92,19,4,28,Medium
Ballari,Sandur,Sandur_Village_6,14.98849,76.87978,9,2025,25.5,69.0,7.6,41.4,17.2,Maturity,Bio9637,110,6,3,Medium
Dharwad,Hubballi,Hubballi_Village_7,15.49628,75.18772,11,2023,24.1,75.0,12.5,45.5,8.1,Whorl,Bio9637,38,7,29,Medium
Chikkaballapur,Sidlaghatta,Sidlaghatta_Village_3,13.56823,77.48502,8,2024,32.7,68.2,6.6,36.1,8.5,Vegetative,Bio9637,23,5,18,Medium
Tumakuru,Tiptur,Tiptur_Village_9,13.29418,77.32768,8,2024,19.6,28.1,0.6,12.4,11.5,Vegetative,DHM117 (Local Hybrid),18,3,42,Low
Mysuru,Mysuru,Mysuru_Village_2,12.31869,76.59241,5,2023,23.4,30.4,0.2,13.5,8.8,Silking,Local Desi Maize,57,2,119,Low
Chikkaballapur,Sidlaghatta,Sidlaghatta_Village_9,13.36008,77.76784,8,2024,26.4,64.1,9.6,36.4,5.9,Whorl,DKC9108,23,3,20,Medium
Haveri,Savanur,Savanur_Village_1,14.6899,75.53211,5,2024,30.3,88.2,66.0,56.3,10.9,Maturity,DKC9108,87,11,11,High
Shivamogga,Bhadravati,Bhadravati_Village_8,13.69273,75.32302,7,2025,16.1,22.9,0.0,25.1,9.6,Silking,Bio9637,65,0,88,Low
Mysuru,Nanjangud,Nanjangud_Village_7,12.08483,76.41659,3,2024,23.6,62.2,26.6,33.5,9.7,Whorl,Kaveri KMH-25K61,40,4,5,Medium
Mysuru,Mysuru,Mysuru_Village_2,12.10516,76.49497,5,2024,22.3,79.3,16.2,47.4,5.1,Whorl,P3501,38,2,7,Medium
Tumakuru,Sira,Sira_Village_1,13.37233,76.87836,1,2025,29.2,68.5,4.5,34.6,9.6,Whorl,P3501,27,4,1,Medium
Koppal,Yelburga,Yelburga_Village_5,15.36441,76.00286,12,2025,25.2,61.4,31.5,46.2,0.0,Maturity,P3501,76,5,35,Medium
Shivamogga,Bhadravati,Bhadravati_Village_3,13.89955,75.36237,4,2024,26.1,73.3,7.2,51.1,3.0,Vegetative,Local Desi Maize,11,5,10,Medium
Ballari,Kudligi,Kudligi_Village_1,15.18926,77.14458,12,2023,32.5,81.4,55.7,55.2,9.3,Whorl,DKC9108,20,14,13,High
Dharwad,Hubballi,Hubballi_Village_5,15.31806,75.14989,9,2024,24.7,48.5,9.3,25.0,3.9,Vegetative,Rasi RCH-2,18,4,2,Medium
Hassan,Channarayapatna,Channarayapatna_Village_9,13.15695,76.00447,6,2024,30.3,47.6,10.0,26.5,6.6,Whorl,DKC9108,28,3,82,Medium
Shivamogga,Sagar,Sagar_Village_4,13.94214,75.76861,10,2023,26.0,48.1,3.1,27.0,6.2,Whorl,DHM117 (Local Hybrid),38,9,22,Medium
Raichur,Devadurga,Devadurga_Village_1,16.43462,77.37611,8,2025,20.1,36.9,0.2,21.3,7.8,Vegetative,Kaveri KMH-25K61,18,1,11,Low
Chamarajanagar,Chamarajanagar,Chamarajanagar_Village_6,12.06161,76.87955,11,2025,32.4,87.2,40.4,49.3,8.9,Whorl,Kaveri KMH-25K61,25,14,7,High
Dharwad,Kundgol,Kundgol_Village_2,15.58588,74.83918,2,2024,15.9,28.7,2.7,7.6,13.6,Maturity,Bio9637,103,0,26,Low
Ballari,Siruguppa,Siruguppa_Village_6,14.95211,76.79582,8,2023,33.2,87.7,39.9,55.8,9.4,Whorl,P3501,27,12,2,High
Koppal,Yelburga,Yelburga_Village_4,15.50995,76.29815,12,2024,26.5,59.3,29.4,34.7,10.7,Maturity,Kaveri KMH-25K61,92,2,15,Medium
Raichur,Lingsugur,Lingsugur_Village_5,16.18555,77.55551,10,2023,31.8,97.8,44.0,55.1,15.7,Whorl,DKC9108,29,11,14,High
Tumakuru,Sira,Sira_Village_5,13.52741,77.2245,8,2024,21.8,41.6,0.2,25.3,9.9,Maturity,P3501,78,0,180,Low
Mandya,Nagamangala,Nagamangala_Village_1,12.6107,77.13088,2,2023,26.8,59.4,18.1,40.8,12.6,Whorl,Kaveri KMH-25K61,20,8,18,Medium
Chitradurga,Chitradurga,Chitradurga_Village_5,14.13704,76.45324,4,2023,29.6,79.5,18.1,48.0,4.6,Whorl,Bio9637,33,10,0,High
Ballari,Hospet,Hospet_Village_9,15.27306,76.75346,9,2025,27.6,49.7,22.6,33.0,9.3,Whorl,NK6240,32,6,3,Medium
Raichur,Lingsugur,Lingsugur_Village_2,16.30288,77.22263,5,2024,33.9,90.9,43.9,51.2,12.6,Whorl,Pioneer 3396,35,17,23,High
Belagavi,Ramdurg,Ramdurg_Village_9,15.82497,74.45637,3,2024,14.0,34.6,6.9,17.7,11.6,Tasseling,Bio9637,48,1,104,Low
Koppal,Yelburga,Yelburga_Village_3,15.59398,76.0654,8,2024,28.3,54.4,11.8,22.9,2.4,Vegetative,Local Desi Maize,16,11,5,Medium
Ballari,Hospet,Hospet_Village_8,15.34713,76.88878,9,2024,26.3,60.6,32.9,41.4,7.1,Tasseling,Kaveri KMH-25K61,40,2,18,Medium
Chikkaballapur,Sidlaghatta,Sidlaghatta_Village_3,13.19719,77.51512,11,2025,32.2,97.9,19.6,58.3,11.3,Whorl,Bio9637,39,12,0,High
Koppal,Gangavathi,Gangavathi_Village_5,15.31737,76.38905,9,2025,30.3,83.7,61.8,64.6,9.0,Whorl,DKC9108,37,13,4,High
Ballari,Hospet,Hospet_Village_5,14.98989,76.75279,10,2025,33.1,89.4,100.7,65.1,11.8,Tasseling,30V92,41,10,0,High
Gadag,Shirahatti,Shirahatti_Village_5,15.39854,75.65168,9,2023,31.1,90.4,131.5,61.1,4.5,Whorl,Kaveri KMH-25K61,34,17,1,High
Belagavi,Athani,Athani_Village_2,15.75977,74.26892,2,2023,31.8,85.6,16.6,54.3,9.0,Whorl,Rasi RCH-2,23,15,1,High
Belagavi,Gokak,Gokak_Village_3,16.08126,74.39452,11,2024,25.6,44.8,26.5,26.7,5.0,Silking,Local Desi Maize,55,6,12,Medium
Tumakuru,Madhugiri,Madhugiri_Village_9,13.14562,76.91655,6,2025,23.8,62.6,61.3,41.7,0.0,Whorl,Local Desi Maize,24,8,54,Medium
Mysuru,Nanjangud,Nanjangud_Village_2,12.16574,76.69927,9,2023,28.9,58.0,9.1,36.0,0.0,Silking,Kaveri KMH-25K61,68,5,6,Medium
Mandya,Pandavapura,Pandavapura_Village_1,12.53637,76.99388,4,2025,34.7,95.7,30.5,65.1,6.2,Vegetative,P3501,13,12,5,High
Mandya,Mandya,Mandya_Village_2,12.65496,76.78717,10,2024,31.0,93.3,30.2,57.0,8.9,Silking,NK6240,58,15,1,High
Chamarajanagar,Gundlupet,Gundlupet_Village_9,11.70705,76.98557,6,2025,16.4,45.8,6.9,39.0,13.6,Silking,Bio9637,56,2,62,Low
Chitradurga,Molakalmuru,Molakalmuru_Village_4,14.18444,76.47875,3,2024,24.6,39.8,0.2,23.4,21.9,Maturity,P3501,103,1,42,Low
Chamarajanagar,Chamarajanagar,Chamarajanagar_Village_6,12.04265,76.71378,7,2024,33.2,77.6,45.2,59.8,8.5,Whorl,Rasi RCH-2,31,14,8,High
Chitradurga,Molakalmuru,Molakalmuru_Village_8,14.26862,76.54801,3,2024,27.2,60.0,42.6,45.4,9.2,Maturity,P3501,75,4,8,Medium
Dharwad,Hubballi,Hubballi_Village_8,15.59106,74.97843,6,2024,18.8,20.2,2.3,9.7,7.3,Silking,DHM117 (Local Hybrid),62,0,24,Low
Chitradurga,Hiriyur,Hiriyur_Village_1,14.35382,76.63364,3,2023,24.4,43.4,1.4,18.7,15.3,Maturity,NK6240,81,4,89,Low
Haveri,Byadagi,Byadagi_Village_9,14.94948,75.26379,5,2024,33.8,86.4,62.5,56.5,5.5,Whorl,Bio9637,33,9,0,High
Hassan,Channarayapatna,Channarayapatna_Village_8,13.04005,75.9958,5,2025,20.4,52.2,6.7,23.9,6.8,Maturity,Pioneer 3396,99,1,21,Low
Mysuru,Hunsur,Hunsur_Village_4,12.12826,76.68023,7,2024,25.5,58.3,20.1,34.9,3.6,Vegetative,Rasi RCH-2,10,2,32,Medium
Mandya,Malavalli,Malavalli_Village_2,12.61759,77.14256,8,2023,26.3,63.7,1.3,31.7,8.5,Whorl,DKC9108,30,8,36,Medium
Gadag,Nargund,Nargund_Village_8,15.46041,75.67852,3,2023,24.2,33.0,4.2,16.0,13.2,Tasseling,P3501,46,1,177,Low
Tumakuru,Madhugiri,Madhugiri_Village_1,13.41832,77.05904,3,2024,26.8,72.0,11.9,45.2,8.4,Whorl,30V92,30,4,23,Medium
Haveri,Savanur,Savanur_Village_5,14.85723,75.24251,8,2023,23.3,38.5,0.2,30.9,9.0,Maturity,Pioneer 3396,107,2,4,Low
Chitradurga,Holalkere,Holalkere_Village_7,14.09946,76.28739,3,2023,30.1,93.9,64.9,62.4,6.4,Whorl,Bio9637,23,11,0,High
Tumakuru,Madhugiri,Madhugiri_Village_6,13.40509,77.04836,3,2025,19.9,37.0,0.9,20.7,11.6,Maturity,DKC9108,75,0,6,Low
Haveri,Hirekerur,Hirekerur_Village_7,14.92641,75.64186,6,2023,14.0,42.6,3.6,36.5,13.0,Whorl,Pioneer 3396,36,0,32,Low
Chikkaballapur,Chikkaballapur,Chikkaballapur_Village_3,13.37834,77.62681,4,2024,21.2,35.1,1.6,22.6,8.5,Silking,Local Desi Maize,68,3,180,Low
Davanagere,Harihara,Harihara_Village_7,14.35483,75.72104,8,2024,22.9,73.7,20.2,39.6,4.4,Vegetative,Pioneer 3396,11,8,106,Medium
Hassan,Hassan,Hassan_Village_2,13.11465,76.26801,7,2023,32.1,94.6,19.7,60.9,9.9,Whorl,DKC9108,30,8,5,High
Chikkaballapur,Chintamani,Chintamani_Village_5,13.50441,77.78187,7,2025,24.2,48.3,3.5,28.3,1.7,Whorl,Kaveri KMH-25K61,20,3,0,Medium
Mandya,Pandavapura,Pandavapura_Village_1,12.71468,76.71894,7,2024,30.3,88.4,76.5,60.9,7.7,Whorl,DKC9108,26,13,1,High
Shivamogga,Soraba,Soraba_Village_8,13.95122,75.48872,5,2023,29.4,46.6,18.2,23.2,6.5,Tasseling,DKC9108,46,8,33,Medium
Tumakuru,Pavagada,Pavagada_Village_5,13.55952,77.02321,6,2025,17.8,41.8,1.0,21.3,11.6,Maturity,NK6240,78,1,33,Low
Shivamogga,Sagar,Sagar_Village_3,14.13314,75.32945,10,2025,25.6,63.0,38.2,47.9,11.4,Whorl,NK6240,22,3,16,Medium
Haveri,Shiggaon,Shiggaon_Village_5,14.92613,75.38318,8,2025,21.8,37.2,0.1,10.3,12.1,Maturity,30V92,78,2,62,Low
Ballari,Hospet,Hospet_Village_3,14.98408,76.93836,11,2023,22.0,42.6,0.1,28.0,8.5,Maturity,P3501,96,2,13,Low
Ballari,Hospet,Hospet_Village_9,15.2122,77.01967,4,2024,22.0,41.4,1.2,14.0,17.1,Maturity,30V92,80,1,44,Low
Tumakuru,Tumakuru,Tumakuru_Village_1,13.4675,77.14209,2,2023,29.3,98.0,32.9,57.6,3.6,Whorl,DKC9108,20,15,29,High
Dharwad,Navalgund,Navalgund_Village_4,15.37182,74.91409,9,2023,26.8,41.3,2.6,18.9,15.0,Silking,DHM117 (Local Hybrid),60,1,19,Low
Gadag,Mundargi,Mundargi_Village_7,15.51747,75.43956,1,2024,27.2,59.4,81.9,49.1,10.0,Vegetative,30V92,21,1,18,Medium
Raichur,Raichur,Raichur_Village_9,16.35063,77.28843,1,2025,32.1,57.6,6.2,34.3,13.9,Silking,Local Desi Maize,68,4,3,Medium
Shivamogga,Sagar,Sagar_Village_6,13.98162,75.6256,6,2025,28.9,47.1,24.1,20.0,10.0,Vegetative,DHM117 (Local Hybrid),22,9,24,Medium
Dharwad,Hubballi,Hubballi_Village_3,15.60569,74.87551,1,2025,27.8,51.1,8.7,32.3,6.0,Whorl,Rasi RCH-2,38,7,38,Medium
Ballari,Sandur,Sandur_Village_2,15.05803,76.86811,11,2023,22.2,38.9,4.0,21.7,8.5,Silking,30V92,61,1,25,Low
Ballari,Hospet,Hospet_Village_8,15.00969,76.68883,3,2023,18.6,37.8,0.9,24.6,13.2,Maturity,DKC9108,108,1,21,Low
Ballari,Kudligi,Kudligi_Village_6,15.07029,76.72408,9,2024,26.7,49.9,27.6,24.5,9.0,Tasseling,Pioneer 3396,53,9,75,Medium
Haveri,Shiggaon,Shiggaon_Village_2,14.5519,75.62462,3,2024,30.9,79.9,86.4,58.1,6.9,Whorl,Kaveri KMH-25K61,20,12,2,High
Shivamogga,Soraba,Soraba_Village_3,14.11055,75.3276,11,2024,30.7,56.7,5.1,28.8,9.6,Maturity,DHM117 (Local Hybrid),96,5,82,Medium
Belagavi,Gokak,Gokak_Village_9,15.66038,74.60654,9,2024,30.3,92.1,55.2,61.2,5.4,Whorl,30V92,35,13,15,High
Mysuru,Piriyapatna,Piriyapatna_Village_3,12.22689,76.43334,7,2024,32.4,88.3,30.0,58.9,12.0,Whorl,DHM117 (Local Hybrid),40,15,16,High
Koppal,Koppal,Koppal_Village_9,15.522,75.93142,9,2025,22.9,52.8,17.9,35.5,6.2,Whorl,NK6240,33,3,36,Medium
Ballari,Ballari,Ballari_Village_6,15.09362,77.04568,3,2023,25.8,52.8,37.0,33.8,10.7,Whorl,30V92,35,4,4,Medium
Mysuru,Hunsur,Hunsur_Village_2,12.10049,76.53265,10,2024,29.2,64.8,0.6,32.3,7.7,Tasseling,Local Desi Maize,55,8,26,Medium
Belagavi,Chikkodi,Chikkodi_Village_6,15.86453,74.59528,12,2023,33.9,88.6,30.0,48.5,9.0,Whorl,NK6240,22,8,0,High
Dharwad,Navalgund,Navalgund_Village_8,15.29469,74.81515,4,2025,19.2,22.9,0.2,15.1,3.2,Silking,30V92,63,1,71,Low
Tumakuru,Pavagada,Pavagada_Village_2,13.5813,77.15099,8,2025,30.4,98.0,12.4,54.7,6.8,Whorl,NK6240,30,6,15,High
Shivamogga,Shikaripura,Shikaripura_Village_2,13.97175,75.71082,7,2023,14.0,34.4,3.6,11.3,16.0,Maturity,DKC9108,89,0,80,Low
Mysuru,Nanjangud,Nanjangud_Village_8,12.27332,76.82846,12,2024,32.8,76.1,51.0,50.5,10.4,Whorl,Rasi RCH-2,39,21,9,High
Chikkaballapur,Chintamani,Chintamani_Village_4,13.40422,77.72057,5,2024,19.4,32.4,1.5,12.8,12.7,Tasseling,P3501,52,1,25,Low
Chikkaballapur,Chintamani,Chintamani_Village_5,13.19981,77.70294,9,2023,30.0,57.1,9.3,37.1,2.9,Vegetative,Local Desi Maize,16,4,18,Medium
Mysuru,Piriyapatna,Piriyapatna_Village_4,12.16521,76.87442,8,2024,29.6,71.4,16.9,35.7,11.7,Vegetative,Local Desi Maize,18,5,72,Medium
Koppal,Yelburga,Yelburga_Village_2,15.45336,76.33915,10,2025,27.0,48.9,7.6,38.7,6.1,Tasseling,Rasi RCH-2,53,2,1,Medium
Mysuru,K.R. Nagar,K.R. Nagar_Village_8,12.3598,76.52242,5,2025,20.2,50.3,1.1,32.4,9.7,Maturity,30V92,94,1,15,Low
Davanagere,Harihara,Harihara_Village_5,14.67372,76.04632,8,2025,32.8,88.4,57.5,53.8,8.3,Tasseling,30V92,44,11,0,High
Raichur,Sindhanur,Sindhanur_Village_8,16.04066,77.15935,9,2024,30.5,61.3,11.8,32.2,12.2,Silking,30V92,63,7,8,Medium
Mysuru,K.R. Nagar,K.R. Nagar_Village_5,12.25124,76.60467,11,2023,32.4,92.4,13.9,57.1,11.3,Vegetative,DHM117 (Local Hybrid),10,19,1,High
Chikkaballapur,Chikkaballapur,Chikkaballapur_Village_4,13.43763,77.70667,4,2025,31.2,69.0,0.4,35.7,6.8,Whorl,30V92,31,1,18,Medium
Shivamogga,Soraba,Soraba_Village_8,13.94228,75.71169,11,2024,29.3,77.8,10.3,41.4,9.7,Vegetative,30V92,17,3,2,Medium
Koppal,Kushtagi,Kushtagi_Village_8,15.48725,76.24121,9,2025,27.7,61.3,25.5,36.7,8.0,Tasseling,P3501,42,4,31,Medium
Haveri,Hirekerur,Hirekerur_Village_3,14.99175,75.15977,2,2023,26.4,60.9,9.0,38.7,9.8,Maturity,Bio9637,92,9,1,Medium
Haveri,Savanur,Savanur_Village_8,14.55873,75.25935,10,2024,24.7,69.9,54.6,50.3,0.1,Whorl,DKC9108,27,3,40,Medium
Davanagere,Harihara,Harihara_Village_4,14.46359,75.85638,5,2025,32.8,85.4,20.8,47.6,5.6,Whorl,Kaveri KMH-25K61,30,17,14,High
Shivamogga,Shikaripura,Shikaripura_Village_6,13.76102,75.48258,8,2025,31.0,75.6,36.2,45.4,8.1,Vegetative,Rasi RCH-2,22,17,1,High
Haveri,Ranebennur,Ranebennur_Village_9,14.66962,75.21495,11,2024,14.3,39.8,1.3,25.9,12.4,Tasseling,Local Desi Maize,49,2,15,Low
Shivamogga,Sagar,Sagar_Village_1,13.86383,75.47888,5,2024,25.6,65.7,21.5,45.8,2.0,Silking,NK6240,61,4,3,Medium
Chikkaballapur,Chikkaballapur,Chikkaballapur_Village_7,13.48457,77.94277,2,2025,33.0,81.7,41.6,50.7,5.3,Tasseling,Bio9637,47,17,11,High
Davanagere,Channagiri,Channagiri_Village_3,14.58177,75.72589,10,2024,32.9,92.8,58.2,53.8,8.6,Vegetative,NK6240,17,10,0,High
Koppal,Gangavathi,Gangavathi_Village_3,15.5827,75.97953,5,2023,19.0,39.3,1.2,23.7,11.2,Vegetative,Rasi RCH-2,19,1,49,Low
Chikkaballapur,Chintamani,Chintamani_Village_6,13.40441,77.71056,5,2023,23.1,65.9,19.3,40.1,11.5,Tasseling,DKC9108,45,1,16,Medium
Chikkaballapur,Chikkaballapur,Chikkaballapur_Village_3,13.66831,77.57599,9,2025,25.9,80.5,11.9,38.5,15.1,Silking,Kaveri KMH-25K61,67,10,5,Medium
Chikkaballapur,Sidlaghatta,Sidlaghatta_Village_9,13.34165,77.65094,7,2024,26.9,55.5,2.2,33.8,6.7,Maturity,Pioneer 3396,85,5,2,Medium
Tumakuru,Tumakuru,Tumakuru_Village_1,13.34106,77.34994,2,2023,33.8,85.8,23.6,59.1,4.4,Whorl,P3501,40,18,0,High
Chitradurga,Hiriyur,Hiriyur_Village_4,14.26061,76.61186,4,2025,28.6,45.9,1.5,29.2,9.9,Tasseling,Bio9637,50,9,19,Medium
Haveri,Ranebennur,Ranebennur_Village_9,14.70319,75.52696,12,2025,28.5,72.7,7.6,44.0,13.5,Whorl,Kaveri KMH-25K61,38,4,4,Medium
Mandya,Nagamangala,Nagamangala_Village_1,12.52754,76.93377,10,2025,29.5,61.5,3.8,27.2,3.7,Maturity,Local Desi Maize,97,9,82,Medium
Gadag,Mundargi,Mundargi_Village_6,15.39222,75.73644,1,2025,29.6,85.0,64.0,55.5,6.2,Whorl,Kaveri KMH-25K61,40,8,9,High
Mysuru,Nanjangud,Nanjangud_Village_3,12.16755,76.82859,5,2024,24.8,62.0,18.2,43.9,12.2,Whorl,Local Desi Maize,28,6,5,Medium
Gadag,Nargund,Nargund_Village_6,15.64607,75.58722,8,2025,27.6,68.2,1.0,41.9,6.7,Maturity,Kaveri KMH-25K61,87,5,28,Medium
Mysuru,Piriyapatna,Piriyapatna_Village_3,12.33063,76.76291,1,2024,22.9,41.5,1.0,14.9,10.7,Maturity,P3501,87,1,180,Low
Gadag,Gadag,Gadag_Village_1,15.28561,75.49411,1,2025,19.3,24.8,1.5,11.1,15.5,Maturity,Kaveri KMH-25K61,110,1,133,Low
Raichur,Devadurga,Devadurga_Village_4,15.95892,77.45078,12,2025,26.2,53.1,5.2,35.2,6.6,Whorl,DKC9108,27,6,4,Medium
Shivamogga,Bhadravati,Bhadravati_Village_7,13.72601,75.51566,7,2023,33.4,84.9,83.3,61.4,14.4,Vegetative,Local Desi Maize,21,15,7,High
Gadag,Mundargi,Mundargi_Village_1,15.28351,75.81093,7,2023,28.3,87.9,54.6,50.4,8.4,Vegetative,Local Desi Maize,13,7,3,High
Chamarajanagar,Gundlupet,Gundlupet_Village_3,12.09603,77.08881,3,2023,28.4,55.1,5.9,32.7,5.2,Whorl,Bio9637,21,5,0,Medium
Haveri,Savanur,Savanur_Village_4,14.83804,75.41295,3,2023,26.1,80.1,47.3,47.6,13.1,Silking,Pioneer 3396,67,5,20,Medium
Belagavi,Saundatti,Saundatti_Village_8,15.75397,74.37878,5,2023,31.8,86.8,34.5,60.7,8.6,Whorl,Rasi RCH-2,26,13,2,High
Dharwad,Navalgund,Navalgund_Village_1,15.32764,74.96411,10,2023,33.9,83.2,28.1,54.8,12.3,Vegetative,Kaveri KMH-25K61,17,15,3,High
Tumakuru,Tumakuru,Tumakuru_Village_9,13.30955,77.15419,2,2023,20.2,35.0,4.6,9.5,7.9,Maturity,P3501,93,1,13,Low
Davanagere,Davanagere,Davanagere_Village_3,14.49908,75.96584,8,2023,28.1,66.6,17.4,43.8,4.7,Vegetative,DHM117 (Local Hybrid),11,4,6,Medium
Chamarajanagar,Chamarajanagar,Chamarajanagar_Village_9,11.81068,77.01575,3,2025,22.0,30.5,6.2,15.1,12.7,Maturity,DHM117 (Local Hybrid),82,0,178,Low
Mysuru,Mysuru,Mysuru_Village_9,12.21606,76.83385,6,2023,17.8,28.0,0.7,24.7,8.4,Tasseling,P3501,51,2,109,Low
Mysuru,Mysuru,Mysuru_Village_9,12.36048,76.68008,8,2025,27.7,68.8,9.9,32.1,11.6,Maturity,DHM117 (Local Hybrid),84,5,180,Medium
Haveri,Savanur,Savanur_Village_7,14.99804,75.16284,4,2023,32.1,89.1,62.5,53.3,6.3,Whorl,P3501,35,10,8,High
Chamarajanagar,Yelandur,Yelandur_Village_6,11.84245,77.16448,3,2024,24.5,42.0,0.1,26.2,14.2,Maturity,30V92,110,1,64,Low
Chamarajanagar,Gundlupet,Gundlupet_Village_7,11.95483,76.87658,6,2025,31.8,70.0,17.1,39.9,13.6,Silking,Bio9637,64,2,7,Medium
Shivamogga,Bhadravati,Bhadravati_Village_4,13.69282,75.41834,9,2025,30.0,80.4,38.8,47.3,11.9,Vegetative,30V92,21,14,0,High
Hassan,Hassan,Hassan_Village_8,12.82382,76.06285,3,2024,31.8,91.7,49.8,54.6,2.3,Whorl,DKC9108,22,16,12,High
Ballari,Hospet,Hospet_Village_7,15.0436,77.07045,8,2023,35.2,85.8,36.0,52.0,9.2,Tasseling,Local Desi Maize,41,8,1,High
Chikkaballapur,Chintamani,Chintamani_Village_8,13.23958,77.81964,2,2025,18.4,36.9,2.5,15.7,0.1,Maturity,DHM117 (Local Hybrid),101,0,72,Low
Mandya,Mandya,Mandya_Village_5,12.72796,77.05589,10,2024,18.6,42.8,1.8,28.3,11.8,Maturity,NK6240,82,1,44,Low
Davanagere,Harihara,Harihara_Village_2,14.58643,75.80778,10,2025,23.5,23.1,2.3,18.5,15.5,Maturity,Rasi RCH-2,90,1,55,Low
Mandya,Mandya,Mandya_Village_2,12.31496,77.03125,10,2024,16.6,34.7,0.3,19.9,22.1,Tasseling,DKC9108,54,3,6,Low
Shivamogga,Shikaripura,Shikaripura_Village_4,13.85102,75.52528,3,2023,24.1,54.8,11.7,26.0,11.8,Tasseling,Pioneer 3396,55,3,62,Medium
Haveri,Hirekerur,Hirekerur_Village_2,14.80327,75.6461,4,2023,35.7,95.6,19.9,54.4,9.7,Whorl,30V92,25,12,5,High
Haveri,Ranebennur,Ranebennur_Village_8,14.76683,75.26891,5,2023,29.0,49.6,9.5,35.5,6.9,Whorl,Bio9637,33,5,7,Medium
Chamarajanagar,Yelandur,Yelandur_Village_7,11.79047,77.11497,10,2024,25.1,58.4,7.1,38.4,10.9,Tasseling,Rasi RCH-2,40,4,6,Medium
Tumakuru,Madhugiri,Madhugiri_Village_5,13.51925,77.02231,5,2025,26.2,67.4,18.0,37.8,17.7,Tasseling,Kaveri KMH-25K61,54,5,18,Medium
Chamarajanagar,Gundlupet,Gundlupet_Village_3,11.88264,76.72971,3,2023,32.5,84.4,80.4,62.6,3.5,Vegetative,Rasi RCH-2,25,15,0,High
Hassan,Hassan,Hassan_Village_2,12.79554,76.29534,8,2025,23.0,33.6,0.3,10.7,13.2,Maturity,P3501,105,3,180,Low
Dharwad,Dharwad,Dharwad_Village_8,15.24975,75.12315,9,2023,26.1,34.5,0.2,22.0,6.7,Vegetative,P3501,24,0,150,Low
Mysuru,Nanjangud,Nanjangud_Village_8,12.40443,76.61053,8,2024,23.5,23.0,6.2,12.0,10.2,Tasseling,DKC9108,44,2,101,Low
Raichur,Devadurga,Devadurga_Village_9,16.12461,77.36058,8,2023,19.8,30.9,0.0,21.1,13.7,Tasseling,NK6240,54,2,5,Low
Belagavi,Belagavi,Belagavi_Village_7,16.08337,74.39956,11,2025,17.2,25.3,0.1,19.1,10.7,Tasseling,Pioneer 3396,47,1,3,Low
Mysuru,Nanjangud,Nanjangud_Village_6,12.52417,76.80997,12,2023,29.9,79.9,15.9,53.3,1.6,Whorl,NK6240,36,11,0,High
Chitradurga,Hiriyur,Hiriyur_Village_6,13.986,76.41277,8,2025,29.7,73.7,23.7,42.4,2.1,Silking,DKC9108,58,6,35,Medium
Tumakuru,Tumakuru,Tumakuru_Village_8,13.23188,76.92997,11,2024,31.4,86.2,86.6,60.8,10.0,Whorl,Bio9637,25,12,6,High
Mandya,Pandavapura,Pandavapura_Village_2,12.39409,76.91173,7,2024,15.7,42.7,1.8,22.6,3.4,Maturity,30V92,86,1,89,Low
Chamarajanagar,Kollegal,Kollegal_Village_5,11.80097,77.12678,2,2025,22.0,32.4,0.9,5.5,13.3,Vegetative,Rasi RCH-2,19,0,46,Low
Dharwad,Hubballi,Hubballi_Village_9,15.25092,74.98264,4,2023,24.7,28.0,5.3,22.7,21.0,Silking,Local Desi Maize,68,0,10,Low
Dharwad,Navalgund,Navalgund_Village_8,15.61486,74.89464,10,2024,30.9,80.8,40.8,46.9,7.7,Vegetative,Pioneer 3396,14,17,20,High
Dharwad,Hubballi,Hubballi_Village_1,15.64809,74.88439,7,2023,20.7,32.1,0.5,24.7,10.3,Maturity,Rasi RCH-2,91,2,49,Low
Hassan,Hassan,Hassan_Village_6,13.23996,76.25817,1,2024,25.5,35.7,0.5,11.2,10.8,Maturity,Local Desi Maize,83,3,0,Low
Belagavi,Athani,Athani_Village_1,16.07263,74.5746,9,2025,31.4,82.6,65.0,54.5,7.9,Whorl,Rasi RCH-2,20,9,3,High
Davanagere,Jagalur,Jagalur_Village_1,14.49702,75.95074,12,2025,20.9,30.1,0.2,18.6,5.2,Maturity,Kaveri KMH-25K61,85,3,180,Low
Chamarajanagar,Gundlupet,Gundlupet_Village_9,12.14779,76.95891,12,2025,16.0,41.6,1.0,25.2,5.2,Whorl,Local Desi Maize,40,0,63,Low
Chitradurga,Challakere,Challakere_Village_5,14.32201,76.28224,10,2024,35.4,85.1,22.2,52.4,12.5,Vegetative,Bio9637,25,12,6,High
Shivamogga,Shivamogga,Shivamogga_Village_9,14.09225,75.78461,8,2024,26.3,54.0,7.6,36.5,13.7,Vegetative,Rasi RCH-2,23,7,23,Medium
Haveri,Haveri,Haveri_Village_1,14.80331,75.5255,2,2024,27.2,46.2,1.5,18.7,12.3,Whorl,DKC9108,37,7,30,Medium
Mandya,Mandya,Mandya_Village_6,12.56139,77.13963,7,2023,30.4,87.8,23.1,55.3,5.1,Tasseling,Bio9637,41,16,1,High
Chitradurga,Hiriyur,Hiriyur_Village_8,14.13574,76.43813,6,2023,30.3,80.7,51.8,54.2,3.6,Whorl,Rasi RCH-2,29,10,5,High
Koppal,Gangavathi,Gangavathi_Village_9,15.28546,76.2911,6,2025,24.6,56.9,58.2,28.6,14.2,Maturity,NK6240,93,2,0,Medium
Mysuru,K.R. Nagar,K.R. Nagar_Village_9,12.37858,76.47622,7,2023,27.5,79.7,1.7,41.4,0.4,Vegetative,P3501,25,5,54,Medium
Davanagere,Harihara,Harihara_Village_3,14.6864,75.68693,9,2023,19.7,32.6,0.8,15.5,7.4,Tasseling,DKC9108,40,0,180,Low
Mysuru,Hunsur,Hunsur_Village_7,12.29695,76.73378,2,2023,34.2,86.0,25.6,44.2,8.3,Whorl,NK6240,23,9,6,High
Haveri,Savanur,Savanur_Village_8,14.62088,75.25655,9,2025,27.4,42.1,6.8,21.0,9.4,Vegetative,Local Desi Maize,13,5,0,Medium
Chamarajanagar,Chamarajanagar,Chamarajanagar_Village_3,12.17158,77.16405,6,2025,29.9,45.4,6.7,29.2,5.2,Vegetative,DHM117 (Local Hybrid),20,9,5,Medium
Ballari,Siruguppa,Siruguppa_Village_7,14.94264,76.67493,8,2024,26.9,55.6,7.8,31.3,3.9,Maturity,Pioneer 3396,93,6,28,Medium
Dharwad,Navalgund,Navalgund_Village_5,15.58779,74.96017,5,2025,25.5,57.0,52.0,40.0,6.8,Vegetative,NK6240,20,5,54,Medium
Chamarajanagar,Yelandur,Yelandur_Village_4,11.74281,76.71593,9,2023,28.7,47.1,5.9,30.2,10.8,Vegetative,Local Desi Maize,25,12,98,Medium
Gadag,Shirahatti,Shirahatti_Village_2,15.2796,75.81705,11,2025,23.8,30.8,0.5,21.6,9.4,Maturity,Local Desi Maize,99,0,40,Low
Davanagere,Jagalur,Jagalur_Village_6,14.67095,76.13472,10,2025,24.2,33.3,2.9,19.3,18.6,Silking,NK6240,65,1,18,Low
Tumakuru,Tiptur,Tiptur_Village_1,13.39718,77.1197,10,2024,33.8,86.8,71.2,59.6,16.4,Whorl,Pioneer 3396,22,13,0,High
Gadag,Nargund,Nargund_Village_8,15.35651,75.71675,11,2023,26.2,50.2,14.2,25.9,9.5,Silking,P3501,56,7,22,Medium
Dharwad,Dharwad,Dharwad_Village_3,15.34338,74.99086,3,2025,25.2,50.5,15.2,24.4,12.9,Tasseling,Local Desi Maize,47,7,46,Medium
Koppal,Gangavathi,Gangavathi_Village_1,15.22233,75.91372,7,2023,26.9,61.3,14.8,43.2,3.5,Whorl,P3501,28,3,18,Medium
Mandya,Mandya,Mandya_Village_8,12.40317,77.1025,1,2023,15.1,34.3,0.4,19.8,18.9,Silking,NK6240,62,1,153,Low
Raichur,Lingsugur,Lingsugur_Village_3,16.41962,77.5113,6,2025,33.5,82.6,32.8,46.0,6.6,Whorl,DHM117 (Local Hybrid),33,13,3,High
Gadag,Mundargi,Mundargi_Village_6,15.51014,75.81979,6,2023,26.9,59.9,7.4,39.1,11.5,Vegetative,DHM117 (Local Hybrid),23,9,18,Medium
Chitradurga,Holalkere,Holalkere_Village_2,14.38802,76.52427,8,2025,24.4,50.4,16.2,29.4,12.6,Whorl,Local Desi Maize,40,6,8,Medium
Tumakuru,Pavagada,Pavagada_Village_4,13.25138,77.10468,11,2025,31.1,87.9,36.6,62.2,15.8,Vegetative,NK6240,21,10,1,High
Hassan,Hassan,Hassan_Village_2,13.07468,75.91913,11,2023,25.9,50.8,11.6,37.2,6.9,Silking,Bio9637,55,5,16,Medium
Dharwad,Kundgol,Kundgol_Village_8,15.68684,75.18857,2,2023,20.3,29.3,0.1,23.7,11.5,Maturity,NK6240,105,0,180,Low
Mysuru,Nanjangud,Nanjangud_Village_3,12.26837,76.60181,4,2025,28.3,45.7,7.0,26.1,7.0,Vegetative,Pioneer 3396,22,6,22,Medium
Chikkaballapur,Sidlaghatta,Sidlaghatta_Village_1,13.40497,77.59408,7,2024,23.3,68.3,32.2,44.9,5.4,Whorl,Local Desi Maize,34,8,47,Medium
Chamarajanagar,Yelandur,Yelandur_Village_3,12.0524,76.98937,1,2024,33.3,83.9,31.0,50.2,7.1,Vegetative,Local Desi Maize,13,15,0,High
Gadag,Shirahatti,Shirahatti_Village_8,15.22229,75.70374,8,2024,18.3,31.1,0.4,22.8,12.0,Tasseling,DHM117 (Local Hybrid),55,0,99,Low
Haveri,Shiggaon,Shiggaon_Village_5,14.98608,75.53173,4,2023,28.3,47.9,10.2,20.1,7.6,Tasseling,Kaveri KMH-25K61,44,8,6,Medium
Dharwad,Kundgol,Kundgol_Village_8,15.21403,74.88042,3,2025,16.8,21.7,1.0,5.0,8.8,Vegetative,Kaveri KMH-25K61,23,1,55,Low
Haveri,Hirekerur,Hirekerur_Village_8,14.69261,75.58709,11,2024,23.6,71.0,18.1,41.5,10.9,Whorl,DKC9108,40,7,38,Medium
Belagavi,Chikkodi,Chikkodi_Village_5,15.77704,74.72905,4,2024,21.2,38.8,0.2,21.7,8.4,Maturity,30V92,110,0,79,Low
Koppal,Koppal,Koppal_Village_6,15.31415,76.20138,6,2023,23.1,63.2,13.4,36.1,4.1,Tasseling,DHM117 (Local Hybrid),43,5,3,Medium
Ballari,Hospet,Hospet_Village_3,14.99068,76.89865,1,2024,31.3,88.8,22.3,50.7,9.8,Maturity,Local Desi Maize,103,8,0,High
Mysuru,Hunsur,Hunsur_Village_8,12.36841,76.44859,10,2025,29.7,54.4,15.7,36.4,10.7,Tasseling,Kaveri KMH-25K61,41,2,24,Medium
Dharwad,Kundgol,Kundgol_Village_2,15.23283,75.12484,8,2024,31.5,89.2,105.0,69.7,8.1,Whorl,30V92,39,11,10,High
Koppal,Koppal,Koppal_Village_3,15.54624,76.00996,12,2024,27.8,61.8,20.4,30.6,8.3,Vegetative,Rasi RCH-2,21,5,16,Medium
Tumakuru,Tumakuru,Tumakuru_Village_1,13.22348,76.93607,10,2023,34.4,84.8,22.1,59.4,10.4,Vegetative,DKC9108,11,6,23,High
Koppal,Kushtagi,Kushtagi_Village_9,15.56189,76.14164,11,2024,32.5,81.8,36.7,62.5,8.5,Tasseling,Rasi RCH-2,47,21,5,High
Mysuru,Piriyapatna,Piriyapatna_Village_8,12.45205,76.88484,7,2023,24.2,61.5,48.5,43.3,4.7,Vegetative,Local Desi Maize,19,12,30,Medium
Gadag,Shirahatti,Shirahatti_Village_4,15.60962,75.64868,1,2023,29.0,50.8,27.2,31.9,7.2,Maturity,P3501,94,3,27,Medium
Haveri,Shiggaon,Shiggaon_Village_5,15.01354,75.29657,2,2025,29.0,57.2,6.6,34.4,11.5,Tasseling,30V92,44,3,7,Medium
Raichur,Raichur,Raichur_Village_5,16.11431,77.21868,1,2024,33.9,84.8,89.6,65.5,11.1,Tasseling,P3501,55,13,1,High
Chikkaballapur,Sidlaghatta,Sidlaghatta_Village_6,13.22381,77.48373,7,2024,32.7,82.5,77.6,63.9,5.5,Whorl,Bio9637,31,18,6,High
Chikkaballapur,Gudibande,Gudibande_Village_7,13.30184,77.89022,4,2024,23.5,77.6,16.7,56.7,3.5,Tasseling,Kaveri KMH-25K61,41,3,42,Medium
Raichur,Raichur,Raichur_Village_9,16.23935,77.32512,11,2024,28.2,49.2,32.5,35.7,2.6,Whorl,Pioneer 3396,37,3,32,Medium
Chikkaballapur,Gudibande,Gudibande_Village_6,13.55584,77.53632,10,2025,24.7,33.3,1.8,17.5,5.6,Vegetative,Local Desi Maize,25,0,18,Low
Belagavi,Saundatti,Saundatti_Village_8,15.6238,74.43079,5,2024,33.5,78.8,39.9,45.3,9.9,Whorl,DKC9108,28,16,37,High
Shivamogga,Shikaripura,Shikaripura_Village_7,14.05115,75.56857,11,2025,31.5,59.8,24.4,33.2,12.7,Vegetative,Rasi RCH-2,20,6,1,Medium
Chikkaballapur,Chikkaballapur,Chikkaballapur_Village_9,13.18614,77.96713,7,2025,22.4,73.8,7.1,49.6,5.5,Whorl,Bio9637,20,5,23,Medium
Chamarajanagar,Yelandur,Yelandur_Village_1,12.02747,76.80855,7,2024,35.0,86.0,48.1,55.5,9.4,Vegetative,Rasi RCH-2,23,13,0,High
Haveri,Shiggaon,Shiggaon_Village_1,14.65426,75.60329,12,2023,28.9,59.1,17.7,33.7,13.4,Tasseling,Pioneer 3396,47,4,37,Medium
Belagavi,Athani,Athani_Village_9,15.87473,74.41246,12,2025,26.6,52.8,31.3,28.9,10.8,Maturity,DHM117 (Local Hybrid),105,2,19,Medium
Koppal,Kushtagi,Kushtagi_Village_3,15.44387,76.3102,1,2024,23.4,16.9,0.3,8.1,15.9,Tasseling,DKC9108,50,0,18,Low
Gadag,Ron,Ron_Village_1,15.36572,75.64084,9,2025,26.0,69.9,11.6,38.6,5.1,Whorl,Local Desi Maize,37,3,1,Medium
Mandya,Nagamangala,Nagamangala_Village_3,12.33709,76.6498,3,2025,32.7,82.8,60.6,58.3,6.3,Silking,NK6240,70,11,12,High
Chikkaballapur,Sidlaghatta,Sidlaghatta_Village_3,13.19306,77.91429,5,2023,23.6,25.8,3.8,6.6,13.7,Maturity,Kaveri KMH-25K61,108,1,6,Low
Dharwad,Hubballi,Hubballi_Village_2,15.67727,74.89383,10,2024,25.7,64.4,16.4,31.4,3.7,Silking,30V92,61,3,29,Medium
Haveri,Ranebennur,Ranebennur_Village_1,14.85579,75.35289,2,2024,29.3,54.8,19.6,30.7,1.9,Tasseling,Local Desi Maize,55,8,5,Medium
Dharwad,Navalgund,Navalgund_Village_5,15.21878,75.22932,5,2024,34.6,91.9,91.2,60.3,2.3,Whorl,Rasi RCH-2,22,15,4,High
Chikkaballapur,Gudibande,Gudibande_Village_4,13.22016,77.642,2,2023,24.1,51.7,18.7,28.6,11.0,Vegetative,Pioneer 3396,18,7,20,Medium
Chikkaballapur,Chikkaballapur,Chikkaballapur_Village_3,13.31424,77.87449,6,2024,20.5,44.0,0.4,29.7,17.7,Maturity,Kaveri KMH-25K61,76,0,39,Low
Belagavi,Saundatti,Saundatti_Village_3,15.77922,74.36503,2,2024,29.2,39.7,7.3,14.5,6.4,Tasseling,Pioneer 3396,42,6,17,Medium
Chamarajanagar,Chamarajanagar,Chamarajanagar_Village_3,12.00312,76.76014,9,2024,25.6,69.6,15.2,38.4,8.4,Whorl,DKC9108,26,2,35,Medium
Chikkaballapur,Gudibande,Gudibande_Village_8,13.35079,77.91726,8,2023,27.5,45.8,2.0,35.8,7.7,Whorl,DHM117 (Local Hybrid),22,6,17,Medium
Dharwad,Kundgol,Kundgol_Village_8,15.27767,74.77127,6,2023,22.5,67.2,36.4,34.4,8.9,Maturity,Bio9637,107,6,10,Medium
Haveri,Shiggaon,Shiggaon_Village_5,14.96705,75.36503,5,2025,33.6,91.3,51.0,54.4,10.7,Whorl,Kaveri KMH-25K61,22,14,5,High
Mandya,Pandavapura,Pandavapura_Village_8,12.6798,76.80965,6,2024,24.2,58.4,8.3,37.5,1.6,Whorl,NK6240,25,1,5,Medium
Mandya,Nagamangala,Nagamangala_Village_1,12.36742,77.00232,1,2023,27.5,50.1,18.3,27.1,2.3,Whorl,Bio9637,30,7,18,Medium
Tumakuru,Pavagada,Pavagada_Village_6,13.0895,77.1909,11,2023,35.6,83.9,17.3,43.7,4.1,Whorl,30V92,30,17,2,High
Haveri,Ranebennur,Ranebennur_Village_3,14.56675,75.30821,11,2025,28.3,51.9,30.6,34.5,5.7,Whorl,Kaveri KMH-25K61,34,8,41,Medium
Shivamogga,Soraba,Soraba_Village_3,14.07677,75.35587,9,2023,27.3,63.7,17.2,39.5,7.6,Tasseling,DHM117 (Local Hybrid),44,5,60,Medium
Ballari,Kudligi,Kudligi_Village_5,15.1559,76.96666,10,2025,26.5,74.6,18.2,32.0,3.0,Whorl,Bio9637,23,6,91,Medium
Davanagere,Channagiri,Channagiri_Village_8,14.2172,76.05893,3,2025,26.5,53.5,15.1,34.0,13.2,Whorl,Local Desi Maize,38,6,6,Medium
Mandya,Mandya,Mandya_Village_5,12.74285,76.85067,2,2024,22.0,31.6,0.0,18.9,16.3,Vegetative,Local Desi Maize,24,0,74,Low
Chitradurga,Hiriyur,Hiriyur_Village_8,14.21796,76.635,8,2023,25.9,63.1,15.2,31.5,13.7,Whorl,P3501,31,8,32,Medium
Tumakuru,Tiptur,Tiptur_Village_9,13.56862,77.2139,11,2025,25.5,46.7,10.0,33.2,17.3,Whorl,NK6240,24,5,75,Medium
Chikkaballapur,Chintamani,Chintamani_Village_6,13.57629,77.80219,2,2025,22.1,72.2,15.7,34.1,0.0,Tasseling,DKC9108,50,4,61,Medium
Chitradurga,Challakere,Challakere_Village_2,14.15418,76.59395,5,2024,28.3,86.5,26.4,46.1,10.0,Whorl,DKC9108,26,11,1,High
Belagavi,Athani,Athani_Village_4,15.69358,74.56294,8,2023,24.1,42.6,9.2,23.0,9.5,Maturity,Local Desi Maize,101,5,6,Medium
Raichur,Manvi,Manvi_Village_5,16.44827,77.15795,2,2023,25.4,57.7,5.5,27.9,1.6,Whorl,DHM117 (Local Hybrid),33,3,79,Medium
Davanagere,Channagiri,Channagiri_Village_1,14.70949,75.74044,9,2023,26.6,79.9,14.8,50.1,6.6,Silking,Pioneer 3396,60,4,21,Medium
Koppal,Kushtagi,Kushtagi_Village_5,15.16894,76.00043,2,2025,17.5,30.1,1.5,19.2,18.0,Silking,Local Desi Maize,68,3,110,Low
Gadag,Nargund,Nargund_Village_5,15.3788,75.56202,7,2023,26.8,66.0,25.8,46.0,10.1,Vegetative,Pioneer 3396,21,5,52,Medium
Gadag,Mundargi,Mundargi_Village_4,15.52565,75.77832,1,2025,31.7,71.2,38.3,51.3,9.1,Whorl,DHM117 (Local Hybrid),36,13,2,High
Hassan,Arsikere,Arsikere_Village_7,13.11927,76.16454,4,2024,22.2,42.4,0.6,20.7,13.8,Silking,P3501,63,0,40,Low
Mandya,Mandya,Mandya_Village_9,12.3419,76.96347,6,2023,27.1,59.0,22.3,32.7,13.8,Tasseling,DKC9108,42,5,23,Medium
Chamarajanagar,Gundlupet,Gundlupet_Village_2,11.97784,76.71424,10,2023,31.2,94.8,7.8,57.8,10.2,Whorl,Bio9637,22,14,1,High
Tumakuru,Sira,Sira_Village_3,13.57107,77.1993,2,2024,27.2,15.0,0.5,14.7,14.2,Vegetative,Pioneer 3396,11,1,52,Low
Dharwad,Kundgol,Kundgol_Village_7,15.31346,75.02663,12,2025,26.8,61.8,41.9,38.2,7.7,Tasseling,DHM117 (Local Hybrid),45,8,50,Medium
Gadag,Mundargi,Mundargi_Village_8,15.18479,75.38537,4,2024,30.5,74.1,6.6,43.2,11.9,Whorl,P3501,40,8,44,Medium
Chitradurga,Challakere,Challakere_Village_8,14.25428,76.60133,1,2024,26.7,52.9,2.1,33.5,8.8,Vegetative,NK6240,23,0,0,Low
Chamarajanagar,Kollegal,Kollegal_Village_9,12.12356,76.70851,12,2024,25.6,49.9,8.4,29.9,8.7,Whorl,Local Desi Maize,36,4,49,Medium
Tumakuru,Tumakuru,Tumakuru_Village_1,13.46497,77.18529,11,2023,23.7,57.4,6.6,30.9,12.2,Whorl,Pioneer 3396,37,2,41,Medium
Chamarajanagar,Gundlupet,Gundlupet_Village_8,11.95955,77.08565,11,2024,30.9,90.2,41.4,44.3,7.3,Whorl,P3501,38,16,2,High
Raichur,Raichur,Raichur_Village_5,16.36273,77.35446,12,2024,16.5,44.3,0.3,15.0,5.0,Maturity,P3501,101,0,5,Low
Ballari,Kudligi,Kudligi_Village_6,14.89585,77.06802,10,2025,32.7,79.1,31.7,47.6,14.1,Tasseling,Rasi RCH-2,44,13,21,High
Chitradurga,Chitradurga,Chitradurga_Village_6,14.02776,76.56294,5,2025,29.8,48.3,34.3,39.2,11.8,Silking,Rasi RCH-2,69,5,0,Medium
Hassan,Belur,Belur_Village_9,13.16203,76.32523,5,2023,35.4,81.2,27.2,42.7,8.3,Vegetative,30V92,20,16,3,High
Belagavi,Belagavi,Belagavi_Village_9,15.87085,74.29808,9,2025,22.9,61.3,24.1,43.8,5.9,Vegetative,Rasi RCH-2,17,2,109,Medium
Chitradurga,Holalkere,Holalkere_Village_6,14.34543,76.419,9,2024,32.0,87.8,56.4,63.2,9.0,Tasseling,NK6240,41,7,7,High
Tumakuru,Tiptur,Tiptur_Village_3,13.35379,77.16159,8,2023,19.6,28.7,1.3,15.6,19.5,Silking,Pioneer 3396,56,1,24,Low
Chikkaballapur,Sidlaghatta,Sidlaghatta_Village_6,13.44735,77.94731,12,2025,25.6,35.3,3.3,9.6,11.3,Maturity,DKC9108,85,0,91,Low
Gadag,Nargund,Nargund_Village_5,15.49675,75.6415,8,2024,24.9,65.6,4.6,37.6,2.6,Whorl,Rasi RCH-2,23,4,25,Medium
Hassan,Holenarasipura,Holenarasipura_Village_7,12.98171,76.23101,2,2024,33.0,87.0,46.9,52.5,8.6,Whorl,Local Desi Maize,39,16,29,High
Chitradurga,Hiriyur,Hiriyur_Village_1,14.38976,76.51768,4,2024,28.7,58.0,16.6,33.9,3.7,Whorl,30V92,39,5,5,Medium
Ballari,Sandur,Sandur_Village_8,15.22981,76.95264,3,2025,29.0,67.9,3.6,37.2,12.1,Maturity,Kaveri KMH-25K61,107,9,1,Medium
Mandya,Mandya,Mandya_Village_1,12.73668,77.12119,7,2023,31.9,88.2,53.3,55.7,10.7,Whorl,Kaveri KMH-25K61,37,20,4,High
Davanagere,Honnali,Honnali_Village_9,14.41447,75.82558,5,2025,21.3,56.6,0.8,45.2,15.3,Maturity,30V92,90,2,131,Low
Ballari,Siruguppa,Siruguppa_Village_9,14.92073,76.77218,2,2024,25.9,65.4,16.9,35.7,10.9,Tasseling,30V92,51,5,5,Medium
Mandya,Pandavapura,Pandavapura_Village_5,12.60412,76.66223,8,2024,29.1,57.8,9.6,35.1,7.6,Vegetative,30V92,12,4,2,Medium
Shivamogga,Bhadravati,Bhadravati_Village_3,13.90951,75.63527,4,2025,30.0,68.2,23.4,40.3,3.8,Whorl,NK6240,24,4,65,Medium
Dharwad,Hubballi,Hubballi_Village_9,15.43718,75.05063,11,2025,19.1,27.6,0.2,5.2,3.0,Silking,Kaveri KMH-25K61,66,0,11,Low
Haveri,Hirekerur,Hirekerur_Village_9,15.01264,75.55391,11,2025,23.1,51.0,16.7,36.8,6.2,Tasseling,P3501,46,5,22,Medium
Raichur,Devadurga,Devadurga_Village_4,16.14379,77.46082,10,2025,31.8,90.9,27.1,53.3,4.7,Whorl,DKC9108,22,18,23,High
Mysuru,Hunsur,Hunsur_Village_1,12.53723,76.43466,1,2024,26.5,71.3,23.2,39.2,13.2,Whorl,DHM117 (Local Hybrid),32,3,0,Medium
Haveri,Shiggaon,Shiggaon_Village_1,15.00274,75.32077,7,2023,23.1,54.8,19.8,29.5,1.4,Tasseling,30V92,50,6,31,Medium
Belagavi,Gokak,Gokak_Village_9,16.01483,74.29742,6,2024,33.1,84.7,30.3,58.6,9.1,Vegetative,30V92,22,15,3,High
Ballari,Kudligi,Kudligi_Village_2,15.14894,76.73947,3,2023,25.0,56.7,6.9,29.2,7.7,Silking,NK6240,64,9,4,Medium
Haveri,Hirekerur,Hirekerur_Village_4,14.55399,75.46523,9,2024,27.3,77.5,7.9,45.9,11.9,Whorl,DHM117 (Local Hybrid),31,4,13,Medium
Mandya,Maddur,Maddur_Village_9,12.70931,76.95094,5,2024,20.8,44.1,1.1,29.9,15.2,Maturity,DHM117 (Local Hybrid),110,0,58,Low
Chitradurga,Molakalmuru,Molakalmuru_Village_8,14.06027,76.52288,9,2023,27.0,77.4,2.6,47.7,4.4,Maturity,DHM117 (Local Hybrid),79,4,9,Medium
Shivamogga,Shikaripura,Shikaripura_Village_5,13.94222,75.46058,11,2024,34.6,84.9,65.5,60.2,8.3,Whorl,Pioneer 3396,25,19,7,High
Dharwad,Kalghatgi,Kalghatgi_Village_4,15.43819,74.86058,12,2024,23.6,67.0,1.4,35.8,7.5,Whorl,NK6240,22,7,13,Medium
Koppal,Gangavathi,Gangavathi_Village_4,15.24173,76.0452,7,2023,22.6,40.9,0.1,25.9,20.2,Tasseling,30V92,49,2,89,Low
Chikkaballapur,Sidlaghatta,Sidlaghatta_Village_9,13.64756,77.69322,3,2024,23.3,44.7,5.1,16.6,6.1,Silking,30V92,63,2,41,Low
Chitradurga,Challakere,Challakere_Village_5,14.16541,76.51181,6,2025,17.0,27.3,0.3,12.1,13.8,Maturity,30V92,98,0,59,Low
Chikkaballapur,Gudibande,Gudibande_Village_6,13.49895,77.80315,3,2025,26.0,81.9,23.1,46.1,12.4,Vegetative,Pioneer 3396,13,9,20,Medium
Davanagere,Honnali,Honnali_Village_6,14.62994,75.90461,11,2025,35.3,90.9,39.3,52.1,14.6,Vegetative,Rasi RCH-2,16,8,6,High
Dharwad,Navalgund,Navalgund_Village_3,15.42657,74.87086,8,2024,32.2,90.5,44.1,53.2,11.7,Whorl,Kaveri KMH-25K61,23,18,7,High
Davanagere,Jagalur,Jagalur_Village_1,14.46143,75.98338,11,2025,21.9,30.7,0.2,18.8,2.4,Silking,Local Desi Maize,69,1,92,Low
Mandya,Nagamangala,Nagamangala_Village_3,12.51842,76.67518,4,2025,18.4,38.7,0.0,9.4,10.0,Maturity,30V92,100,1,180,Low
Raichur,Lingsugur,Lingsugur_Village_9,16.29551,77.37304,5,2024,23.4,22.5,14.3,8.9,7.9,Vegetative,P3501,15,2,28,Low
Davanagere,Channagiri,Channagiri_Village_2,14.29503,75.93253,9,2024,22.1,32.9,0.2,21.7,10.5,Maturity,Rasi RCH-2,78,2,59,Low
Davanagere,Jagalur,Jagalur_Village_7,14.41236,75.80084,12,2025,29.8,85.0,23.1,49.2,8.8,Whorl,Bio9637,36,16,4,High
Chikkaballapur,Gudibande,Gudibande_Village_8,13.24655,77.81648,12,2024,31.4,83.5,22.1,51.3,10.6,Whorl,Kaveri KMH-25K61,21,19,3,High
Mandya,Mandya,Mandya_Village_3,12.30363,76.8755,4,2024,33.6,96.5,29.4,54.9,8.6,Whorl,Local Desi Maize,25,22,4,High
Hassan,Channarayapatna,Channarayapatna_Village_3,12.92459,76.17789,7,2025,26.9,81.4,25.0,56.0,10.3,Maturity,Pioneer 3396,80,4,24,Medium
Chamarajanagar,Chamarajanagar,Chamarajanagar_Village_3,12.15607,76.85385,11,2024,20.4,29.7,0.1,23.5,13.5,Vegetative,30V92,11,0,59,Low
Haveri,Haveri,Haveri_Village_4,14.88531,75.62914,2,2025,32.8,54.3,6.7,34.9,3.2,Tasseling,DKC9108,46,3,33,Medium
Gadag,Nargund,Nargund_Village_1,15.32933,75.73213,3,2024,19.1,46.8,0.0,32.0,13.0,Whorl,30V92,27,0,10,Low
Hassan,Hassan,Hassan_Village_9,13.18299,75.894,9,2024,28.4,66.2,6.7,26.7,14.5,Silking,Rasi RCH-2,60,4,1,Medium
Gadag,Mundargi,Mundargi_Village_8,15.65981,75.47411,12,2023,28.2,61.3,17.3,29.7,8.4,Whorl,DKC9108,35,8,12,Medium
Raichur,Sindhanur,Sindhanur_Village_8,16.36225,77.31446,4,2023,26.1,60.2,5.0,32.2,10.0,Whorl,Kaveri KMH-25K61,32,7,12,Medium
Raichur,Sindhanur,Sindhanur_Village_7,15.96122,77.13727,5,2025,26.6,55.8,18.3,36.5,12.8,Whorl,Pioneer 3396,24,7,11,Medium
Koppal,Kushtagi,Kushtagi_Village_7,15.30912,75.98527,9,2024,33.0,77.7,32.4,45.1,1.5,Whorl,30V92,36,13,2,High
Ballari,Siruguppa,Siruguppa_Village_3,15.18273,77.14299,12,2025,29.5,48.1,37.4,34.9,0.7,Tasseling,DKC9108,54,5,31,Medium
Ballari,Kudligi,Kudligi_Village_2,14.92038,76.89134,6,2025,31.8,57.9,28.3,35.0,10.6,Vegetative,30V92,16,4,51,Medium
Hassan,Holenarasipura,Holenarasipura_Village_6,12.92386,75.91111,7,2025,32.2,87.2,65.4,50.7,6.6,Vegetative,Bio9637,14,19,6,High
Chitradurga,Challakere,Challakere_Village_7,14.11223,76.55931,1,2025,25.5,68.2,12.4,38.3,9.2,Vegetative,NK6240,14,4,47,Medium
Chitradurga,Hiriyur,Hiriyur_Village_4,14.32651,76.54661,3,2025,21.3,70.3,5.7,41.7,10.3,Vegetative,NK6240,13,6,39,Medium
Chamarajanagar,Yelandur,Yelandur_Village_2,12.14828,77.08007,10,2023,29.4,55.5,17.7,33.0,3.6,Whorl,DHM117 (Local Hybrid),39,4,25,Medium
Davanagere,Jagalur,Jagalur_Village_9,14.39761,76.12865,2,2025,32.8,78.9,37.1,49.9,10.7,Vegetative,DKC9108,21,18,0,High
Mandya,Malavalli,Malavalli_Village_7,12.61986,76.70634,7,2024,28.9,63.5,11.4,30.7,10.2,Vegetative,30V92,11,1,14,Medium
Gadag,Nargund,Nargund_Village_3,15.35168,75.39445,1,2023,29.6,64.9,13.1,40.4,2.7,Vegetative,Rasi RCH-2,24,4,46,Medium
Tumakuru,Sira,Sira_Village_9,13.38934,76.95018,7,2025,28.5,67.2,36.6,40.6,10.1,Whorl,NK6240,25,5,15,Medium
Chitradurga,Challakere,Challakere_Village_1,14.04782,76.16293,2,2025,21.2,64.4,8.4,35.2,6.1,Whorl,30V92,38,3,26,Medium
Raichur,Sindhanur,Sindhanur_Village_7,16.30892,77.4436,3,2023,25.6,67.4,14.8,30.7,10.5,Whorl,Pioneer 3396,29,6,18,Medium
Haveri,Hirekerur,Hirekerur_Village_7,14.6391,75.54309,8,2025,30.1,79.1,15.1,42.0,13.1,Vegetative,Rasi RCH-2,11,6,66,Medium
Koppal,Yelburga,Yelburga_Village_6,15.25813,76.28187,3,2024,19.9,43.0,5.1,26.0,11.7,Maturity,DKC9108,98,0,16,Low
Belagavi,Gokak,Gokak_Village_9,15.95669,74.6942,6,2023,20.1,39.0,0.2,23.2,15.2,Maturity,Kaveri KMH-25K61,78,0,180,Low
Chamarajanagar,Yelandur,Yelandur_Village_8,12.04589,77.17945,2,2025,24.7,73.8,28.0,37.6,7.2,Vegetative,NK6240,24,10,36,Medium
Davanagere,Honnali,Honnali_Village_8,14.59498,75.82926,9,2024,26.6,60.8,22.3,41.2,4.3,Whorl,Kaveri KMH-25K61,39,3,45,Medium
Chikkaballapur,Gudibande,Gudibande_Village_4,13.30585,77.95051,1,2025,26.8,66.4,4.9,35.3,11.7,Silking,DHM117 (Local Hybrid),64,7,5,Medium
Dharwad,Hubballi,Hubballi_Village_9,15.67753,75.20383,8,2025,25.3,41.0,0.2,17.2,11.9,Silking,DHM117 (Local Hybrid),65,0,95,Low
Shivamogga,Bhadravati,Bhadravati_Village_9,13.9901,75.75441,9,2025,30.8,96.8,29.5,63.1,9.8,Vegetative,Pioneer 3396,15,15,2,High
Raichur,Sindhanur,Sindhanur_Village_4,16.30841,77.25061,8,2025,22.8,74.0,19.6,44.3,11.3,Whorl,Local Desi Maize,26,3,4,Medium
Chitradurga,Holalkere,Holalkere_Village_8,14.20098,76.43598,11,2023,25.9,70.3,4.3,43.9,13.3,Silking,30V92,59,1,1,Medium
Mysuru,Hunsur,Hunsur_Village_9,12.05768,76.71105,6,2025,26.0,65.3,1.7,34.7,14.0,Silking,Rasi RCH-2,64,6,3,Medium
Mysuru,Nanjangud,Nanjangud_Village_3,12.28032,76.42795,5,2024,27.6,51.1,27.9,25.3,16.1,Whorl,Local Desi Maize,20,5,24,Medium
Koppal,Kushtagi,Kushtagi_Village_6,15.15332,76.37814,7,2024,21.0,58.0,8.7,42.6,9.0,Whorl,DKC9108,30,4,8,Medium
Belagavi,Belagavi,Belagavi_Village_3,16.00765,74.44826,5,2025,22.6,56.6,4.7,34.5,7.1,Vegetative,Kaveri KMH-25K61,20,5,2,Medium
Raichur,Raichur,Raichur_Village_4,16.25856,77.19364,4,2025,32.0,63.1,1.0,35.1,10.3,Silking,DHM117 (Local Hybrid),58,7,2,Medium
Mandya,Mandya,Mandya_Village_4,12.75902,77.11931,5,2023,26.9,72.2,24.8,40.5,7.8,Silking,NK6240,61,4,34,Medium
Dharwad,Hubballi,Hubballi_Village_7,15.30167,74.92992,2,2024,28.3,65.0,13.3,35.4,13.2,Vegetative,P3501,16,2,38,Medium
Dharwad,Dharwad,Dharwad_Village_8,15.4988,75.2278,1,2024,31.4,87.1,88.2,69.5,0.0,Whorl,DHM117 (Local Hybrid),32,16,10,High
Gadag,Shirahatti,Shirahatti_Village_2,15.65853,75.63418,8,2024,33.5,82.5,10.6,50.8,3.6,Whorl,Local Desi Maize,23,13,11,High
Shivamogga,Shikaripura,Shikaripura_Village_1,13.77992,75.62954,4,2025,37.8,89.7,32.0,60.7,12.2,Silking,Pioneer 3396,56,10,0,High
Chamarajanagar,Chamarajanagar,Chamarajanagar_Village_6,11.76343,77.15889,11,2024,17.8,19.0,0.3,11.6,6.0,Tasseling,Local Desi Maize,40,1,180,Low
Koppal,Gangavathi,Gangavathi_Village_5,15.39045,76.28236,1,2024,28.2,71.1,66.1,46.7,9.0,Tasseling,Kaveri KMH-25K61,47,9,3,High
Shivamogga,Shikaripura,Shikaripura_Village_4,13.82873,75.3487,8,2025,33.7,87.2,45.5,56.4,8.6,Silking,30V92,70,12,1,High
Koppal,Gangavathi,Gangavathi_Village_4,15.4906,76.08395,8,2023,16.3,27.8,1.4,12.8,7.9,Maturity,30V92,81,1,13,Low
Haveri,Haveri,Haveri_Village_9,14.74665,75.34944,10,2025,28.4,55.8,14.3,29.6,7.2,Tasseling,Rasi RCH-2,53,5,36,Medium
Hassan,Belur,Belur_Village_9,12.90655,76.31758,8,2023,22.1,65.6,42.7,48.3,6.3,Vegetative,Pioneer 3396,15,3,28,Medium
Raichur,Manvi,Manvi_Village_6,16.29312,77.34384,6,2023,31.0,97.1,56.0,60.1,8.5,Vegetative,DHM117 (Local Hybrid),24,14,0,High
Gadag,Shirahatti,Shirahatti_Village_6,15.51171,75.69605,3,2023,18.9,47.7,0.3,28.4,6.1,Maturity,30V92,104,1,148,Low
Koppal,Kushtagi,Kushtagi_Village_5,15.19342,76.20731,1,2024,17.2,26.6,2.8,14.6,12.8,Tasseling,Kaveri KMH-25K61,53,2,41,Low
Shivamogga,Soraba,Soraba_Village_2,13.79012,75.32078,6,2024,32.1,81.6,42.7,54.6,7.4,Whorl,Rasi RCH-2,29,9,5,High
Dharwad,Kundgol,Kundgol_Village_6,15.58058,75.01983,3,2024,20.7,31.5,4.4,21.4,10.4,Maturity,30V92,75,5,19,Low
Ballari,Kudligi,Kudligi_Village_9,15.32618,76.69904,2,2024,32.7,87.6,19.3,53.9,12.2,Vegetative,DKC9108,20,8,0,High
Shivamogga,Shikaripura,Shikaripura_Village_9,13.90432,75.70217,7,2024,26.5,64.1,40.3,45.6,12.2,Maturity,Rasi RCH-2,93,2,82,Medium
Mysuru,Hunsur,Hunsur_Village_6,12.07553,76.84572,2,2023,28.3,61.6,1.2,36.5,15.9,Vegetative,30V92,15,4,8,Medium
Belagavi,Ramdurg,Ramdurg_Village_5,15.9142,74.28192,8,2023,23.3,28.5,1.6,18.7,3.8,Silking,DKC9108,59,0,147,Low
Chamarajanagar,Yelandur,Yelandur_Village_2,11.68144,77.05391,10,2023,32.8,87.2,23.6,46.9,7.7,Vegetative,P3501,16,13,1,High
Tumakuru,Sira,Sira_Village_1,13.55841,77.00367,2,2025,26.0,40.9,6.0,20.7,13.4,Maturity,30V92,104,0,60,Low
Dharwad,Dharwad,Dharwad_Village_8,15.56791,74.82308,10,2025,33.7,97.2,69.9,63.0,9.3,Vegetative,30V92,18,13,24,High
Koppal,Kushtagi,Kushtagi_Village_5,15.20915,75.93518,1,2023,32.5,79.5,91.5,63.0,13.3,Whorl,NK6240,26,7,0,High
Shivamogga,Shikaripura,Shikaripura_Village_9,14.14019,75.48554,2,2025,18.2,30.6,6.7,19.9,18.7,Silking,Rasi RCH-2,65,1,54,Low
Koppal,Yelburga,Yelburga_Village_9,15.35433,76.20358,3,2025,26.4,51.4,5.8,26.2,6.2,Maturity,Pioneer 3396,98,4,12,Medium
Chamarajanagar,Kollegal,Kollegal_Village_4,12.06042,77.16654,12,2023,24.5,57.1,3.3,38.1,8.3,Vegetative,Local Desi Maize,15,9,33,Medium
Hassan,Belur,Belur_Village_9,12.77285,75.96725,2,2023,23.5,69.4,21.8,44.0,6.8,Whorl,NK6240,37,7,5,Medium
Mysuru,Nanjangud,Nanjangud_Village_4,12.28076,76.67548,10,2023,25.6,34.6,0.0,19.3,10.6,Maturity,30V92,94,1,14,Low
Mandya,Nagamangala,Nagamangala_Village_9,12.63803,76.96925,2,2024,28.1,68.3,59.7,44.5,2.3,Maturity,Local Desi Maize,75,8,156,Medium
Haveri,Haveri,Haveri_Village_3,14.7152,75.58213,9,2023,21.8,40.9,0.0,30.4,21.1,Vegetative,30V92,25,2,32,Low
Raichur,Sindhanur,Sindhanur_Village_9,15.97747,77.42814,3,2024,25.7,70.6,5.5,47.0,6.6,Tasseling,NK6240,48,1,5,Medium
Mysuru,Piriyapatna,Piriyapatna_Village_3,12.29656,76.42848,11,2025,25.7,67.7,6.6,43.0,9.6,Tasseling,DHM117 (Local Hybrid),46,3,7,Medium
Chitradurga,Chitradurga,Chitradurga_Village_4,14.35177,76.48793,7,2023,27.1,87.7,11.8,52.6,10.4,Whorl,Kaveri KMH-25K61,28,12,20,High
Mandya,Pandavapura,Pandavapura_Village_5,12.42293,77.11988,1,2023,26.3,56.6,33.9,35.9,5.6,Whorl,Bio9637,21,3,17,Medium
Shivamogga,Soraba,Soraba_Village_6,13.93752,75.79626,5,2025,20.5,27.5,8.7,16.1,8.9,Maturity,DHM117 (Local Hybrid),98,1,73,Low
Shivamogga,Shivamogga,Shivamogga_Village_3,13.85161,75.51322,4,2024,28.5,86.8,39.9,44.8,4.9,Whorl,Pioneer 3396,25,12,4,High
Davanagere,Nyamathi,Nyamathi_Village_3,14.63812,76.01025,10,2023,32.4,83.7,42.8,51.6,11.1,Whorl,P3501,32,14,1,High
Tumakuru,Madhugiri,Madhugiri_Village_7,13.34464,77.1233,3,2025,17.4,31.7,1.0,16.5,15.5,Silking,Kaveri KMH-25K61,58,1,104,Low
Hassan,Arsikere,Arsikere_Village_2,13.24501,76.28087,7,2025,32.8,80.7,12.3,48.3,8.4,Maturity,Rasi RCH-2,77,6,20,Medium
Raichur,Raichur,Raichur_Village_6,16.00984,77.51912,9,2024,24.3,50.7,10.6,30.9,14.9,Silking,DKC9108,64,9,9,Medium
Davanagere,Harihara,Harihara_Village_9,14.46285,75.80687,1,2024,21.5,57.7,2.9,36.7,8.8,Whorl,P3501,24,5,7,Medium
Belagavi,Gokak,Gokak_Village_1,15.94951,74.37574,2,2023,29.5,91.7,63.1,61.5,4.4,Tasseling,Pioneer 3396,49,12,24,High
Mysuru,Mysuru,Mysuru_Village_4,12.20948,76.6709,9,2023,22.3,25.3,8.1,21.6,16.3,Maturity,Pioneer 3396,89,1,36,Low
Gadag,Gadag,Gadag_Village_6,15.67259,75.7383,11,2025,23.7,39.1,0.1,22.9,4.7,Maturity,Pioneer 3396,90,0,22,Low
Chamarajanagar,Gundlupet,Gundlupet_Village_4,11.8862,76.92734,4,2023,18.3,41.3,5.9,22.9,11.1,Maturity,Bio9637,98,0,114,Low
Mandya,Pandavapura,Pandavapura_Village_5,12.73043,77.11649,2,2023,32.7,82.4,35.6,52.1,9.2,Whorl,Pioneer 3396,33,21,9,High
Koppal,Kushtagi,Kushtagi_Village_4,15.54331,75.91748,5,2024,31.5,84.4,36.6,50.1,11.6,Whorl,DHM117 (Local Hybrid),27,13,8,High
Davanagere,Channagiri,Channagiri_Village_1,14.27012,76.11934,2,2025,34.7,83.9,25.8,55.8,5.1,Whorl,30V92,22,7,2,High
Chamarajanagar,Chamarajanagar,Chamarajanagar_Village_3,12.13919,77.14988,7,2025,32.4,90.7,44.8,54.1,5.3,Tasseling,Bio9637,49,13,3,High
Koppal,Koppal,Koppal_Village_8,15.14263,75.9056,5,2025,22.6,29.8,2.5,11.5,21.6,Vegetative,Local Desi Maize,17,2,69,Low
Chikkaballapur,Chikkaballapur,Chikkaballapur_Village_3,13.56133,77.6697,4,2023,27.5,53.4,9.8,31.9,15.3,Whorl,DHM117 (Local Hybrid),21,6,9,Medium
Belagavi,Ramdurg,Ramdurg_Village_2,15.9971,74.49382,8,2025,22.7,49.9,2.5,26.7,11.0,Maturity,Pioneer 3396,84,0,18,Low
Belagavi,Ramdurg,Ramdurg_Village_5,15.86566,74.66387,4,2024,16.3,33.3,0.0,11.6,7.3,Maturity,Kaveri KMH-25K61,94,1,4,Low
Tumakuru,Sira,Sira_Village_9,13.39819,76.87359,4,2024,23.2,60.8,4.5,25.4,11.7,Vegetative,Pioneer 3396,11,14,0,Medium
Davanagere,Harihara,Harihara_Village_8,14.47982,76.16451,11,2025,23.3,43.8,1.2,23.7,15.5,Tasseling,DKC9108,55,0,30,Low
Chikkaballapur,Chintamani,Chintamani_Village_3,13.26885,77.4899,11,2023,14.7,31.6,21.5,20.9,11.3,Silking,P3501,59,1,180,Low
Raichur,Lingsugur,Lingsugur_Village_1,16.4532,77.10511,3,2024,29.5,53.9,9.7,32.8,10.5,Whorl,DKC9108,24,4,10,Medium
Koppal,Gangavathi,Gangavathi_Village_8,15.28022,76.03933,1,2025,31.3,88.3,60.0,53.5,11.0,Whorl,DKC9108,20,15,21,High
Chitradurga,Molakalmuru,Molakalmuru_Village_4,14.1411,76.48457,2,2023,22.2,37.7,1.0,23.8,16.8,Silking,Kaveri KMH-25K61,61,0,4,Low
Mandya,Nagamangala,Nagamangala_Village_5,12.33368,77.02804,2,2023,20.5,48.3,1.8,31.2,5.1,Silking,Kaveri KMH-25K61,58,1,7,Low
Ballari,Sandur,Sandur_Village_6,15.14533,77.05406,11,2025,22.6,38.4,0.4,22.7,1.5,Silking,30V92,56,0,108,Low
Mandya,Nagamangala,Nagamangala_Village_8,12.65208,77.00813,9,2024,25.6,57.2,9.9,41.3,8.8,Vegetative,30V92,10,6,31,Medium
Mysuru,Hunsur,Hunsur_Village_9,12.39688,76.56648,1,2025,16.4,23.3,1.7,18.3,8.3,Silking,P3501,64,1,29,Low
Davanagere,Jagalur,Jagalur_Village_2,14.28491,75.90361,11,2024,31.4,72.7,8.1,42.0,18.1,Tasseling,30V92,43,3,38,Medium
Raichur,Sindhanur,Sindhanur_Village_3,16.05893,77.44897,9,2024,31.0,89.2,88.1,59.2,10.2,Tasseling,DKC9108,44,15,0,High
Haveri,Savanur,Savanur_Village_8,14.60847,75.59736,3,2025,27.2,68.9,30.8,33.1,6.4,Silking,P3501,67,10,23,Medium
Mandya,Maddur,Maddur_Village_5,12.28164,77.118,12,2024,28.4,64.8,13.1,42.6,13.2,Vegetative,Local Desi Maize,11,6,49,Medium
Mandya,Pandavapura,Pandavapura_Village_2,12.3449,76.91038,6,2024,27.8,78.4,11.2,43.3,7.0,Whorl,Bio9637,30,4,14,Medium
Haveri,Haveri,Haveri_Village_4,14.71682,75.18384,12,2024,24.5,60.7,26.8,30.2,13.4,Silking,Bio9637,57,5,1,Medium
Shivamogga,Shikaripura,Shikaripura_Village_7,14.04359,75.63126,1,2024,23.5,31.8,2.7,18.1,7.7,Silking,DHM117 (Local Hybrid),69,1,7,Low
Mandya,Maddur,Maddur_Village_1,12.32533,76.84509,2,2024,24.8,22.2,1.4,14.2,10.8,Tasseling,30V92,50,0,13,Low
Koppal,Kushtagi,Kushtagi_Village_2,15.43234,76.24941,3,2025,25.8,51.9,24.0,34.5,8.6,Whorl,30V92,25,6,21,Medium
Chitradurga,Chitradurga,Chitradurga_Village_8,14.29337,76.42048,3,2025,32.4,85.2,48.3,50.8,9.3,Whorl,Kaveri KMH-25K61,35,12,5,High
Davanagere,Davanagere,Davanagere_Village_5,14.28658,75.89827,2,2023,21.2,41.3,2.9,21.9,15.3,Silking,Rasi RCH-2,67,0,15,Low
Chikkaballapur,Sidlaghatta,Sidlaghatta_Village_9,13.65742,77.66727,10,2023,24.4,31.7,0.1,11.0,11.5,Maturity,P3501,100,1,10,Low
Dharwad,Kalghatgi,Kalghatgi_Village_5,15.51437,74.77137,7,2024,28.3,52.1,24.3,26.7,6.5,Vegetative,Bio9637,17,5,47,Medium
Ballari,Siruguppa,Siruguppa_Village_9,15.32561,76.99121,4,2024,34.1,85.9,76.9,75.4,9.0,Whorl,Rasi RCH-2,26,13,5,High
Haveri,Hirekerur,Hirekerur_Village_5,14.63061,75.27369,1,2023,30.3,58.8,12.3,34.5,9.2,Whorl,DKC9108,38,3,24,Medium
Davanagere,Davanagere,Davanagere_Village_9,14.66131,75.72441,10,2024,18.3,32.7,1.6,9.3,17.0,Vegetative,Local Desi Maize,10,1,1,Low
Chikkaballapur,Sidlaghatta,Sidlaghatta_Village_4,13.30184,77.95353,4,2025,25.0,61.8,52.7,33.1,3.8,Silking,Bio9637,66,8,57,Medium
Chamarajanagar,Gundlupet,Gundlupet_Village_2,11.83369,77.08469,3,2023,28.6,79.3,8.8,38.1,0.0,Maturity,DKC9108,90,9,18,Medium
Tumakuru,Tiptur,Tiptur_Village_3,13.08866,76.88962,4,2025,34.8,91.1,52.1,64.7,13.8,Whorl,NK6240,22,17,8,High
Raichur,Sindhanur,Sindhanur_Village_7,16.06446,77.15543,11,2023,27.7,73.2,3.3,48.5,9.0,Maturity,NK6240,87,4,7,Medium
Tumakuru,Tumakuru,Tumakuru_Village_1,13.4093,76.86889,9,2025,24.0,59.1,16.0,30.7,5.2,Whorl,DHM117 (Local Hybrid),39,5,27,Medium
Haveri,Haveri,Haveri_Village_5,14.61295,75.54379,6,2023,28.5,49.4,8.1,35.2,7.0,Maturity,DHM117 (Local Hybrid),84,6,37,Medium
Dharwad,Navalgund,Navalgund_Village_9,15.66032,74.95298,8,2025,16.0,29.8,2.9,8.8,12.6,Silking,30V92,68,2,8,Low
Mysuru,K.R. Nagar,K.R. Nagar_Village_2,12.35527,76.78866,4,2025,22.3,24.7,0.1,8.9,13.6,Maturity,Local Desi Maize,96,1,14,Low
Ballari,Hospet,Hospet_Village_2,15.04809,76.80971,11,2025,16.9,36.4,0.3,16.0,14.8,Tasseling,30V92,52,2,6,Low
Raichur,Raichur,Raichur_Village_8,16.08835,77.49189,8,2025,24.1,74.0,27.8,41.0,7.6,Tasseling,DHM117 (Local Hybrid),55,6,69,Medium
Belagavi,Gokak,Gokak_Village_5,16.08582,74.29828,7,2024,27.1,60.8,3.6,32.3,11.9,Vegetative,Kaveri KMH-25K61,16,2,3,Medium
Chitradurga,Hiriyur,Hiriyur_Village_8,14.02505,76.35869,9,2024,27.1,63.7,15.3,52.3,15.3,Silking,DKC9108,58,8,5,Medium
Mysuru,Piriyapatna,Piriyapatna_Village_2,12.11761,76.65516,9,2025,31.5,83.6,76.3,52.8,6.8,Whorl,P3501,39,14,9,High
Koppal,Gangavathi,Gangavathi_Village_8,15.39115,75.97538,6,2024,26.0,60.8,14.7,37.2,9.7,Tasseling,Bio9637,51,3,3,Medium
Chitradurga,Chitradurga,Chitradurga_Village_1,14.06287,76.34426,9,2025,23.8,52.7,0.0,32.5,9.6,Maturity,Kaveri KMH-25K61,97,0,85,Low
Tumakuru,Tiptur,Tiptur_Village_8,13.12124,77.03137,5,2023,26.9,69.9,16.0,36.3,4.6,Silking,30V92,67,1,26,Medium
Haveri,Haveri,Haveri_Village_1,14.68119,75.16697,6,2025,33.4,87.1,37.4,60.9,11.8,Whorl,30V92,39,12,5,High
Belagavi,Chikkodi,Chikkodi_Village_7,15.7043,74.55907,9,2024,27.5,44.7,0.8,21.1,18.0,Silking,Pioneer 3396,67,3,114,Low
Shivamogga,Bhadravati,Bhadravati_Village_3,13.96832,75.43055,5,2023,22.8,56.4,19.9,34.3,6.8,Whorl,Rasi RCH-2,21,11,42,Medium
Koppal,Koppal,Koppal_Village_4,15.33135,75.92324,10,2025,23.3,73.1,17.0,44.1,0.9,Whorl,Bio9637,30,4,32,Medium
Koppal,Kushtagi,Kushtagi_Village_5,15.24507,76.10721,7,2024,19.1,29.6,0.0,19.9,13.8,Maturity,DHM117 (Local Hybrid),75,0,27,Low
Koppal,Koppal,Koppal_Village_2,15.48401,76.34801,7,2023,25.5,69.9,13.7,44.6,8.7,Whorl,DHM117 (Local Hybrid),38,5,10,Medium
Haveri,Shiggaon,Shiggaon_Village_8,14.89077,75.23763,12,2023,19.7,35.3,0.0,16.9,11.4,Maturity,Rasi RCH-2,92,2,76,Low
Mysuru,Mysuru,Mysuru_Village_9,12.49379,76.88694,9,2025,15.7,39.4,3.7,23.0,6.2,Silking,Rasi RCH-2,56,3,46,Low
Dharwad,Hubballi,Hubballi_Village_7,15.65336,75.03763,6,2025,21.3,31.7,0.5,26.0,6.9,Maturity,NK6240,79,5,0,Low
Mandya,Maddur,Maddur_Village_5,12.73944,76.98389,5,2023,14.0,36.5,0.5,16.3,3.2,Silking,Kaveri KMH-25K61,61,0,121,Low
Davanagere,Harihara,Harihara_Village_1,14.41419,76.01789,5,2023,20.9,39.0,2.2,18.5,12.5,Tasseling,DHM117 (Local Hybrid),48,2,23,Low
Mandya,Pandavapura,Pandavapura_Village_2,12.42772,76.8021,1,2023,29.7,92.0,61.7,67.7,10.8,Vegetative,Bio9637,19,7,0,High
Raichur,Devadurga,Devadurga_Village_5,16.2309,77.23416,4,2023,25.0,49.7,14.9,36.6,4.1,Vegetative,30V92,19,2,26,Medium
Haveri,Hirekerur,Hirekerur_Village_4,14.92711,75.19921,8,2025,18.7,20.3,0.2,11.8,11.5,Maturity,Bio9637,100,1,6,Low
Shivamogga,Shikaripura,Shikaripura_Village_4,13.76319,75.56743,9,2023,26.6,54.5,23.5,30.6,8.6,Tasseling,Rasi RCH-2,40,2,52,Medium
Haveri,Hirekerur,Hirekerur_Village_3,14.67112,75.40964,1,2023,28.4,76.6,6.4,41.3,10.5,Whorl,30V92,38,8,28,Medium
Mandya,Mandya,Mandya_Village_3,12.74353,77.05707,9,2025,23.7,50.2,48.8,31.2,10.0,Vegetative,Rasi RCH-2,13,4,7,Medium
Chitradurga,Chitradurga,Chitradurga_Village_7,14.20025,76.40168,10,2024,16.7,35.9,1.5,18.5,8.6,Silking,Bio9637,66,0,70,Low
Chitradurga,Chitradurga,Chitradurga_Village_9,14.47371,76.56394,8,2023,27.5,66.1,12.6,35.7,13.2,Vegetative,DKC9108,21,7,22,Medium
Haveri,Savanur,Savanur_Village_6,14.98905,75.30981,3,2024,19.5,47.2,0.0,19.5,9.9,Maturity,Rasi RCH-2,89,4,5,Low
Chikkaballapur,Chikkaballapur,Chikkaballapur_Village_6,13.34457,77.65917,7,2024,29.8,95.7,62.4,60.2,6.1,Whorl,NK6240,36,14,4,High
Koppal,Kushtagi,Kushtagi_Village_6,15.56544,76.18,8,2024,32.5,81.6,62.6,59.8,9.8,Whorl,Pioneer 3396,25,11,17,High
Shivamogga,Shikaripura,Shikaripura_Village_1,14.14049,75.45825,1,2023,32.3,89.4,32.9,60.8,5.7,Whorl,NK6240,22,10,2,High
Koppal,Koppal,Koppal_Village_5,15.52565,76.40096,8,2025,15.5,46.0,5.3,25.0,7.6,Tasseling,DHM117 (Local Hybrid),48,1,0,Low
Chamarajanagar,Gundlupet,Gundlupet_Village_4,11.84553,77.08966,6,2023,29.3,60.0,8.3,38.9,7.8,Whorl,Kaveri KMH-25K61,24,4,51,Medium
Tumakuru,Tiptur,Tiptur_Village_9,13.57419,76.8758,2,2025,25.9,43.9,19.1,27.1,9.0,Vegetative,Rasi RCH-2,23,2,11,Medium
Dharwad,Hubballi,Hubballi_Village_5,15.40092,74.98591,5,2025,23.8,71.8,3.1,37.7,7.4,Whorl,Kaveri KMH-25K61,22,5,11,Medium
Mandya,Maddur,Maddur_Village_8,12.37429,76.84269,8,2023,27.7,59.3,5.2,37.9,9.6,Tasseling,DKC9108,40,9,5,Medium
Belagavi,Chikkodi,Chikkodi_Village_4,15.78009,74.26768,2,2024,28.7,49.5,28.1,26.5,7.6,Vegetative,Local Desi Maize,11,6,56,Medium
Davanagere,Harihara,Harihara_Village_2,14.53761,75.68075,9,2024,21.2,38.5,0.2,27.9,16.9,Maturity,Local Desi Maize,109,0,34,Low
Chamarajanagar,Kollegal,Kollegal_Village_6,11.89893,77.14452,9,2024,24.2,75.0,24.1,43.3,12.0,Tasseling,Pioneer 3396,54,5,20,Medium
Haveri,Haveri,Haveri_Village_4,14.5857,75.64701,5,2023,23.3,67.8,20.4,40.1,11.0,Silking,Rasi RCH-2,63,6,32,Medium
Tumakuru,Sira,Sira_Village_9,13.52449,76.90205,4,2023,27.4,59.9,13.0,38.3,8.4,Tasseling,NK6240,50,5,7,Medium
Haveri,Shiggaon,Shiggaon_Village_2,14.9144,75.61491,7,2025,30.7,66.6,40.0,37.7,13.0,Tasseling,Local Desi Maize,45,5,10,Medium
Davanagere,Channagiri,Channagiri_Village_3,14.31361,75.7345,7,2023,23.8,76.5,16.2,34.4,12.8,Tasseling,Pioneer 3396,51,8,8,Medium
Mandya,Mandya,Mandya_Village_7,12.69006,76.93314,4,2025,25.5,58.9,10.7,35.7,7.2,Maturity,Local Desi Maize,86,2,2,Medium
Chitradurga,Holalkere,Holalkere_Village_9,14.16576,76.25242,8,2023,21.0,56.1,51.2,40.9,7.6,Whorl,Pioneer 3396,33,6,58,Medium
Belagavi,Athani,Athani_Village_9,15.66113,74.55774,3,2025,29.2,82.1,43.5,51.7,6.3,Whorl,NK6240,31,8,7,High
Belagavi,Belagavi,Belagavi_Village_2,15.68788,74.37237,8,2024,33.1,91.4,44.4,50.1,7.3,Tasseling,NK6240,40,9,2,High
Dharwad,Kundgol,Kundgol_Village_4,15.41653,75.11544,1,2025,29.8,92.3,4.0,50.2,12.5,Vegetative,Rasi RCH-2,22,13,0,High
Raichur,Raichur,Raichur_Village_8,16.00679,77.26257,2,2024,23.7,58.9,26.9,30.9,15.8,Silking,DHM117 (Local Hybrid),58,7,7,Medium
Mysuru,Piriyapatna,Piriyapatna_Village_8,12.05955,76.82073,2,2025,17.1,36.8,0.1,18.0,16.5,Maturity,Local Desi Maize,90,1,102,Low
Haveri,Savanur,Savanur_Village_9,14.85959,75.2105,4,2024,32.1,76.8,54.7,48.6,6.5,Tasseling,Local Desi Maize,55,18,25,High
Chamarajanagar,Kollegal,Kollegal_Village_8,11.88115,76.83881,1,2024,23.3,41.6,7.2,29.0,9.4,Whorl,DHM117 (Local Hybrid),24,5,16,Medium
Mandya,Maddur,Maddur_Village_3,12.51011,77.1296,6,2024,32.7,87.3,72.7,61.1,11.2,Tasseling,30V92,51,11,4,High
Chikkaballapur,Gudibande,Gudibande_Village_6,13.54559,77.71906,1,2023,30.0,57.5,34.9,44.7,9.0,Vegetative,P3501,21,3,13,Medium
Belagavi,Saundatti,Saundatti_Village_7,16.02038,74.5446,3,2025,32.3,81.4,9.5,47.8,14.1,Whorl,DHM117 (Local Hybrid),21,10,5,High
Shivamogga,Shivamogga,Shivamogga_Village_1,13.69766,75.35994,8,2023,23.0,39.3,2.9,17.5,17.1,Maturity,DHM117 (Local Hybrid),91,0,1,Low
Shivamogga,Shivamogga,Shivamogga_Village_8,13.96593,75.41835,8,2023,28.2,64.9,7.6,27.3,11.4,Silking,Pioneer 3396,64,5,54,Medium
Mysuru,Hunsur,Hunsur_Village_7,12.15345,76.44702,11,2023,27.7,63.7,4.8,33.5,11.4,Whorl,30V92,23,5,67,Medium
Chikkaballapur,Gudibande,Gudibande_Village_5,13.59138,77.51254,2,2024,28.1,82.9,13.1,51.5,8.3,Tasseling,Kaveri KMH-25K61,51,7,14,Medium
Davanagere,Jagalur,Jagalur_Village_6,14.30593,75.93856,11,2023,30.2,69.1,7.4,37.1,8.7,Silking,DKC9108,69,4,48,Medium
Davanagere,Honnali,Honnali_Village_7,14.67299,76.12005,11,2025,32.2,98.0,16.7,55.5,8.9,Whorl,Local Desi Maize,38,6,1,High
Tumakuru,Sira,Sira_Village_9,13.27508,77.32909,12,2025,27.1,92.5,108.1,65.0,14.2,Whorl,Kaveri KMH-25K61,33,12,5,High
Koppal,Koppal,Koppal_Village_5,15.5125,76.21114,2,2024,32.2,94.7,93.0,72.8,7.7,Whorl,Bio9637,29,11,17,High
Davanagere,Channagiri,Channagiri_Village_4,14.29071,75.85612,5,2023,29.9,56.6,26.4,39.0,5.8,Silking,Local Desi Maize,62,6,7,Medium
Chikkaballapur,Chintamani,Chintamani_Village_6,13.61259,77.84212,9,2025,28.2,51.3,7.4,31.5,11.2,Silking,DKC9108,57,6,41,Medium
Chamarajanagar,Yelandur,Yelandur_Village_2,11.89601,76.74796,7,2024,35.6,77.8,48.8,46.0,11.9,Whorl,Kaveri KMH-25K61,31,9,1,High
Mandya,Maddur,Maddur_Village_2,12.67115,76.6828,1,2024,32.3,88.3,45.2,53.1,6.3,Whorl,P3501,28,9,0,High
Chamarajanagar,Chamarajanagar,Chamarajanagar_Village_6,12.13601,76.75772,12,2023,24.3,64.5,43.3,40.3,12.0,Whorl,Rasi RCH-2,31,8,40,Medium
Mandya,Maddur,Maddur_Village_1,12.43783,76.92396,3,2025,33.6,94.6,24.6,52.3,8.4,Whorl,Local Desi Maize,32,12,0,High
Ballari,Siruguppa,Siruguppa_Village_5,15.27295,77.12921,5,2023,27.6,63.8,10.5,23.4,10.8,Silking,Rasi RCH-2,55,8,0,Medium
Tumakuru,Tiptur,Tiptur_Village_7,13.48039,77.22137,9,2024,14.7,17.2,1.3,5.0,4.2,Silking,NK6240,59,4,10,Low
Chitradurga,Challakere,Challakere_Village_1,14.14663,76.29295,8,2023,14.0,25.8,1.5,13.3,15.1,Vegetative,Pioneer 3396,11,1,89,Low
Chitradurga,Chitradurga,Chitradurga_Village_3,14.40488,76.4185,7,2025,22.5,43.4,0.0,33.5,11.1,Silking,Kaveri KMH-25K61,61,2,156,Low
Gadag,Ron,Ron_Village_1,15.32187,75.60213,8,2023,14.9,35.8,3.1,29.8,6.1,Tasseling,30V92,52,1,33,Low
Koppal,Koppal,Koppal_Village_1,15.4629,76.01693,2,2024,30.6,85.9,49.7,56.7,8.9,Vegetative,Bio9637,24,6,10,High
Mandya,Pandavapura,Pandavapura_Village_1,12.6651,77.09034,5,2025,31.1,92.2,88.2,69.8,10.9,Vegetative,DHM117 (Local Hybrid),14,14,11,High
Davanagere,Harihara,Harihara_Village_6,14.35435,76.03478,11,2023,26.8,68.8,9.8,40.1,6.7,Vegetative,DKC9108,20,9,107,Medium
Mandya,Malavalli,Malavalli_Village_1,12.75688,76.73039,3,2025,28.3,70.0,9.1,43.0,6.0,Whorl,Local Desi Maize,26,4,13,Medium
Dharwad,Kundgol,Kundgol_Village_3,15.2767,75.19687,5,2025,26.1,46.3,14.2,24.0,10.9,Vegetative,NK6240,24,2,68,Medium
Chamarajanagar,Chamarajanagar,Chamarajanagar_Village_7,11.86677,77.07245,7,2025,35.6,88.6,37.3,51.7,8.2,Tasseling,DKC9108,54,12,9,High
Hassan,Holenarasipura,Holenarasipura_Village_6,13.08087,75.87644,10,2024,24.2,48.1,21.4,28.3,10.1,Whorl,NK6240,24,2,19,Medium
Chamarajanagar,Chamarajanagar,Chamarajanagar_Village_9,12.13968,77.03345,8,2025,20.1,55.7,8.7,37.2,8.7,Silking,Kaveri KMH-25K61,59,6,14,Medium
Koppal,Koppal,Koppal_Village_6,15.26197,76.35921,5,2025,29.2,65.6,27.3,33.0,4.6,Whorl,DKC9108,36,3,4,Medium
Belagavi,Chikkodi,Chikkodi_Village_6,15.87849,74.58189,3,2024,32.6,82.1,86.5,64.2,9.9,Whorl,P3501,35,11,1,High
Gadag,Ron,Ron_Village_6,15.56446,75.60284,2,2023,25.4,66.2,29.9,49.4,5.3,Vegetative,Bio9637,12,5,42,Medium
Mysuru,Hunsur,Hunsur_Village_2,12.43085,76.74107,9,2023,28.4,53.9,5.2,20.9,6.0,Tasseling,Rasi RCH-2,45,1,6,Medium
Mysuru,Hunsur,Hunsur_Village_9,12.06726,76.59305,12,2025,24.3,63.7,33.3,32.4,11.8,Tasseling,DKC9108,44,6,5,Medium
Chikkaballapur,Chintamani,Chintamani_Village_2,13.5684,77.49855,12,2024,30.3,80.4,44.2,52.3,11.2,Whorl,DKC9108,31,12,29,High
Hassan,Belur,Belur_Village_3,12.80838,75.89156,9,2025,25.1,68.6,7.7,37.3,2.3,Vegetative,30V92,15,9,2,Medium
Gadag,Gadag,Gadag_Village_9,15.6254,75.50593,12,2024,29.9,49.1,65.9,36.5,11.1,Maturity,Local Desi Maize,91,4,20,Medium
Belagavi,Belagavi,Belagavi_Village_6,16.08194,74.31081,4,2025,25.6,25.0,7.8,14.8,7.9,Maturity,30V92,110,2,180,Low
Chitradurga,Holalkere,Holalkere_Village_3,14.19018,76.24868,5,2024,25.1,58.2,2.7,29.7,11.9,Vegetative,Kaveri KMH-25K61,11,7,0,Medium
Ballari,Ballari,Ballari_Village_3,15.2406,76.97003,2,2023,35.1,81.8,22.8,41.5,6.4,Whorl,NK6240,28,12,3,High
Shivamogga,Sagar,Sagar_Village_4,13.75123,75.50964,9,2023,35.1,87.2,48.7,49.0,4.7,Vegetative,DHM117 (Local Hybrid),13,9,4,High
Haveri,Savanur,Savanur_Village_4,14.94755,75.48012,6,2024,23.0,33.5,0.0,15.7,2.6,Maturity,Bio9637,83,1,107,Low
Dharwad,Hubballi,Hubballi_Village_6,15.49796,74.92426,7,2024,26.1,63.9,7.4,31.4,12.1,Vegetative,Rasi RCH-2,25,6,4,Medium
Chikkaballapur,Gudibande,Gudibande_Village_6,13.60873,77.48188,5,2025,26.2,57.3,14.1,45.9,13.9,Vegetative,Pioneer 3396,24,12,47,Medium
Shivamogga,Shikaripura,Shikaripura_Village_6,13.81574,75.56648,3,2024,33.7,77.4,22.6,46.3,5.4,Whorl,Pioneer 3396,28,14,39,High
Mysuru,Mysuru,Mysuru_Village_8,12.42397,76.60595,6,2024,35.6,90.7,28.1,53.4,7.6,Tasseling,Rasi RCH-2,42,16,0,High
Belagavi,Chikkodi,Chikkodi_Village_5,15.74678,74.34688,6,2025,20.7,42.6,0.2,17.9,12.1,Maturity,Local Desi Maize,104,0,39,Low
Belagavi,Athani,Athani_Village_9,16.07333,74.73683,3,2024,29.0,53.4,22.1,23.4,7.4,Whorl,Rasi RCH-2,39,3,14,Medium
Raichur,Manvi,Manvi_Village_4,16.4376,77.37747,5,2023,31.2,92.8,25.4,56.1,7.2,Whorl,DKC9108,40,10,1,High
Raichur,Manvi,Manvi_Village_2,16.40939,77.35221,1,2025,24.1,55.1,28.9,33.3,6.7,Tasseling,Local Desi Maize,42,6,26,Medium
Chamarajanagar,Gundlupet,Gundlupet_Village_7,11.83499,76.7857,1,2024,20.3,42.6,16.1,26.4,8.9,Maturity,30V92,95,2,128,Low
Chikkaballapur,Chintamani,Chintamani_Village_1,13.2798,77.97549,1,2025,25.7,45.4,15.4,36.5,8.9,Whorl,30V92,20,4,7,Medium
Tumakuru,Tumakuru,Tumakuru_Village_3,13.55028,77.02228,5,2023,26.6,33.2,0.8,24.8,14.2,Maturity,DKC9108,89,1,21,Low
Haveri,Hirekerur,Hirekerur_Village_3,14.68607,75.16571,3,2023,32.6,88.6,15.8,48.3,9.3,Whorl,DKC9108,21,15,5,High
Davanagere,Nyamathi,Nyamathi_Village_7,14.69653,75.73323,9,2025,29.6,76.5,13.5,42.4,9.8,Whorl,P3501,35,12,10,High
Tumakuru,Pavagada,Pavagada_Village_2,13.25747,77.14601,6,2025,26.6,71.0,14.8,49.3,7.5,Tasseling,DKC9108,49,5,23,Medium
Davanagere,Davanagere,Davanagere_Village_3,14.44274,75.85083,10,2025,26.7,46.0,1.4,21.7,6.4,Tasseling,DHM117 (Local Hybrid),40,7,17,Medium
Raichur,Manvi,Manvi_Village_9,16.17179,77.34265,8,2024,26.6,56.5,35.5,41.4,6.5,Vegetative,Local Desi Maize,13,5,42,Medium
Dharwad,Dharwad,Dharwad_Village_4,15.33575,74.98405,12,2023,29.8,44.4,14.9,33.7,14.7,Vegetative,30V92,16,5,58,Medium
Mysuru,K.R. Nagar,K.R. Nagar_Village_3,12.18339,76.6301,3,2025,26.2,57.8,12.0,33.7,7.1,Whorl,Rasi RCH-2,34,4,8,Medium
Ballari,Hospet,Hospet_Village_8,15.25278,77.14525,8,2025,30.3,89.5,35.9,52.4,4.6,Tasseling,NK6240,47,12,24,High
Ballari,Sandur,Sandur_Village_4,15.21067,77.00508,9,2023,29.8,74.0,4.4,41.9,9.6,Whorl,Pioneer 3396,39,5,32,Medium
Koppal,Kushtagi,Kushtagi_Village_4,15.43565,76.01687,3,2023,27.3,53.5,29.8,22.8,4.2,Tasseling,Bio9637,45,7,29,Medium
Gadag,Ron,Ron_Village_6,15.22679,75.46799,1,2025,35.0,84.1,12.3,48.0,7.3,Vegetative,DHM117 (Local Hybrid),18,17,2,High
Raichur,Sindhanur,Sindhanur_Village_6,16.07572,77.52204,8,2025,31.5,90.6,60.8,43.5,16.2,Whorl,Bio9637,24,10,12,High
Tumakuru,Pavagada,Pavagada_Village_8,13.16876,77.11959,8,2024,22.8,35.3,1.1,20.3,10.5,Silking,Local Desi Maize,55,4,15,Low
Chitradurga,Challakere,Challakere_Village_2,14.02465,76.52411,10,2024,23.4,33.1,0.0,16.5,10.7,Maturity,Kaveri KMH-25K61,98,3,107,Low
Raichur,Lingsugur,Lingsugur_Village_7,16.34577,77.1953,5,2024,26.0,59.7,12.8,44.2,11.0,Tasseling,Local Desi Maize,47,5,3,Medium
Chitradurga,Holalkere,Holalkere_Village_7,14.36997,76.36637,8,2025,29.7,87.2,28.6,52.5,9.8,Vegetative,Rasi RCH-2,11,3,7,Medium
Raichur,Raichur,Raichur_Village_2,16.23834,77.1953,3,2023,22.2,73.5,13.8,41.5,11.5,Vegetative,30V92,24,7,41,Medium
Dharwad,Dharwad,Dharwad_Village_4,15.5258,74.91314,11,2024,33.0,98.0,36.4,49.3,5.6,Vegetative,NK6240,10,12,6,High
Shivamogga,Shikaripura,Shikaripura_Village_5,13.68526,75.51539,8,2025,18.9,36.0,2.8,26.2,11.5,Maturity,DKC9108,107,0,4,Low
Chikkaballapur,Gudibande,Gudibande_Village_7,13.39663,77.60148,2,2025,18.3,40.1,6.4,24.7,9.4,Vegetative,30V92,17,2,180,Low
Gadag,Shirahatti,Shirahatti_Village_8,15.66875,75.54434,10,2024,31.6,54.6,9.7,35.3,11.1,Vegetative,Rasi RCH-2,19,5,15,Medium
Chitradurga,Molakalmuru,Molakalmuru_Village_7,14.35185,76.45782,6,2023,34.2,95.9,30.6,56.1,9.0,Whorl,NK6240,30,15,12,High
Hassan,Belur,Belur_Village_3,13.21789,76.19695,5,2024,27.3,56.2,4.8,31.3,7.9,Vegetative,30V92,17,4,8,Medium
Gadag,Shirahatti,Shirahatti_Village_4,15.29318,75.77434,6,2023,31.7,88.0,38.1,55.7,9.1,Whorl,DHM117 (Local Hybrid),20,25,0,High
Mandya,Mandya,Mandya_Village_7,12.67556,76.88921,4,2025,32.6,92.8,8.3,52.4,12.8,Whorl,Bio9637,27,10,3,High
Tumakuru,Sira,Sira_Village_1,13.4659,77.33318,10,2023,33.0,89.1,31.3,47.1,6.8,Whorl,DKC9108,27,13,6,High
Mysuru,Nanjangud,Nanjangud_Village_5,12.12075,76.42359,3,2023,28.2,61.8,6.6,29.6,8.2,Maturity,DKC9108,109,1,6,Medium
Chikkaballapur,Chikkaballapur,Chikkaballapur_Village_5,13.62488,77.77854,12,2023,26.6,60.1,10.5,39.2,7.3,Whorl,DKC9108,29,3,25,Medium
Belagavi,Ramdurg,Ramdurg_Village_3,15.85117,74.36901,1,2024,31.3,90.2,49.6,56.8,15.4,Vegetative,Local Desi Maize,25,7,1,High
Haveri,Hirekerur,Hirekerur_Village_4,14.56461,75.36346,7,2025,26.8,41.2,66.4,31.8,10.3,Maturity,30V92,95,5,13,Medium
Tumakuru,Sira,Sira_Village_6,13.13773,77.00445,2,2024,23.7,33.6,4.4,17.7,2.4,Maturity,DHM117 (Local Hybrid),76,0,7,Low
Davanagere,Nyamathi,Nyamathi_Village_3,14.71318,75.75073,8,2025,22.9,65.1,42.2,32.8,6.2,Whorl,NK6240,24,9,0,Medium
Koppal,Kushtagi,Kushtagi_Village_4,15.18836,76.12746,7,2025,21.1,31.6,0.4,22.1,8.3,Vegetative,P3501,14,0,52,Low
Gadag,Shirahatti,Shirahatti_Village_4,15.46282,75.6527,10,2023,27.2,55.6,25.6,34.8,17.3,Tasseling,Kaveri KMH-25K61,48,2,22,Medium
Haveri,Hirekerur,Hirekerur_Village_5,15.00073,75.47705,9,2024,32.3,85.1,43.2,52.3,2.4,Whorl,P3501,33,11,4,High
Belagavi,Ramdurg,Ramdurg_Village_2,15.68975,74.72286,1,2023,26.4,60.0,0.1,36.5,10.3,Silking,Local Desi Maize,70,4,0,Medium
Chikkaballapur,Chintamani,Chintamani_Village_7,13.57931,77.78398,7,2024,23.6,60.2,3.5,32.9,9.4,Whorl,DKC9108,40,7,42,Medium
Shivamogga,Shivamogga,Shivamogga_Village_3,13.89563,75.713,2,2023,22.3,70.5,21.8,48.6,9.8,Vegetative,NK6240,17,6,0,Medium
Chamarajanagar,Gundlupet,Gundlupet_Village_8,11.97841,77.13191,10,2025,30.1,95.6,29.3,56.6,5.0,Vegetative,DKC9108,19,10,12,High
Haveri,Haveri,Haveri_Village_2,14.6321,75.23712,10,2024,27.5,44.4,12.4,22.7,8.2,Whorl,P3501,40,9,0,Medium
Ballari,Hospet,Hospet_Village_3,15.349,76.73947,1,2024,28.0,90.3,69.3,62.8,6.6,Whorl,30V92,33,14,1,High
Dharwad,Kundgol,Kundgol_Village_6,15.21525,75.01004,5,2023,16.9,32.9,0.2,17.1,8.4,Silking,DKC9108,61,1,85,Low
Chikkaballapur,Chintamani,Chintamani_Village_6,13.50332,77.75971,11,2024,28.2,56.1,11.5,37.0,10.6,Whorl,Local Desi Maize,30,4,6,Medium
Hassan,Belur,Belur_Village_3,12.88266,76.16559,7,2023,27.1,61.9,24.6,32.5,17.0,Silking,30V92,55,2,15,Medium
Davanagere,Channagiri,Channagiri_Village_9,14.65355,76.07707,5,2024,22.2,23.6,3.2,20.0,8.7,Tasseling,Rasi RCH-2,45,1,81,Low
Belagavi,Saundatti,Saundatti_Village_9,15.67964,74.27344,5,2024,30.6,76.3,66.1,59.0,7.9,Whorl,Bio9637,39,12,5,High
Mysuru,Piriyapatna,Piriyapatna_Village_6,12.22237,76.69441,1,2025,32.7,85.5,23.1,50.7,9.7,Whorl,Kaveri KMH-25K61,38,18,6,High
Belagavi,Ramdurg,Ramdurg_Village_2,16.07647,74.384,4,2023,29.7,86.6,69.4,71.5,3.5,Vegetative,DHM117 (Local Hybrid),20,5,1,High
Dharwad,Navalgund,Navalgund_Village_1,15.59979,74.78181,3,2023,27.5,50.7,25.3,37.7,7.6,Vegetative,DKC9108,20,5,34,Medium
Tumakuru,Pavagada,Pavagada_Village_4,13.27229,77.08377,8,2024,24.1,31.8,0.5,17.1,9.2,Silking,Pioneer 3396,70,1,165,Low
Gadag,Mundargi,Mundargi_Village_8,15.43918,75.45487,8,2023,32.9,83.2,45.5,58.4,10.7,Whorl,NK6240,26,15,6,High
Davanagere,Honnali,Honnali_Village_5,14.60546,75.89572,6,2025,34.1,78.9,71.0,48.3,6.3,Vegetative,Pioneer 3396,16,14,5,High
Chitradurga,Challakere,Challakere_Village_7,14.15577,76.33805,2,2023,34.8,89.1,98.1,59.3,5.8,Whorl,NK6240,37,17,4,High
Mandya,Mandya,Mandya_Village_1,12.52429,76.74392,2,2023,25.9,68.8,60.4,49.0,9.9,Whorl,Rasi RCH-2,20,5,25,Medium
Belagavi,Chikkodi,Chikkodi_Village_8,15.97199,74.48636,6,2023,27.3,60.0,7.0,36.6,5.9,Vegetative,Bio9637,21,3,10,Medium
Mysuru,Nanjangud,Nanjangud_Village_1,12.52527,76.8188,4,2025,29.2,80.6,5.4,44.5,12.1,Maturity,Rasi RCH-2,77,5,43,Medium
Haveri,Savanur,Savanur_Village_2,14.93313,75.45253,8,2025,30.3,72.8,5.0,45.7,9.6,Tasseling,DHM117 (Local Hybrid),47,4,29,Medium
Tumakuru,Sira,Sira_Village_2,13.15819,76.90365,10,2024,23.0,50.6,33.7,34.6,11.0,Whorl,Local Desi Maize,20,3,5,Medium
Mysuru,Nanjangud,Nanjangud_Village_8,12.26498,76.87507,3,2024,24.7,69.9,1.0,41.8,8.2,Vegetative,Rasi RCH-2,19,3,0,Medium
Mysuru,Hunsur,Hunsur_Village_2,12.43304,76.85876,5,2024,31.4,93.4,25.4,54.8,3.3,Whorl,Local Desi Maize,35,10,13,High
Mysuru,Nanjangud,Nanjangud_Village_8,12.4981,76.75075,3,2024,20.2,36.4,1.4,19.6,9.5,Silking,Local Desi Maize,59,3,180,Low
Tumakuru,Madhugiri,Madhugiri_Village_9,13.38285,76.9594,9,2024,34.4,87.3,28.4,55.6,4.5,Whorl,Rasi RCH-2,37,6,3,High
Ballari,Siruguppa,Siruguppa_Village_3,14.93883,76.71877,12,2025,32.4,92.5,36.7,64.7,12.2,Whorl,NK6240,35,8,18,High
Chikkaballapur,Gudibande,Gudibande_Village_7,13.21756,77.63071,2,2025,33.3,82.5,101.2,63.8,7.2,Tasseling,Pioneer 3396,52,18,3,High
Mandya,Mandya,Mandya_Village_2,12.31534,77.08878,8,2023,28.5,62.3,13.1,36.8,8.0,Tasseling,Rasi RCH-2,52,3,26,Medium
Shivamogga,Shivamogga,Shivamogga_Village_5,13.77958,75.40418,8,2023,28.1,62.4,4.1,35.8,5.8,Whorl,Kaveri KMH-25K61,33,2,52,Medium
Hassan,Belur,Belur_Village_2,12.9378,76.09193,8,2025,30.6,38.1,4.2,21.2,10.1,Whorl,Rasi RCH-2,21,4,37,Medium
Gadag,Gadag,Gadag_Village_4,15.43121,75.48473,7,2024,30.8,76.1,29.7,41.6,12.4,Whorl,P3501,33,14,2,High
Davanagere,Honnali,Honnali_Village_3,14.56807,75.99339,2,2023,24.8,71.6,33.0,43.3,7.1,Whorl,NK6240,23,5,2,Medium
Chikkaballapur,Gudibande,Gudibande_Village_3,13.6794,77.59457,2,2025,26.5,58.6,30.0,30.6,11.3,Tasseling,Rasi RCH-2,44,8,68,Medium
Belagavi,Ramdurg,Ramdurg_Village_4,15.97297,74.24966,9,2024,26.8,32.4,1.0,12.5,14.3,Maturity,Local Desi Maize,103,0,37,Low
Chikkaballapur,Chintamani,Chintamani_Village_2,13.55211,77.74529,4,2025,32.9,98.0,34.2,56.7,6.7,Whorl,Pioneer 3396,29,20,0,High
Chikkaballapur,Gudibande,Gudibande_Village_2,13.36567,77.55214,2,2025,33.5,91.0,29.0,52.9,8.6,Whorl,Pioneer 3396,25,15,15,High
Mysuru,Hunsur,Hunsur_Village_1,12.27648,76.65811,1,2025,30.6,82.3,29.6,52.1,6.6,Tasseling,NK6240,50,17,5,High
Gadag,Mundargi,Mundargi_Village_3,15.6385,75.45497,1,2024,20.8,28.8,0.1,10.1,14.1,Silking,NK6240,66,0,29,Low
Tumakuru,Pavagada,Pavagada_Village_5,13.11667,77.18212,8,2024,19.6,29.9,2.6,13.3,8.1,Whorl,Bio9637,26,3,19,Low
Raichur,Manvi,Manvi_Village_9,16.33372,77.13254,5,2024,29.7,51.4,13.8,32.6,12.3,Tasseling,30V92,45,4,3,Medium
Belagavi,Chikkodi,Chikkodi_Village_7,15.73472,74.43727,7,2025,30.1,80.8,60.5,55.1,11.2,Whorl,DHM117 (Local Hybrid),20,12,5,High
Koppal,Kushtagi,Kushtagi_Village_9,15.53153,76.07841,1,2025,21.8,42.6,0.2,36.4,13.1,Tasseling,Pioneer 3396,55,0,79,Low
Mysuru,Nanjangud,Nanjangud_Village_4,12.30918,76.79132,3,2025,31.5,90.2,28.2,48.1,10.1,Vegetative,Rasi RCH-2,18,9,6,High
Hassan,Hassan,Hassan_Village_2,12.98388,75.88526,2,2024,20.1,43.7,0.0,24.4,10.8,Maturity,Local Desi Maize,75,0,18,Low
Chitradurga,Molakalmuru,Molakalmuru_Village_4,13.98948,76.19791,4,2024,21.5,61.8,16.2,38.1,9.9,Whorl,30V92,32,6,36,Medium
Mandya,Mandya,Mandya_Village_7,12.57426,76.95556,1,2025,33.2,86.8,31.5,50.8,6.8,Vegetative,P3501,20,14,1,High
Ballari,Kudligi,Kudligi_Village_6,14.93326,77.03247,6,2024,24.9,68.4,48.2,43.7,11.5,Whorl,DKC9108,39,5,32,Medium
Haveri,Shiggaon,Shiggaon_Village_6,14.9123,75.55675,4,2025,17.6,24.7,6.8,15.7,13.5,Maturity,DHM117 (Local Hybrid),109,3,0,Low
Mysuru,Mysuru,Mysuru_Village_9,12.50727,76.71148,10,2025,29.6,88.8,32.0,47.9,10.3,Whorl,Bio9637,32,12,1,High
Dharwad,Navalgund,Navalgund_Village_3,15.59809,74.90386,9,2024,25.8,30.5,0.0,15.5,9.9,Maturity,30V92,98,0,17,Low
Shivamogga,Shivamogga,Shivamogga_Village_1,13.86257,75.623,1,2023,22.0,53.2,0.0,24.8,17.4,Tasseling,NK6240,44,2,71,Low
Ballari,Sandur,Sandur_Village_1,14.9862,76.95372,10,2025,19.7,36.9,3.8,24.0,15.9,Maturity,DKC9108,102,0,26,Low
Hassan,Arsikere,Arsikere_Village_3,13.25178,76.02619,1,2024,28.8,82.9,56.7,52.3,4.4,Whorl,Local Desi Maize,27,8,9,High
Raichur,Lingsugur,Lingsugur_Village_7,16.2291,77.25064,8,2025,25.4,56.6,2.0,28.3,10.8,Tasseling,NK6240,43,4,14,Medium
Ballari,Ballari,Ballari_Village_4,15.26804,76.84556,12,2023,32.0,59.9,10.7,22.2,8.2,Maturity,Rasi RCH-2,82,7,9,Medium
Davanagere,Davanagere,Davanagere_Village_7,14.36687,76.15694,12,2023,32.4,88.4,15.8,44.5,9.1,Whorl,Local Desi Maize,36,10,3,High
Mysuru,Mysuru,Mysuru_Village_8,12.30882,76.42499,10,2023,25.4,65.7,14.1,34.2,14.7,Vegetative,Kaveri KMH-25K61,24,5,13,Medium
Chamarajanagar,Chamarajanagar,Chamarajanagar_Village_4,11.95474,77.07677,7,2025,23.6,59.6,9.8,32.8,11.0,Tasseling,Kaveri KMH-25K61,51,6,8,Medium
Dharwad,Navalgund,Navalgund_Village_4,15.62912,74.76428,6,2025,26.8,43.3,3.8,30.1,9.3,Tasseling,DHM117 (Local Hybrid),47,2,37,Medium
Raichur,Lingsugur,Lingsugur_Village_3,15.96792,77.55653,6,2025,23.1,58.9,10.6,35.1,5.5,Whorl,Pioneer 3396,27,2,10,Medium
Shivamogga,Sagar,Sagar_Village_4,13.86888,75.52005,1,2025,25.6,21.8,0.0,15.7,7.6,Maturity,DKC9108,104,1,107,Low
Chikkaballapur,Sidlaghatta,Sidlaghatta_Village_9,13.55837,77.49666,6,2025,27.5,61.5,12.3,35.9,8.0,Maturity,Local Desi Maize,94,3,2,Medium
Chitradurga,Holalkere,Holalkere_Village_4,14.37988,76.23123,7,2025,24.6,66.2,3.4,37.8,13.4,Whorl,Bio9637,27,8,16,Medium
Koppal,Kushtagi,Kushtagi_Village_5,15.32735,76.04349,9,2025,21.1,49.3,5.9,25.9,9.4,Maturity,P3501,96,1,10,Low
Tumakuru,Tiptur,Tiptur_Village_1,13.34511,77.20209,2,2025,17.4,25.7,0.3,22.2,11.4,Silking,Rasi RCH-2,59,1,59,Low
Davanagere,Channagiri,Channagiri_Village_8,14.54114,76.15969,1,2023,25.3,67.4,20.0,38.8,8.0,Whorl,DKC9108,27,11,13,Medium
Haveri,Ranebennur,Ranebennur_Village_5,14.64371,75.4223,5,2024,25.8,61.6,3.7,21.7,10.9,Vegetative,DHM117 (Local Hybrid),13,4,1,Medium
Chitradurga,Chitradurga,Chitradurga_Village_6,14.18521,76.159,8,2023,24.7,36.1,4.3,28.1,8.7,Maturity,Pioneer 3396,110,0,146,Low
Koppal,Yelburga,Yelburga_Village_7,15.4903,76.37649,2,2023,26.6,44.9,5.7,30.6,15.0,Silking,Bio9637,59,6,10,Medium
Gadag,Mundargi,Mundargi_Village_4,15.42941,75.38273,11,2023,21.6,26.6,1.4,21.4,8.7,Tasseling,DHM117 (Local Hybrid),42,1,78,Low
Chitradurga,Hiriyur,Hiriyur_Village_6,14.09757,76.63076,7,2025,27.2,42.1,26.8,22.8,9.3,Vegetative,Pioneer 3396,21,4,10,Medium
Chitradurga,Hiriyur,Hiriyur_Village_5,14.23529,76.27019,10,2025,35.2,76.4,30.1,45.0,4.0,Tasseling,DHM117 (Local Hybrid),47,11,5,High
Tumakuru,Madhugiri,Madhugiri_Village_5,13.57666,77.05865,11,2025,31.9,81.9,58.8,55.7,7.4,Tasseling,Rasi RCH-2,49,5,13,High
Tumakuru,Sira,Sira_Village_8,13.32895,77.21511,2,2024,28.6,58.3,2.3,32.2,6.8,Maturity,DKC9108,82,2,8,Medium
Chamarajanagar,Kollegal,Kollegal_Village_6,11.72551,76.82526,3,2024,29.7,80.3,30.7,49.8,9.4,Whorl,P3501,31,15,0,High
Shivamogga,Shivamogga,Shivamogga_Village_6,13.89909,75.44257,5,2023,31.8,89.7,45.8,53.6,7.2,Whorl,P3501,25,10,1,High
Chikkaballapur,Gudibande,Gudibande_Village_4,13.48813,77.53294,11,2024,17.9,54.7,0.0,40.8,11.2,Silking,Local Desi Maize,62,3,160,Low
Belagavi,Gokak,Gokak_Village_6,16.00685,74.35748,7,2024,27.0,76.6,7.1,35.0,10.2,Silking,Pioneer 3396,56,8,58,Medium
Ballari,Sandur,Sandur_Village_9,15.18262,76.91425,6,2023,18.7,22.0,0.0,14.4,11.7,Silking,Bio9637,70,0,62,Low
Hassan,Holenarasipura,Holenarasipura_Village_6,12.79016,76.13241,2,2024,27.7,79.8,56.6,50.3,16.2,Whorl,DKC9108,35,9,0,High
Tumakuru,Pavagada,Pavagada_Village_9,13.16252,76.96291,11,2025,18.6,36.6,0.0,7.3,10.5,Vegetative,Bio9637,21,0,10,Low
Ballari,Sandur,Sandur_Village_2,14.98596,77.03719,12,2023,29.6,62.3,11.2,39.9,1.8,Maturity,Rasi RCH-2,94,5,3,Medium
Hassan,Hassan,Hassan_Village_4,12.97365,75.93488,10,2023,29.8,85.5,50.8,56.1,2.0,Whorl,Bio9637,26,13,6,High
Hassan,Belur,Belur_Village_5,12.95883,76.17872,5,2024,26.2,59.8,10.0,28.8,8.7,Silking,Pioneer 3396,58,6,24,Medium
Mysuru,Hunsur,Hunsur_Village_5,12.36041,76.75794,5,2024,25.3,58.5,27.5,39.8,11.0,Maturity,Local Desi Maize,88,3,12,Medium
Ballari,Siruguppa,Siruguppa_Village_1,15.35216,77.02023,12,2024,31.5,94.3,55.9,57.6,3.7,Whorl,30V92,33,13,5,High
Gadag,Mundargi,Mundargi_Village_5,15.39937,75.40899,1,2023,17.6,38.5,1.1,25.6,16.9,Maturity,P3501,77,1,45,Low
Shivamogga,Soraba,Soraba_Village_6,13.98315,75.59042,1,2025,23.6,57.2,30.1,33.2,7.6,Whorl,Pioneer 3396,37,5,9,Medium
Mandya,Nagamangala,Nagamangala_Village_6,12.32515,77.14417,1,2025,22.0,27.6,3.1,18.9,9.4,Whorl,P3501,29,0,38,Low
Tumakuru,Sira,Sira_Village_5,13.40595,77.23461,1,2025,17.2,33.8,0.0,15.0,8.2,Maturity,Rasi RCH-2,88,1,128,Low
Chamarajanagar,Gundlupet,Gundlupet_Village_2,12.16675,76.78779,10,2023,32.9,87.0,16.9,51.0,9.8,Whorl,30V92,26,11,5,High
Shivamogga,Soraba,Soraba_Village_6,13.8351,75.72977,9,2025,30.7,86.6,28.8,50.4,10.8,Whorl,Local Desi Maize,38,16,9,High
Dharwad,Navalgund,Navalgund_Village_2,15.47347,74.75871,8,2025,30.3,54.3,9.4,34.3,6.8,Tasseling,Pioneer 3396,42,5,41,Medium
Mysuru,Piriyapatna,Piriyapatna_Village_3,12.39721,76.46882,12,2023,25.1,37.4,0.5,29.6,14.0,Silking,DHM117 (Local Hybrid),62,1,55,Low
Haveri,Savanur,Savanur_Village_3,15.01797,75.55682,3,2024,26.1,54.7,7.4,32.4,15.9,Tasseling,Kaveri KMH-25K61,51,5,0,Medium
Gadag,Shirahatti,Shirahatti_Village_2,15.36358,75.80939,12,2025,19.6,15.0,1.4,7.7,9.1,Silking,P3501,57,1,18,Low
Mysuru,K.R. Nagar,K.R. Nagar_Village_8,12.49133,76.83624,4,2024,31.5,87.5,67.5,65.0,7.1,Tasseling,Rasi RCH-2,44,10,12,High
Belagavi,Gokak,Gokak_Village_7,15.79122,74.5903,7,2024,32.3,83.7,44.7,53.7,6.8,Whorl,DKC9108,27,17,2,High
Chamarajanagar,Chamarajanagar,Chamarajanagar_Village_4,11.94132,76.86461,9,2025,28.5,69.5,7.4,46.8,8.0,Maturity,NK6240,94,4,12,Medium
Haveri,Shiggaon,Shiggaon_Village_3,14.92431,75.54593,4,2025,21.7,37.1,0.0,26.0,17.1,Maturity,Pioneer 3396,99,1,60,Low
Hassan,Channarayapatna,Channarayapatna_Village_1,13.1701,76.28971,3,2024,15.1,31.0,0.0,7.7,15.9,Tasseling,Bio9637,52,0,3,Low
Hassan,Hassan,Hassan_Village_2,13.19578,76.2095,5,2024,22.8,34.6,0.8,6.4,16.7,Maturity,30V92,100,0,61,Low
Dharwad,Kundgol,Kundgol_Village_7,15.27804,75.23314,11,2024,31.3,80.2,10.4,44.3,10.0,Whorl,DKC9108,23,14,0,High
Ballari,Hospet,Hospet_Village_8,14.95433,76.81547,8,2024,22.9,46.6,13.1,32.4,5.8,Whorl,P3501,35,2,17,Medium
Chamarajanagar,Gundlupet,Gundlupet_Village_6,12.10323,76.87873,7,2025,22.0,18.2,1.1,15.4,5.4,Tasseling,Pioneer 3396,50,2,31,Low
Chamarajanagar,Chamarajanagar,Chamarajanagar_Village_4,11.7702,76.73518,7,2024,27.7,62.3,4.7,35.5,5.7,Vegetative,Kaveri KMH-25K61,19,6,22,Medium
Mysuru,Hunsur,Hunsur_Village_9,12.29584,76.59589,8,2023,32.1,88.5,103.1,64.6,5.6,Whorl,Local Desi Maize,27,14,1,High
Chikkaballapur,Sidlaghatta,Sidlaghatta_Village_8,13.25259,77.54884,5,2024,28.0,86.3,49.0,56.4,0.0,Whorl,NK6240,22,12,7,High
Belagavi,Ramdurg,Ramdurg_Village_4,15.73832,74.33072,9,2025,23.7,35.5,3.7,29.7,12.7,Tasseling,Pioneer 3396,44,1,12,Low
Davanagere,Honnali,Honnali_Village_8,14.42414,75.75223,7,2023,27.5,60.8,1.0,37.1,9.0,Whorl,DKC9108,32,4,9,Medium
Dharwad,Kundgol,Kundgol_Village_4,15.3555,75.10995,10,2024,20.2,36.3,0.1,16.3,12.4,Vegetative,DHM117 (Local Hybrid),19,2,180,Low
Dharwad,Kundgol,Kundgol_Village_7,15.30161,75.02736,4,2025,23.0,38.5,3.8,20.7,2.2,Maturity,NK6240,77,0,111,Low
Hassan,Channarayapatna,Channarayapatna_Village_9,12.97091,76.0551,6,2023,26.8,66.6,9.8,42.6,4.8,Tasseling,30V92,55,4,117,Medium
Davanagere,Davanagere,Davanagere_Village_8,14.55575,75.94161,10,2023,25.2,59.6,8.4,23.9,10.8,Whorl,Local Desi Maize,33,4,21,Medium
Raichur,Raichur,Raichur_Village_7,16.01484,77.17988,8,2025,33.3,95.6,64.7,54.0,3.5,Whorl,DHM117 (Local Hybrid),31,8,12,High
Gadag,Nargund,Nargund_Village_9,15.48585,75.54312,1,2023,29.8,73.1,9.0,46.3,12.8,Maturity,NK6240,83,3,14,Medium
Ballari,Sandur,Sandur_Village_2,15.09518,76.92568,9,2024,25.1,50.6,34.9,41.6,4.8,Whorl,NK6240,37,5,2,Medium
Gadag,Gadag,Gadag_Village_6,15.3015,75.61141,7,2023,21.3,20.0,2.3,5.0,0.6,Silking,Bio9637,65,1,2,Low
Tumakuru,Pavagada,Pavagada_Village_1,13.55555,77.31025,9,2025,27.5,91.6,8.1,48.2,7.9,Vegetative,Kaveri KMH-25K61,23,2,25,Medium
Mandya,Nagamangala,Nagamangala_Village_2,12.69329,76.67712,9,2025,30.1,66.9,18.3,39.2,13.4,Vegetative,DHM117 (Local Hybrid),18,4,13,Medium
Hassan,Channarayapatna,Channarayapatna_Village_7,12.82507,75.85507,10,2025,23.1,44.6,0.0,29.4,5.6,Maturity,Bio9637,96,2,71,Low
Chikkaballapur,Chintamani,Chintamani_Village_6,13.25248,77.58293,1,2023,33.0,88.4,77.3,59.6,11.5,Vegetative,P3501,10,20,4,High
Raichur,Sindhanur,Sindhanur_Village_7,16.15128,77.45541,9,2023,32.3,94.0,64.3,58.6,12.0,Whorl,DHM117 (Local Hybrid),30,9,0,High
Tumakuru,Sira,Sira_Village_1,13.45639,77.17668,10,2025,20.2,30.1,0.0,19.5,12.9,Silking,Bio9637,58,3,44,Low
Mandya,Malavalli,Malavalli_Village_9,12.66042,76.87769,6,2024,34.2,83.2,18.6,44.7,2.1,Whorl,Kaveri KMH-25K61,32,15,16,High
Dharwad,Kundgol,Kundgol_Village_8,15.49344,74.8154,6,2025,19.7,36.8,1.3,15.0,6.8,Tasseling,Pioneer 3396,49,2,72,Low
Shivamogga,Shikaripura,Shikaripura_Village_4,14.05111,75.64489,9,2023,35.3,91.6,22.6,54.1,11.3,Vegetative,P3501,14,22,3,High
Hassan,Arsikere,Arsikere_Village_6,13.20306,76.21632,3,2024,32.2,78.9,61.5,44.3,6.0,Whorl,DKC9108,27,14,11,High
Davanagere,Nyamathi,Nyamathi_Village_2,14.53771,75.97056,11,2025,29.5,47.4,10.5,17.4,10.6,Whorl,P3501,37,4,8,Medium
Gadag,Nargund,Nargund_Village_5,15.2567,75.51867,10,2025,27.0,66.2,18.1,41.1,13.3,Tasseling,DKC9108,54,5,49,Medium
Davanagere,Nyamathi,Nyamathi_Village_2,14.6496,75.96997,3,2023,32.1,76.5,36.2,46.1,8.0,Whorl,DKC9108,34,17,8,High
Hassan,Holenarasipura,Holenarasipura_Village_5,13.1166,76.32145,9,2023,24.9,61.5,17.5,33.4,10.9,Whorl,Bio9637,39,3,0,Medium
Koppal,Koppal,Koppal_Village_2,15.24877,76.3596,3,2023,35.2,83.4,38.0,56.7,9.4,Whorl,30V92,24,6,4,High
Chikkaballapur,Gudibande,Gudibande_Village_5,13.24949,77.8534,8,2025,30.8,60.8,24.1,40.6,12.5,Tasseling,DKC9108,54,2,7,Medium
Tumakuru,Madhugiri,Madhugiri_Village_9,13.52152,77.14996,9,2025,25.1,42.7,8.7,26.2,7.9,Vegetative,30V92,20,3,18,Medium
Ballari,Sandur,Sandur_Village_4,15.01073,76.83461,12,2023,29.7,93.2,38.2,51.3,14.1,Vegetative,Pioneer 3396,10,17,0,High
Hassan,Hassan,Hassan_Village_2,12.97972,76.22098,11,2024,22.7,57.4,36.7,33.5,15.9,Whorl,DKC9108,36,5,116,Medium
Chikkaballapur,Chikkaballapur,Chikkaballapur_Village_5,13.32722,77.52668,4,2023,30.7,56.0,11.1,36.2,15.9,Whorl,DHM117 (Local Hybrid),27,2,9,Medium
Mandya,Mandya,Mandya_Village_3,12.74163,77.03249,10,2023,34.6,84.8,28.5,59.0,8.1,Whorl,Pioneer 3396,21,10,1,High
Haveri,Byadagi,Byadagi_Village_9,14.6041,75.62296,11,2023,21.6,21.8,4.3,11.8,7.9,Vegetative,30V92,24,0,92,Low
Davanagere,Nyamathi,Nyamathi_Village_2,14.657,76.09164,5,2025,21.7,34.1,0.2,13.2,6.6,Silking,P3501,66,0,39,Low
Koppal,Gangavathi,Gangavathi_Village_8,15.23418,76.08917,10,2023,26.5,60.8,1.9,39.5,11.1,Whorl,Pioneer 3396,26,7,20,Medium
Haveri,Hirekerur,Hirekerur_Village_3,14.99317,75.34358,4,2023,20.2,30.3,1.5,22.7,9.9,Silking,Rasi RCH-2,67,0,60,Low
Shivamogga,Bhadravati,Bhadravati_Village_9,13.73176,75.3629,9,2024,25.9,48.7,13.4,24.5,7.0,Whorl,Pioneer 3396,23,4,64,Medium
Chitradurga,Holalkere,Holalkere_Village_5,14.36891,76.46276,5,2025,31.9,83.3,53.2,53.5,7.5,Whorl,Pioneer 3396,28,12,10,High
Raichur,Manvi,Manvi_Village_7,16.28027,77.45588,2,2023,25.1,69.1,28.8,45.2,11.4,Whorl,Kaveri KMH-25K61,20,5,23,Medium
Haveri,Shiggaon,Shiggaon_Village_4,14.82215,75.18868,10,2023,19.6,27.1,2.8,17.0,9.2,Maturity,Kaveri KMH-25K61,76,2,70,Low
Mysuru,K.R. Nagar,K.R. Nagar_Village_4,12.38192,76.74712,5,2023,24.1,51.3,1.6,26.7,4.3,Whorl,Rasi RCH-2,31,8,27,Medium
Chikkaballapur,Chikkaballapur,Chikkaballapur_Village_1,13.6295,77.88385,4,2024,16.8,31.5,7.5,15.6,12.5,Silking,DHM117 (Local Hybrid),55,1,145,Low
Belagavi,Ramdurg,Ramdurg_Village_1,15.84957,74.3956,1,2023,19.3,26.4,0.5,20.0,11.6,Tasseling,Local Desi Maize,52,2,36,Low
Davanagere,Nyamathi,Nyamathi_Village_4,14.297,76.1193,1,2025,32.0,86.7,85.7,54.3,5.9,Vegetative,Local Desi Maize,22,17,8,High
Dharwad,Navalgund,Navalgund_Village_9,15.33679,74.97425,8,2023,30.3,85.2,57.4,50.0,6.4,Whorl,Rasi RCH-2,20,15,12,High
Ballari,Sandur,Sandur_Village_1,15.30805,76.87044,5,2023,26.8,55.7,11.1,22.7,8.2,Silking,Pioneer 3396,66,1,16,Medium
Shivamogga,Shivamogga,Shivamogga_Village_7,14.08043,75.50141,5,2025,17.1,24.3,1.9,17.6,6.6,Silking,Pioneer 3396,69,0,153,Low
Hassan,Belur,Belur_Village_2,12.96466,76.07367,12,2024,27.4,59.5,5.2,34.2,5.0,Silking,30V92,68,6,7,Medium
Chamarajanagar,Gundlupet,Gundlupet_Village_9,11.8676,77.01712,8,2023,20.9,32.4,1.3,25.2,10.7,Tasseling,Local Desi Maize,51,1,89,Low
Hassan,Belur,Belur_Village_2,12.7941,76.24201,10,2023,28.7,67.0,10.1,41.2,10.1,Vegetative,Bio9637,10,5,18,Medium
Shivamogga,Shikaripura,Shikaripura_Village_2,14.14829,75.49589,8,2024,25.3,71.9,20.4,43.8,14.3,Vegetative,P3501,23,2,4,Medium
Gadag,Nargund,Nargund_Village_6,15.33322,75.71652,8,2025,26.2,62.5,6.9,31.2,10.9,Tasseling,Rasi RCH-2,55,4,40,Medium
Mysuru,Mysuru,Mysuru_Village_1,12.21898,76.87634,6,2025,32.6,93.3,6.5,54.5,6.7,Vegetative,Rasi RCH-2,10,18,3,High
Chamarajanagar,Gundlupet,Gundlupet_Village_9,11.81626,76.73787,1,2023,29.6,85.9,55.8,50.7,0.0,Whorl,P3501,40,15,1,High
Chamarajanagar,Kollegal,Kollegal_Village_8,12.09234,76.75026,10,2025,26.7,73.2,2.4,39.3,8.2,Tasseling,DKC9108,53,3,49,Medium
Mandya,Maddur,Maddur_Village_4,12.62134,76.67232,1,2025,25.3,70.9,31.4,47.2,4.1,Whorl,DKC9108,29,5,33,Medium
Dharwad,Kalghatgi,Kalghatgi_Village_8,15.69512,75.04783,10,2024,19.2,45.2,1.1,25.4,8.2,Maturity,DHM117 (Local Hybrid),78,2,26,Low
Haveri,Byadagi,Byadagi_Village_8,14.62201,75.16141,11,2025,27.4,47.2,14.7,30.5,10.7,Silking,NK6240,70,6,13,Medium
Gadag,Shirahatti,Shirahatti_Village_9,15.4173,75.49229,3,2024,29.1,67.6,4.3,45.0,7.5,Vegetative,Pioneer 3396,14,2,5,Medium
Hassan,Arsikere,Arsikere_Village_1,12.93146,75.95986,7,2024,24.3,69.3,26.9,40.5,8.6,Tasseling,Bio9637,45,3,42,Medium
Hassan,Hassan,Hassan_Village_7,12.77865,76.29309,2,2024,32.6,82.5,32.2,52.1,12.9,Whorl,NK6240,34,18,25,High
Gadag,Shirahatti,Shirahatti_Village_2,15.27341,75.76733,5,2025,34.4,87.3,68.9,49.6,2.0,Vegetative,30V92,11,24,1,High
Mandya,Malavalli,Malavalli_Village_1,12.58379,76.90861,5,2024,24.2,54.6,20.5,38.0,7.9,Silking,DKC9108,66,2,6,Medium
Ballari,Ballari,Ballari_Village_1,14.89557,76.73014,5,2023,21.4,34.8,2.4,15.5,4.6,Maturity,DHM117 (Local Hybrid),99,1,20,Low
Mandya,Pandavapura,Pandavapura_Village_2,12.29887,76.93684,11,2023,24.7,55.1,1.6,29.0,10.2,Tasseling,DKC9108,54,10,24,Medium
Raichur,Manvi,Manvi_Village_5,15.98203,77.21491,2,2024,28.6,76.9,9.8,47.8,5.2,Silking,Pioneer 3396,56,6,28,Medium
Koppal,Yelburga,Yelburga_Village_1,15.48868,75.949,5,2023,19.7,34.9,1.4,22.4,12.2,Vegetative,30V92,25,2,4,Low
Koppal,Yelburga,Yelburga_Village_8,15.4225,75.95824,1,2024,34.3,81.6,20.1,44.1,10.7,Vegetative,NK6240,17,16,1,High
Ballari,Kudligi,Kudligi_Village_6,15.28242,76.68404,12,2025,16.4,15.8,7.0,12.7,9.1,Vegetative,P3501,15,1,7,Low
Ballari,Siruguppa,Siruguppa_Village_3,14.94236,76.71692,10,2025,32.5,83.7,36.6,48.8,8.4,Vegetative,NK6240,24,9,2,High
Raichur,Devadurga,Devadurga_Village_6,16.17121,77.40582,6,2025,25.5,56.4,8.6,38.1,8.6,Vegetative,Local Desi Maize,22,3,6,Medium
Shivamogga,Bhadravati,Bhadravati_Village_3,14.03315,75.53936,1,2024,23.4,37.9,2.0,25.2,6.9,Maturity,DHM117 (Local Hybrid),82,1,91,Low
Chikkaballapur,Gudibande,Gudibande_Village_9,13.41172,77.60098,2,2024,17.1,45.2,1.8,36.6,9.1,Maturity,Local Desi Maize,105,1,10,Low
Raichur,Devadurga,Devadurga_Village_2,16.36582,77.31504,6,2024,28.4,57.7,11.3,32.7,8.3,Whorl,30V92,21,7,2,Medium
Mysuru,Mysuru,Mysuru_Village_7,12.18512,76.51631,10,2024,26.3,50.0,4.3,28.8,11.6,Silking,DKC9108,55,10,4,Medium
Chikkaballapur,Sidlaghatta,Sidlaghatta_Village_5,13.47396,77.62238,9,2025,23.8,85.6,23.9,44.6,7.4,Tasseling,Rasi RCH-2,41,7,9,Medium
Davanagere,Channagiri,Channagiri_Village_3,14.70784,76.05332,3,2023,18.2,26.6,0.0,22.2,7.9,Tasseling,Local Desi Maize,51,4,28,Low
Haveri,Haveri,Haveri_Village_9,14.79208,75.32126,6,2024,34.3,82.9,48.6,50.6,12.3,Vegetative,Pioneer 3396,10,11,2,High
Dharwad,Dharwad,Dharwad_Village_1,15.29749,75.09656,2,2025,27.2,61.9,1.5,33.3,14.0,Whorl,P3501,27,8,44,Medium
Tumakuru,Tumakuru,Tumakuru_Village_2,13.32164,77.20854,7,2024,20.8,38.0,0.1,14.3,8.7,Silking,30V92,57,1,40,Low
Tumakuru,Madhugiri,Madhugiri_Village_5,13.37769,77.1184,4,2024,36.6,94.8,69.6,60.8,7.5,Whorl,Kaveri KMH-25K61,31,15,7,High
Haveri,Shiggaon,Shiggaon_Village_4,14.68864,75.63554,9,2025,23.9,58.9,27.0,34.3,11.2,Silking,Bio9637,67,2,1,Medium
Chikkaballapur,Chikkaballapur,Chikkaballapur_Village_8,13.38119,77.75697,8,2024,15.6,39.7,0.8,15.3,5.5,Tasseling,30V92,41,1,42,Low
Davanagere,Jagalur,Jagalur_Village_7,14.48656,75.78242,5,2024,34.7,79.4,36.6,42.9,3.7,Vegetative,Pioneer 3396,16,13,15,High
Chitradurga,Challakere,Challakere_Village_8,14.47199,76.39424,4,2024,23.1,50.5,45.8,33.6,9.6,Tasseling,Local Desi Maize,43,4,43,Medium
Shivamogga,Soraba,Soraba_Village_8,13.80385,75.32467,7,2023,23.4,38.0,11.2,15.0,11.3,Tasseling,Pioneer 3396,52,5,0,Medium
Tumakuru,Madhugiri,Madhugiri_Village_7,13.46597,77.30891,11,2023,30.4,67.3,0.3,44.9,12.2,Tasseling,P3501,41,4,55,Medium
Hassan,Holenarasipura,Holenarasipura_Village_1,12.84165,76.08355,5,2023,17.9,42.1,0.1,14.3,3.2,Maturity,Rasi RCH-2,109,2,1,Low
Dharwad,Kundgol,Kundgol_Village_9,15.26502,75.02169,2,2024,30.7,87.4,35.1,53.1,14.7,Vegetative,Local Desi Maize,21,14,16,High
Chitradurga,Chitradurga,Chitradurga_Village_5,14.15252,76.28776,9,2023,33.1,84.1,20.0,55.0,11.4,Tasseling,Bio9637,49,11,3,High
Chikkaballapur,Chintamani,Chintamani_Village_3,13.57341,77.57313,5,2025,28.8,89.5,15.7,53.1,8.5,Whorl,Kaveri KMH-25K61,26,12,2,High
Ballari,Kudligi,Kudligi_Village_3,14.89178,76.73454,7,2023,32.7,89.7,13.9,55.7,8.8,Vegetative,P3501,19,15,1,High
Gadag,Nargund,Nargund_Village_9,15.51614,75.62617,4,2023,28.8,57.5,9.3,32.2,7.5,Whorl,Local Desi Maize,24,8,7,Medium
Mandya,Nagamangala,Nagamangala_Village_6,12.33454,76.93388,7,2025,18.5,34.1,0.3,37.0,9.7,Tasseling,DHM117 (Local Hybrid),43,0,37,Low
Koppal,Kushtagi,Kushtagi_Village_7,15.47589,76.19217,4,2025,28.3,57.2,23.7,27.7,14.6,Tasseling,Rasi RCH-2,55,5,13,Medium
Tumakuru,Sira,Sira_Village_9,13.43303,76.90722,2,2023,27.3,63.5,2.8,33.8,12.5,Maturity,DHM117 (Local Hybrid),86,1,41,Medium
Dharwad,Kalghatgi,Kalghatgi_Village_1,15.24179,75.0608,8,2025,21.8,15.0,0.6,6.8,1.3,Maturity,30V92,87,0,21,Low
Shivamogga,Bhadravati,Bhadravati_Village_3,13.78967,75.73634,11,2023,15.1,42.1,0.4,25.4,10.5,Maturity,NK6240,83,0,36,Low
Shivamogga,Bhadravati,Bhadravati_Village_2,13.94216,75.53283,9,2024,26.7,53.2,0.4,28.1,8.2,Whorl,30V92,39,4,17,Medium
Mysuru,K.R. Nagar,K.R. Nagar_Village_3,12.3588,76.47908,12,2024,19.8,41.3,1.1,25.4,11.1,Tasseling,30V92,52,1,121,Low
Mysuru,Nanjangud,Nanjangud_Village_6,12.29654,76.83263,6,2024,33.0,91.9,7.5,64.7,10.5,Whorl,P3501,24,10,5,High
Shivamogga,Sagar,Sagar_Village_6,13.78712,75.34193,9,2024,28.5,87.3,59.3,55.7,9.1,Whorl,P3501,29,11,17,High
Chamarajanagar,Yelandur,Yelandur_Village_2,12.12105,76.9596,11,2024,27.9,64.4,6.5,39.4,2.1,Whorl,Rasi RCH-2,21,4,21,Medium
Mysuru,Piriyapatna,Piriyapatna_Village_3,12.47294,76.80602,5,2023,28.1,60.1,36.8,44.6,10.5,Vegetative,Rasi RCH-2,16,1,0,Medium
Mysuru,K.R. Nagar,K.R. Nagar_Village_1,12.51002,76.63693,10,2024,33.3,81.6,29.6,58.3,10.8,Whorl,30V92,33,8,1,High
Belagavi,Gokak,Gokak_Village_3,15.7265,74.27013,8,2024,32.8,87.0,45.7,53.8,4.5,Silking,DKC9108,64,13,6,High
Davanagere,Davanagere,Davanagere_Village_2,14.59923,75.72878,8,2023,15.2,42.3,1.4,16.0,15.8,Maturity,Local Desi Maize,104,0,108,Low
Belagavi,Gokak,Gokak_Village_8,15.94801,74.73494,9,2025,25.6,65.7,27.1,46.4,8.7,Whorl,Rasi RCH-2,26,6,34,Medium
Chitradurga,Hiriyur,Hiriyur_Village_2,14.17658,76.54944,12,2024,17.7,27.1,0.0,16.2,0.4,Vegetative,NK6240,24,2,69,Low
Tumakuru,Madhugiri,Madhugiri_Village_4,13.47789,77.31541,8,2025,30.4,61.3,43.4,41.9,15.1,Silking,DKC9108,61,11,8,Medium
Davanagere,Jagalur,Jagalur_Village_5,14.43629,75.72655,8,2023,30.2,58.3,9.9,37.7,6.8,Silking,Rasi RCH-2,60,5,19,Medium
Chamarajanagar,Chamarajanagar,Chamarajanagar_Village_8,11.84319,76.8473,11,2024,23.8,56.4,22.1,33.8,12.1,Vegetative,Bio9637,20,7,22,Medium
Chikkaballapur,Chintamani,Chintamani_Village_6,13.50908,77.83204,3,2025,17.1,46.6,0.6,18.9,8.7,Silking,Local Desi Maize,56,0,4,Low
Koppal,Gangavathi,Gangavathi_Village_4,15.43203,76.21375,5,2023,28.1,91.7,37.0,61.8,10.1,Whorl,P3501,26,12,0,High
Gadag,Ron,Ron_Village_7,15.54226,75.77453,3,2023,28.5,49.6,15.7,31.8,8.7,Vegetative,Bio9637,24,5,61,Medium
Tumakuru,Pavagada,Pavagada_Village_3,13.25449,77.32277,3,2023,32.5,89.7,25.8,50.3,13.6,Maturity,NK6240,82,12,0,High
Davanagere,Harihara,Harihara_Village_3,14.39423,75.96028,8,2024,30.1,83.0,39.6,56.1,14.6,Tasseling,Local Desi Maize,45,9,6,High
Shivamogga,Sagar,Sagar_Village_2,14.03972,75.53968,1,2025,20.1,35.9,0.2,25.5,9.2,Maturity,Local Desi Maize,93,1,172,Low
Hassan,Arsikere,Arsikere_Village_3,13.06271,75.84641,6,2025,27.0,56.0,25.8,41.2,11.4,Tasseling,Pioneer 3396,43,8,7,Medium
Hassan,Arsikere,Arsikere_Village_7,13.07184,76.32813,12,2024,22.0,37.4,0.1,23.8,4.0,Maturity,Kaveri KMH-25K61,110,0,15,Low
Mysuru,Piriyapatna,Piriyapatna_Village_3,12.19862,76.40771,10,2024,22.8,53.8,7.2,28.3,7.2,Whorl,Kaveri KMH-25K61,38,4,5,Medium
Gadag,Shirahatti,Shirahatti_Village_8,15.5168,75.4694,1,2024,28.1,52.0,13.1,31.6,12.0,Whorl,Bio9637,36,2,4,Medium
Tumakuru,Pavagada,Pavagada_Village_3,13.09997,76.94626,10,2023,22.7,65.3,16.4,42.3,3.9,Vegetative,P3501,19,5,62,Medium
Mysuru,Mysuru,Mysuru_Village_6,12.36071,76.49391,5,2024,29.6,70.5,44.5,46.0,5.1,Silking,P3501,70,8,32,Medium
Tumakuru,Pavagada,Pavagada_Village_3,13.10767,76.9431,6,2025,33.7,94.1,13.9,54.8,9.4,Whorl,Pioneer 3396,28,15,1,High
Tumakuru,Tumakuru,Tumakuru_Village_3,13.48594,77.00765,9,2023,20.1,39.6,1.7,22.9,12.3,Whorl,P3501,23,1,2,Low
Chamarajanagar,Kollegal,Kollegal_Village_3,11.90221,77.19283,2,2024,33.7,88.9,17.0,46.8,10.4,Whorl,Pioneer 3396,29,16,1,High
Belagavi,Athani,Athani_Village_4,15.86238,74.64841,5,2025,30.1,57.9,22.1,33.1,5.3,Vegetative,Rasi RCH-2,23,2,14,Medium
Mandya,Maddur,Maddur_Village_5,12.44401,76.92484,1,2023,30.4,80.0,35.0,50.8,2.4,Whorl,Bio9637,23,7,13,High
Chikkaballapur,Sidlaghatta,Sidlaghatta_Village_2,13.61186,77.65696,8,2024,34.6,86.3,90.6,56.2,11.0,Whorl,Kaveri KMH-25K61,23,9,0,High
Chamarajanagar,Gundlupet,Gundlupet_Village_5,12.03954,76.99949,5,2024,24.7,63.6,18.2,39.7,6.6,Silking,Bio9637,59,2,180,Medium
Dharwad,Kundgol,Kundgol_Village_5,15.23711,74.82795,5,2024,15.5,36.9,0.1,23.9,9.9,Vegetative,Bio9637,14,0,38,Low
Shivamogga,Shikaripura,Shikaripura_Village_8,14.15559,75.43469,11,2023,22.1,68.6,14.3,44.3,7.1,Whorl,30V92,35,6,1,Medium
Chamarajanagar,Gundlupet,Gundlupet_Village_9,11.81428,77.06183,2,2024,23.4,51.4,7.6,30.5,12.0,Whorl,DKC9108,21,2,5,Medium
Haveri,Shiggaon,Shiggaon_Village_3,14.95343,75.17845,6,2024,30.9,61.2,7.8,37.5,11.1,Whorl,NK6240,32,7,2,Medium
Dharwad,Kundgol,Kundgol_Village_4,15.29359,75.12362,9,2025,26.7,86.4,20.3,48.5,5.7,Whorl,Bio9637,30,10,8,High
Mandya,Maddur,Maddur_Village_6,12.66224,76.98141,3,2024,27.0,51.5,13.4,29.2,19.7,Tasseling,Pioneer 3396,41,8,53,Medium
Hassan,Belur,Belur_Village_3,13.24915,76.04289,1,2023,29.0,90.1,63.0,64.9,7.0,Silking,P3501,63,18,2,High
Gadag,Ron,Ron_Village_2,15.56839,75.73104,1,2025,22.7,52.4,18.6,32.6,9.1,Silking,P3501,63,2,27,Medium
Ballari,Hospet,Hospet_Village_2,15.28248,77.16731,1,2025,23.8,52.9,32.3,39.4,6.8,Vegetative,DHM117 (Local Hybrid),12,6,16,Medium
Raichur,Lingsugur,Lingsugur_Village_7,16.01186,77.36313,5,2023,31.2,90.4,62.6,59.9,3.8,Tasseling,P3501,40,16,0,High
Dharwad,Navalgund,Navalgund_Village_8,15.39648,74.80858,2,2024,19.9,41.0,1.0,23.7,5.1,Whorl,Pioneer 3396,32,1,90,Low
Gadag,Gadag,Gadag_Village_5,15.19217,75.61844,8,2024,19.0,32.8,1.9,12.0,6.8,Tasseling,P3501,53,0,79,Low
Raichur,Lingsugur,Lingsugur_Village_3,16.45587,77.18389,3,2025,33.9,86.7,25.3,56.1,2.8,Whorl,Local Desi Maize,21,15,2,High
Gadag,Nargund,Nargund_Village_6,15.20216,75.41299,6,2025,22.0,33.8,3.9,22.3,8.0,Maturity,30V92,110,2,180,Low
Davanagere,Davanagere,Davanagere_Village_2,14.602,75.77101,6,2023,19.6,37.2,5.8,20.0,12.9,Silking,P3501,60,0,11,Low
Chikkaballapur,Gudibande,Gudibande_Village_6,13.68525,77.87758,5,2025,27.1,65.7,20.2,33.8,6.9,Whorl,NK6240,27,7,14,Medium
Belagavi,Gokak,Gokak_Village_9,15.85234,74.30935,1,2025,26.1,65.7,6.1,31.3,6.3,Vegetative,DHM117 (Local Hybrid),24,8,5,Medium
Haveri,Savanur,Savanur_Village_5,14.69304,75.2391,6,2025,24.0,17.8,9.4,5.0,12.9,Maturity,DHM117 (Local Hybrid),104,2,126,Low
Gadag,Gadag,Gadag_Village_2,15.21301,75.40885,1,2025,29.5,88.5,75.7,56.7,11.5,Whorl,Bio9637,40,18,1,High
Mandya,Nagamangala,Nagamangala_Village_8,12.36896,76.69728,7,2024,24.8,58.5,18.4,40.9,9.6,Silking,Kaveri KMH-25K61,57,3,16,Medium
Chikkaballapur,Chikkaballapur,Chikkaballapur_Village_4,13.23645,77.67266,7,2025,27.5,40.7,8.9,22.6,8.5,Tasseling,Kaveri KMH-25K61,47,7,10,Medium
Davanagere,Davanagere,Davanagere_Village_8,14.23105,75.96289,9,2025,20.2,42.1,0.1,24.8,11.4,Silking,Bio9637,59,2,63,Low
Dharwad,Kalghatgi,Kalghatgi_Village_8,15.38168,74.76048,8,2023,31.9,86.8,55.5,46.0,15.2,Whorl,Rasi RCH-2,22,11,4,High
Chitradurga,Hiriyur,Hiriyur_Village_8,14.03111,76.38972,7,2024,31.0,94.5,12.5,52.7,5.2,Silking,Kaveri KMH-25K61,60,9,3,High
Koppal,Koppal,Koppal_Village_3,15.37959,76.3768,1,2024,18.8,38.5,0.1,21.4,6.2,Maturity,Bio9637,100,0,55,Low
Dharwad,Kalghatgi,Kalghatgi_Village_2,15.55563,75.16416,5,2024,27.4,73.2,28.6,40.3,4.0,Tasseling,Bio9637,41,4,27,Medium
Hassan,Hassan,Hassan_Village_7,12.81468,76.16517,4,2025,16.3,15.0,0.4,10.1,15.5,Maturity,DHM117 (Local Hybrid),100,2,180,Low
Dharwad,Dharwad,Dharwad_Village_6,15.63097,74.89424,4,2023,29.2,55.8,4.3,28.5,14.9,Vegetative,DKC9108,15,7,32,Medium
Davanagere,Honnali,Honnali_Village_6,14.3761,75.72488,12,2025,27.0,62.9,1.4,37.9,12.3,Silking,DKC9108,68,2,35,Medium
Gadag,Nargund,Nargund_Village_1,15.34853,75.5596,1,2024,23.2,46.0,0.7,33.8,13.6,Maturity,30V92,100,4,180,Low
Mysuru,Hunsur,Hunsur_Village_9,12.15074,76.49243,7,2024,20.3,35.8,8.3,25.1,14.3,Tasseling,Pioneer 3396,40,0,147,Low
Mandya,Nagamangala,Nagamangala_Village_1,12.47703,77.07908,12,2024,24.2,72.8,43.8,38.9,12.7,Maturity,Local Desi Maize,80,7,3,Medium
Koppal,Kushtagi,Kushtagi_Village_6,15.23343,76.3456,7,2025,32.0,78.3,19.4,52.4,3.6,Whorl,Rasi RCH-2,22,8,1,High
Raichur,Manvi,Manvi_Village_7,16.00171,77.43338,10,2023,21.0,62.9,7.4,33.2,9.2,Vegetative,30V92,17,7,10,Medium
Koppal,Gangavathi,Gangavathi_Village_8,15.20734,76.33004,12,2025,16.6,25.4,5.1,16.8,9.3,Maturity,Kaveri KMH-25K61,79,0,155,Low
Chamarajanagar,Gundlupet,Gundlupet_Village_2,11.85976,77.16127,9,2025,16.0,35.8,1.6,17.9,7.7,Maturity,Local Desi Maize,98,0,1,Low
Chamarajanagar,Gundlupet,Gundlupet_Village_5,12.09932,76.76333,9,2025,28.7,59.7,5.0,34.8,12.4,Silking,Bio9637,61,6,1,Medium
Belagavi,Ramdurg,Ramdurg_Village_8,15.97326,74.5807,3,2025,27.8,70.1,5.7,37.5,6.1,Silking,Bio9637,56,2,1,Medium
Hassan,Hassan,Hassan_Village_1,13.14114,76.18641,12,2024,29.1,90.7,58.4,57.0,5.4,Tasseling,Kaveri KMH-25K61,52,10,7,High
Chamarajanagar,Kollegal,Kollegal_Village_1,12.16553,77.06791,12,2025,33.5,89.6,45.0,71.1,8.9,Vegetative,Pioneer 3396,12,21,11,High
Gadag,Mundargi,Mundargi_Village_1,15.66433,75.5622,10,2024,20.3,36.6,0.6,28.3,11.9,Tasseling,Bio9637,54,3,46,Low
Raichur,Raichur,Raichur_Village_1,16.11068,77.5816,5,2024,21.5,82.7,23.7,46.6,4.8,Vegetative,Bio9637,15,9,78,Medium
Chamarajanagar,Yelandur,Yelandur_Village_5,11.72814,76.92262,5,2023,23.1,39.6,6.0,25.2,5.0,Maturity,Bio9637,84,0,45,Low
Mandya,Malavalli,Malavalli_Village_2,12.42175,76.86142,4,2025,25.8,66.7,23.0,36.5,3.8,Maturity,Local Desi Maize,98,3,13,Medium
Chitradurga,Holalkere,Holalkere_Village_2,14.42648,76.27504,9,2023,33.6,85.1,48.8,58.7,3.3,Vegetative,NK6240,16,10,5,High
Belagavi,Ramdurg,Ramdurg_Village_1,15.70407,74.70853,5,2025,22.0,57.6,2.0,38.6,16.6,Maturity,30V92,77,0,82,Low
Tumakuru,Tiptur,Tiptur_Village_3,13.17926,77.21753,8,2023,32.9,83.8,50.1,59.1,1.7,Maturity,Bio9637,100,14,4,High
Mysuru,Nanjangud,Nanjangud_Village_6,12.44251,76.87008,7,2024,24.0,54.5,7.6,30.6,7.0,Whorl,Bio9637,24,5,7,Medium
Raichur,Manvi,Manvi_Village_3,16.43514,77.53275,11,2023,27.6,73.7,16.1,37.9,17.8,Whorl,30V92,33,6,5,Medium
Haveri,Haveri,Haveri_Village_4,14.86841,75.24188,4,2024,16.0,17.5,0.3,10.5,7.9,Maturity,Kaveri KMH-25K61,99,3,28,Low
Chikkaballapur,Sidlaghatta,Sidlaghatta_Village_2,13.42393,77.57379,5,2023,23.4,69.5,10.2,40.0,9.9,Vegetative,DHM117 (Local Hybrid),16,6,77,Medium
Dharwad,Dharwad,Dharwad_Village_3,15.32822,75.15102,12,2024,27.6,59.5,41.5,41.8,5.5,Silking,DKC9108,63,5,3,Medium
Gadag,Shirahatti,Shirahatti_Village_2,15.58695,75.53658,10,2025,24.7,47.6,19.1,27.8,10.4,Whorl,30V92,40,2,40,Medium
Tumakuru,Pavagada,Pavagada_Village_7,13.3936,77.07229,6,2025,19.3,30.7,0.1,19.8,6.4,Maturity,NK6240,108,1,128,Low
Raichur,Raichur,Raichur_Village_5,16.15887,77.12303,3,2024,22.0,26.8,0.1,12.9,13.9,Tasseling,Pioneer 3396,48,0,107,Low
Gadag,Shirahatti,Shirahatti_Village_9,15.5839,75.7426,11,2025,24.5,65.1,17.7,36.0,7.9,Vegetative,Kaveri KMH-25K61,24,2,70,Medium
Chitradurga,Hiriyur,Hiriyur_Village_6,14.3861,76.21745,10,2023,19.2,36.7,2.9,21.5,15.0,Maturity,Rasi RCH-2,89,1,7,Low
Mandya,Nagamangala,Nagamangala_Village_5,12.48844,76.99892,12,2024,32.8,81.4,34.3,45.8,15.2,Tasseling,DKC9108,43,9,2,High
Mandya,Malavalli,Malavalli_Village_2,12.59683,77.06211,9,2023,22.4,53.6,6.3,28.6,7.5,Whorl,Bio9637,24,3,86,Medium
Chikkaballapur,Chintamani,Chintamani_Village_4,13.23795,77.5657,8,2025,28.9,47.3,42.2,26.7,9.5,Silking,P3501,56,4,2,Medium
Davanagere,Jagalur,Jagalur_Village_4,14.32057,76.14549,2,2024,29.3,88.7,36.1,56.5,6.1,Tasseling,Bio9637,45,17,5,High
Dharwad,Kalghatgi,Kalghatgi_Village_2,15.4762,75.05986,4,2025,25.0,65.8,17.7,44.0,0.0,Whorl,DHM117 (Local Hybrid),28,5,50,Medium
Shivamogga,Sagar,Sagar_Village_1,14.09905,75.56771,5,2025,30.9,56.1,6.4,33.2,12.2,Tasseling,DKC9108,52,5,15,Medium
Raichur,Devadurga,Devadurga_Village_3,16.05204,77.28093,12,2023,34.1,89.2,35.8,55.3,3.2,Silking,30V92,61,20,3,High
Davanagere,Harihara,Harihara_Village_3,14.29192,75.89263,3,2023,19.7,52.3,1.3,34.2,5.8,Maturity,P3501,82,4,98,Low
Shivamogga,Shivamogga,Shivamogga_Village_7,14.05405,75.78608,9,2023,24.5,57.5,27.4,40.2,6.0,Silking,30V92,60,9,52,Medium
Chitradurga,Challakere,Challakere_Village_3,14.09098,76.44651,9,2025,24.8,42.6,0.0,31.4,7.8,Tasseling,NK6240,47,1,46,Low
Dharwad,Kalghatgi,Kalghatgi_Village_5,15.33819,75.11056,4,2025,30.6,86.8,74.1,62.0,3.0,Vegetative,Pioneer 3396,14,11,15,High
Haveri,Hirekerur,Hirekerur_Village_1,14.99016,75.27826,4,2025,24.4,71.6,66.1,54.3,12.1,Tasseling,30V92,47,2,12,Medium
Koppal,Kushtagi,Kushtagi_Village_3,15.54344,76.38023,9,2024,28.8,69.9,17.9,36.9,11.6,Tasseling,NK6240,47,5,3,Medium
Raichur,Manvi,Manvi_Village_2,16.19043,77.34029,9,2024,24.6,51.9,34.6,35.5,0.0,Whorl,Bio9637,40,4,9,Medium
Tumakuru,Sira,Sira_Village_3,13.3652,77.2496,7,2024,22.7,74.9,76.3,42.7,5.2,Silking,DKC9108,66,9,31,Medium
Chikkaballapur,Chikkaballapur,Chikkaballapur_Village_6,13.24359,77.91568,9,2024,28.2,66.0,9.0,44.2,16.2,Silking,Local Desi Maize,69,4,41,Medium
Dharwad,Kalghatgi,Kalghatgi_Village_5,15.64976,74.79118,7,2025,23.7,46.4,0.0,26.2,11.9,Silking,Rasi RCH-2,66,0,122,Low
Dharwad,Navalgund,Navalgund_Village_1,15.54873,75.21577,9,2025,32.8,90.2,27.2,61.7,5.2,Whorl,NK6240,33,18,6,High
Shivamogga,Soraba,Soraba_Village_9,14.00528,75.46411,8,2023,28.7,74.7,1.5,40.6,6.0,Whorl,NK6240,20,2,27,Medium
Ballari,Ballari,Ballari_Village_7,14.96762,76.79456,3,2025,25.8,65.2,34.3,37.5,8.0,Vegetative,DKC9108,13,7,44,Medium
Mandya,Maddur,Maddur_Village_6,12.75923,76.71535,2,2025,30.3,84.1,47.0,52.5,4.1,Whorl,Bio9637,28,11,0,High
Gadag,Ron,Ron_Village_8,15.43302,75.4535,7,2024,31.8,78.6,63.2,48.2,4.8,Whorl,Bio9637,28,11,11,High
Ballari,Siruguppa,Siruguppa_Village_2,15.30395,77.08769,9,2025,25.8,74.1,17.5,40.3,0.0,Silking,Rasi RCH-2,57,5,13,Medium
Mandya,Maddur,Maddur_Village_4,12.71004,76.78043,12,2024,25.2,67.3,17.4,47.5,10.3,Whorl,Bio9637,33,4,32,Medium
Chamarajanagar,Gundlupet,Gundlupet_Village_2,12.13443,76.9568,11,2023,25.2,29.3,1.1,17.8,10.8,Tasseling,Rasi RCH-2,42,1,58,Low
Ballari,Hospet,Hospet_Village_7,15.13424,76.89089,8,2025,27.5,52.0,3.8,19.2,4.6,Tasseling,30V92,44,6,33,Medium
Tumakuru,Sira,Sira_Village_9,13.12349,76.98036,6,2024,32.8,83.1,70.1,60.6,9.1,Whorl,Local Desi Maize,24,15,1,High
Koppal,Gangavathi,Gangavathi_Village_1,15.33655,76.01447,5,2023,26.1,61.5,19.0,32.9,5.5,Tasseling,30V92,54,4,22,Medium
Chikkaballapur,Gudibande,Gudibande_Village_1,13.55161,77.87379,3,2023,17.6,34.4,0.2,24.9,12.8,Maturity,Local Desi Maize,97,1,24,Low
Chamarajanagar,Kollegal,Kollegal_Village_1,12.00254,76.77237,12,2024,30.4,89.6,22.0,46.5,7.2,Tasseling,Pioneer 3396,44,10,12,High
Gadag,Shirahatti,Shirahatti_Village_1,15.29439,75.8678,10,2024,27.1,59.9,12.3,40.6,14.1,Whorl,NK6240,20,4,28,Medium
Mandya,Pandavapura,Pandavapura_Village_7,12.73875,76.81985,5,2024,22.3,34.2,0.1,23.2,13.8,Tasseling,Rasi RCH-2,41,3,37,Low
Koppal,Koppal,Koppal_Village_3,15.53854,76.12862,1,2023,29.9,90.2,52.6,53.2,7.9,Whorl,DHM117 (Local Hybrid),21,14,2,High
Hassan,Belur,Belur_Village_1,12.90018,76.03919,2,2023,28.4,58.7,33.0,38.7,9.2,Whorl,30V92,33,3,8,Medium
Chitradurga,Chitradurga,Chitradurga_Village_9,14.27636,76.54519,6,2025,26.3,60.5,51.6,42.0,8.0,Whorl,Local Desi Maize,39,3,25,Medium
Raichur,Sindhanur,Sindhanur_Village_8,15.96097,77.3855,11,2025,20.8,24.7,6.8,16.5,7.6,Vegetative,Rasi RCH-2,15,0,6,Low
Chamarajanagar,Chamarajanagar,Chamarajanagar_Village_2,11.93779,76.83208,1,2025,32.1,92.3,18.9,60.3,9.0,Whorl,P3501,21,10,3,High
Mandya,Mandya,Mandya_Village_6,12.53028,76.95165,4,2024,35.4,79.1,27.4,40.8,4.0,Whorl,Pioneer 3396,25,14,8,High
Raichur,Lingsugur,Lingsugur_Village_6,16.26945,77.27109,9,2024,32.1,81.9,29.4,47.1,5.5,Vegetative,P3501,18,10,3,High
Chamarajanagar,Gundlupet,Gundlupet_Village_1,12.08385,76.93052,2,2024,23.2,77.0,70.5,47.2,13.3,Vegetative,NK6240,17,7,2,Medium
Ballari,Ballari,Ballari_Village_9,14.89152,76.90031,3,2025,27.9,75.8,28.4,50.1,1.4,Silking,Rasi RCH-2,56,8,15,Medium
Tumakuru,Pavagada,Pavagada_Village_5,13.18329,77.20509,4,2024,29.5,42.2,31.6,31.6,5.3,Vegetative,Local Desi Maize,20,4,8,Medium
Chitradurga,Challakere,Challakere_Village_3,13.98436,76.159,1,2023,17.6,43.9,1.0,14.2,8.6,Vegetative,NK6240,14,0,25,Low
Chitradurga,Hiriyur,Hiriyur_Village_2,13.99674,76.37908,3,2023,29.5,83.6,67.6,55.9,5.8,Whorl,P3501,21,7,3,High
Haveri,Savanur,Savanur_Village_8,14.97308,75.20575,12,2025,24.0,66.4,13.3,42.1,7.8,Vegetative,30V92,10,6,11,Medium
Tumakuru,Pavagada,Pavagada_Village_5,13.15214,77.18037,2,2025,24.5,59.7,3.1,34.7,6.9,Whorl,P3501,34,4,9,Medium
Mandya,Malavalli,Malavalli_Village_6,12.41523,76.84308,4,2025,29.0,45.1,15.6,41.4,7.7,Vegetative,P3501,18,9,8,Medium
Mandya,Mandya,Mandya_Village_8,12.30062,76.77913,4,2023,20.4,35.5,0.2,21.6,11.1,Maturity,P3501,103,0,53,Low
Belagavi,Ramdurg,Ramdurg_Village_3,15.87011,74.30996,8,2023,29.9,48.6,13.6,21.8,9.5,Tasseling,Bio9637,44,3,9,Medium
Koppal,Kushtagi,Kushtagi_Village_4,15.1217,75.94639,11,2024,23.6,19.1,7.0,9.8,17.6,Silking,P3501,55,0,180,Low
Dharwad,Kalghatgi,Kalghatgi_Village_2,15.31297,75.11967,3,2024,21.1,31.6,2.0,14.7,8.8,Vegetative,P3501,16,2,55,Low
Ballari,Sandur,Sandur_Village_1,15.24201,76.88377,2,2023,16.0,53.2,0.6,29.5,10.7,Silking,Local Desi Maize,61,2,12,Low
Haveri,Ranebennur,Ranebennur_Village_1,14.94571,75.3242,4,2025,29.5,89.2,51.3,62.9,12.2,Whorl,P3501,38,8,1,High
Shivamogga,Soraba,Soraba_Village_2,13.80853,75.40011,10,2025,19.0,34.8,0.4,17.9,8.5,Silking,DKC9108,62,0,12,Low
Chitradurga,Molakalmuru,Molakalmuru_Village_8,14.32573,76.17613,10,2023,28.4,91.7,6.1,51.6,6.3,Whorl,DHM117 (Local Hybrid),20,3,32,Medium
Chitradurga,Challakere,Challakere_Village_1,14.04115,76.23323,5,2023,28.9,48.0,1.6,27.5,10.6,Vegetative,Local Desi Maize,12,9,25,Medium
Belagavi,Chikkodi,Chikkodi_Village_7,16.00237,74.55759,6,2024,32.6,61.5,31.2,40.2,1.3,Vegetative,Kaveri KMH-25K61,14,8,72,Medium
Shivamogga,Soraba,Soraba_Village_7,13.71033,75.72629,3,2024,30.5,54.3,15.7,36.4,8.6,Vegetative,NK6240,12,3,1,Medium
Belagavi,Ramdurg,Ramdurg_Village_1,15.99574,74.51748,9,2024,22.8,65.8,16.3,36.3,14.4,Silking,Bio9637,67,6,1,Medium
Gadag,Shirahatti,Shirahatti_Village_3,15.39709,75.78611,1,2023,26.2,57.1,20.0,41.8,12.3,Vegetative,Pioneer 3396,17,2,7,Medium
Belagavi,Athani,Athani_Village_2,16.04312,74.48632,7,2025,29.9,45.2,3.7,21.8,3.6,Tasseling,30V92,43,6,3,Medium
Koppal,Yelburga,Yelburga_Village_5,15.14175,76.10838,7,2025,20.6,44.9,0.3,27.9,14.2,Maturity,P3501,85,2,10,Low
Ballari,Siruguppa,Siruguppa_Village_2,14.89071,76.90578,5,2024,20.5,40.3,0.8,23.9,15.3,Vegetative,Bio9637,12,2,126,Low
Hassan,Arsikere,Arsikere_Village_5,12.83849,76.20061,12,2024,24.1,24.8,4.7,21.8,14.1,Maturity,DHM117 (Local Hybrid),91,1,50,Low
Chikkaballapur,Chintamani,Chintamani_Village_2,13.35209,77.7931,5,2024,31.1,98.0,42.8,63.4,7.9,Whorl,30V92,22,15,2,High
Tumakuru,Pavagada,Pavagada_Village_3,13.53681,76.91023,8,2025,29.5,52.2,4.6,34.2,2.9,Tasseling,NK6240,54,3,11,Medium
Gadag,Mundargi,Mundargi_Village_7,15.24524,75.3939,8,2024,23.5,47.2,8.4,32.4,9.0,Vegetative,DHM117 (Local Hybrid),17,7,8,Medium
Shivamogga,Shivamogga,Shivamogga_Village_4,13.86123,75.45718,12,2024,33.1,82.9,9.7,45.3,9.6,Whorl,Pioneer 3396,35,13,3,High
Chamarajanagar,Yelandur,Yelandur_Village_5,11.79245,76.80625,6,2023,25.4,57.8,1.9,26.3,4.3,Vegetative,30V92,15,4,9,Medium
Chikkaballapur,Sidlaghatta,Sidlaghatta_Village_8,13.27839,77.51424,12,2024,28.8,62.5,10.0,34.3,8.8,Maturity,Local Desi Maize,92,9,6,Medium
Mysuru,Hunsur,Hunsur_Village_5,12.31821,76.76986,10,2023,23.0,81.7,16.9,54.7,6.2,Whorl,Pioneer 3396,25,4,24,Medium
Ballari,Kudligi,Kudligi_Village_3,15.32354,76.92768,8,2023,25.5,65.4,5.5,41.4,5.4,Whorl,Pioneer 3396,31,5,21,Medium
Tumakuru,Madhugiri,Madhugiri_Village_2,13.5325,77.23036,3,2023,23.0,17.7,2.9,5.0,9.0,Maturity,Pioneer 3396,98,0,141,Low
Gadag,Shirahatti,Shirahatti_Village_3,15.47753,75.55319,2,2023,25.0,67.4,8.1,35.8,2.0,Silking,Bio9637,62,6,8,Medium
Hassan,Holenarasipura,Holenarasipura_Village_2,13.22198,76.3335,12,2024,30.8,84.3,39.7,46.4,12.5,Whorl,Pioneer 3396,22,14,1,High
Mysuru,Nanjangud,Nanjangud_Village_3,12.4468,76.8796,5,2024,28.8,35.8,9.8,17.8,14.9,Whorl,Kaveri KMH-25K61,27,1,10,Medium
Tumakuru,Sira,Sira_Village_6,13.53529,77.05023,3,2024,36.1,81.8,58.5,53.8,10.1,Whorl,Pioneer 3396,36,11,3,High
Davanagere,Channagiri,Channagiri_Village_6,14.4573,75.90331,5,2024,25.8,48.3,38.3,24.7,11.7,Whorl,Bio9637,22,2,37,Medium
Belagavi,Chikkodi,Chikkodi_Village_1,15.62053,74.74663,7,2024,31.4,88.8,74.1,62.2,13.1,Whorl,DKC9108,22,11,3,High
Belagavi,Chikkodi,Chikkodi_Village_8,16.01673,74.32119,8,2024,26.6,79.0,7.7,39.9,2.3,Vegetative,Kaveri KMH-25K61,20,3,5,Medium
Mysuru,Mysuru,Mysuru_Village_7,12.18216,76.79151,8,2024,14.0,37.1,2.1,16.3,15.6,Silking,Kaveri KMH-25K61,63,2,8,Low
Ballari,Hospet,Hospet_Village_6,15.06244,77.04016,2,2024,24.8,74.8,11.7,45.8,11.7,Whorl,Kaveri KMH-25K61,30,6,8,Medium
Haveri,Haveri,Haveri_Village_6,14.89943,75.28663,11,2024,26.4,72.6,5.1,43.4,12.4,Vegetative,Local Desi Maize,14,3,14,Medium
Chikkaballapur,Chikkaballapur,Chikkaballapur_Village_4,13.5267,77.4951,8,2024,32.2,83.2,17.8,55.9,7.3,Vegetative,DHM117 (Local Hybrid),18,15,1,High
Ballari,Kudligi,Kudligi_Village_9,15.1411,77.13024,8,2025,22.2,43.1,6.8,25.6,13.0,Silking,Rasi RCH-2,56,1,46,Low
Davanagere,Jagalur,Jagalur_Village_7,14.38614,75.9689,6,2023,23.5,71.1,28.0,40.4,7.0,Silking,Pioneer 3396,65,6,14,Medium
Tumakuru,Pavagada,Pavagada_Village_5,13.49728,77.29368,2,2024,24.1,57.8,2.2,33.1,13.4,Tasseling,NK6240,47,5,21,Medium
Davanagere,Harihara,Harihara_Village_9,14.41912,75.98597,1,2023,27.1,60.6,2.5,34.0,7.2,Tasseling,Bio9637,40,5,4,Medium
Haveri,Haveri,Haveri_Village_8,14.89165,75.60905,8,2023,25.3,71.8,6.4,45.4,9.7,Whorl,30V92,24,5,6,Medium
Hassan,Belur,Belur_Village_5,13.2253,76.33741,8,2023,28.3,55.9,34.4,35.7,8.2,Vegetative,30V92,20,6,4,Medium
Mandya,Nagamangala,Nagamangala_Village_7,12.72061,76.70608,9,2025,21.3,50.5,0.1,23.9,0.6,Silking,P3501,68,0,28,Low
Gadag,Nargund,Nargund_Village_9,15.5117,75.75609,7,2025,27.8,76.9,8.4,57.9,15.3,Whorl,DHM117 (Local Hybrid),33,6,15,Medium
Chikkaballapur,Chintamani,Chintamani_Village_5,13.31463,77.61783,8,2023,24.5,59.9,6.0,27.2,5.6,Whorl,DKC9108,25,3,17,Medium
Chitradurga,Molakalmuru,Molakalmuru_Village_9,14.31191,76.24473,5,2025,26.3,54.5,15.8,31.2,12.1,Tasseling,DKC9108,54,5,69,Medium
Ballari,Hospet,Hospet_Village_4,15.24623,76.73117,7,2023,26.1,65.3,18.7,35.1,10.8,Vegetative,DKC9108,22,5,21,Medium
Chikkaballapur,Gudibande,Gudibande_Village_9,13.57617,77.77741,11,2025,22.4,40.3,0.4,13.7,12.5,Silking,P3501,68,1,144,Low
Ballari,Ballari,Ballari_Village_3,15.02163,76.80859,6,2024,31.7,86.3,78.3,63.8,6.0,Vegetative,DKC9108,24,11,2,High
Koppal,Koppal,Koppal_Village_6,15.37238,76.03718,3,2023,32.4,98.0,28.3,54.6,4.0,Tasseling,30V92,50,13,2,High
Mandya,Pandavapura,Pandavapura_Village_9,12.36602,77.13339,3,2023,20.9,36.8,0.8,18.5,3.0,Silking,DKC9108,68,0,65,Low
Shivamogga,Soraba,Soraba_Village_7,13.7204,75.69865,11,2025,28.4,56.3,7.4,32.4,9.2,Tasseling,30V92,52,6,1,Medium
Dharwad,Kundgol,Kundgol_Village_7,15.3643,75.00909,9,2025,25.3,61.5,4.6,33.3,8.3,Tasseling,30V92,54,8,18,Medium
Belagavi,Gokak,Gokak_Village_4,16.08844,74.2842,9,2024,19.9,29.5,1.3,22.4,8.9,Maturity,DHM117 (Local Hybrid),79,0,180,Low
Shivamogga,Bhadravati,Bhadravati_Village_7,13.72619,75.37113,1,2024,32.8,84.4,48.7,52.8,6.0,Vegetative,DKC9108,19,22,0,High
Chamarajanagar,Yelandur,Yelandur_Village_7,11.94005,77.11274,7,2025,32.6,92.6,58.3,52.2,2.0,Tasseling,Pioneer 3396,41,21,1,High
Shivamogga,Bhadravati,Bhadravati_Village_4,13.84089,75.71741,8,2024,23.5,41.3,16.5,26.2,7.7,Whorl,DHM117 (Local Hybrid),26,7,2,Medium
Ballari,Sandur,Sandur_Village_2,15.02585,76.7553,8,2025,32.1,89.9,30.2,37.8,13.1,Whorl,Bio9637,35,15,31,High
Mandya,Pandavapura,Pandavapura_Village_3,12.7654,76.9673,4,2024,32.1,85.4,61.4,54.2,1.0,Whorl,Rasi RCH-2,34,10,18,High
Mandya,Malavalli,Malavalli_Village_1,12.52647,77.09588,10,2025,28.8,57.9,27.3,31.0,8.4,Whorl,Bio9637,32,6,5,Medium
Raichur,Sindhanur,Sindhanur_Village_9,16.14877,77.58104,12,2024,28.2,51.1,79.4,42.9,6.2,Tasseling,Pioneer 3396,40,5,0,Medium
Chamarajanagar,Yelandur,Yelandur_Village_2,11.98266,77.06521,10,2024,25.4,54.4,16.9,30.4,7.0,Whorl,Rasi RCH-2,33,4,5,Medium
Tumakuru,Sira,Sira_Village_9,13.41872,77.18173,6,2023,17.4,37.2,2.6,21.1,11.1,Silking,DHM117 (Local Hybrid),62,0,35,Low
Raichur,Raichur,Raichur_Village_3,16.21078,77.27441,9,2025,33.4,80.9,20.3,47.1,5.8,Silking,Rasi RCH-2,59,11,9,High
Chikkaballapur,Gudibande,Gudibande_Village_1,13.2026,77.7825,2,2025,25.7,52.0,6.9,24.3,8.3,Tasseling,Pioneer 3396,47,6,46,Medium
Chamarajanagar,Chamarajanagar,Chamarajanagar_Village_5,12.00506,77.1555,5,2024,22.0,47.8,5.8,26.0,6.9,Vegetative,DKC9108,18,5,69,Medium
Ballari,Hospet,Hospet_Village_8,15.11313,76.83209,4,2025,14.0,37.3,0.2,22.3,15.8,Tasseling,Rasi RCH-2,55,2,1,Low
Dharwad,Navalgund,Navalgund_Village_1,15.67052,74.8043,10,2024,27.5,74.4,6.7,39.0,10.5,Whorl,DKC9108,37,3,8,Medium
Koppal,Kushtagi,Kushtagi_Village_4,15.24865,75.96712,9,2024,31.0,92.9,56.0,67.4,10.5,Whorl,Bio9637,37,11,0,High
Tumakuru,Pavagada,Pavagada_Village_5,13.36482,76.94178,4,2024,17.4,29.3,1.4,13.2,10.9,Tasseling,Bio9637,48,2,22,Low
Dharwad,Hubballi,Hubballi_Village_7,15.70722,74.79384,6,2023,31.0,82.1,32.2,50.5,0.3,Whorl,Bio9637,25,10,2,High
Tumakuru,Madhugiri,Madhugiri_Village_3,13.16522,77.25261,6,2024,19.5,23.2,0.9,14.8,12.4,Maturity,Local Desi Maize,100,0,19,Low
Raichur,Sindhanur,Sindhanur_Village_8,16.01585,77.54331,10,2025,17.2,15.0,0.5,15.2,8.0,Silking,DKC9108,70,1,23,Low
Chamarajanagar,Kollegal,Kollegal_Village_1,12.13081,76.86737,2,2023,27.3,68.2,28.2,50.9,14.0,Tasseling,Pioneer 3396,48,5,13,Medium
Ballari,Kudligi,Kudligi_Village_5,14.96067,77.16479,3,2023,31.7,92.2,43.6,47.8,9.9,Tasseling,Rasi RCH-2,53,9,9,High
Belagavi,Gokak,Gokak_Village_9,15.9605,74.42438,1,2024,25.2,60.7,18.4,37.9,3.0,Whorl,Rasi RCH-2,29,3,8,Medium
Chikkaballapur,Sidlaghatta,Sidlaghatta_Village_9,13.40308,77.57856,5,2024,31.9,91.1,32.8,54.4,4.5,Whorl,DKC9108,27,6,0,High
Belagavi,Gokak,Gokak_Village_4,15.63033,74.51304,9,2025,32.1,88.5,44.7,63.3,8.4,Whorl,DKC9108,35,12,0,High
Gadag,Shirahatti,Shirahatti_Village_2,15.41953,75.71094,2,2024,33.5,79.3,38.8,52.0,10.2,Whorl,Pioneer 3396,34,18,25,High
Ballari,Siruguppa,Siruguppa_Village_2,15.11249,76.74161,1,2023,23.0,36.1,4.9,17.1,12.8,Vegetative,DKC9108,11,1,2,Low
Mysuru,Mysuru,Mysuru_Village_8,12.4761,76.88274,3,2023,28.5,83.7,20.4,54.9,5.2,Silking,Kaveri KMH-25K61,61,7,11,High
Chikkaballapur,Gudibande,Gudibande_Village_8,13.35757,77.74048,5,2023,23.9,68.3,13.4,38.1,9.4,Maturity,Rasi RCH-2,90,2,142,Medium
Koppal,Yelburga,Yelburga_Village_5,15.33031,76.30311,7,2025,20.1,49.1,1.4,24.4,6.8,Silking,Local Desi Maize,56,2,180,Low
Raichur,Raichur,Raichur_Village_1,16.07596,77.33732,2,2025,34.1,82.2,21.3,55.5,2.3,Tasseling,Rasi RCH-2,47,14,8,High
Chitradurga,Challakere,Challakere_Village_3,14.27742,76.34007,4,2023,17.4,41.8,0.1,25.4,3.4,Maturity,Rasi RCH-2,76,0,30,Low
Chikkaballapur,Sidlaghatta,Sidlaghatta_Village_9,13.60395,77.69042,2,2024,23.7,56.4,8.6,33.0,12.9,Tasseling,Local Desi Maize,49,7,21,Medium
Shivamogga,Shivamogga,Shivamogga_Village_9,13.73899,75.47161,7,2025,31.4,81.7,54.3,58.5,0.0,Vegetative,DHM117 (Local Hybrid),16,12,1,High
Mandya,Malavalli,Malavalli_Village_3,12.33851,76.9323,4,2025,30.5,49.1,22.9,36.4,8.4,Tasseling,P3501,52,5,38,Medium
Tumakuru,Tumakuru,Tumakuru_Village_1,13.49084,77.33397,9,2024,20.9,47.1,1.7,18.7,11.3,Maturity,30V92,88,0,31,Low
Shivamogga,Shikaripura,Shikaripura_Village_9,13.72738,75.34854,1,2024,25.7,79.9,17.4,41.0,8.9,Silking,Rasi RCH-2,68,8,8,Medium
Dharwad,Kundgol,Kundgol_Village_3,15.59408,75.00204,10,2024,36.4,92.7,52.2,52.8,9.7,Whorl,30V92,27,19,4,High
Tumakuru,Sira,Sira_Village_3,13.17625,77.22476,2,2025,24.7,60.3,11.9,38.5,12.9,Whorl,30V92,39,3,31,Medium
Koppal,Kushtagi,Kushtagi_Village_4,15.23986,76.07114,12,2025,26.8,65.0,10.2,35.1,9.5,Silking,DKC9108,61,7,57,Medium
Chamarajanagar,Chamarajanagar,Chamarajanagar_Village_9,11.94755,76.83293,1,2024,27.1,60.6,13.6,38.9,7.2,Tasseling,DHM117 (Local Hybrid),50,4,34,Medium
Mandya,Maddur,Maddur_Village_2,12.35057,77.13403,10,2024,31.1,85.3,121.3,67.3,5.8,Vegetative,30V92,19,7,4,High
Belagavi,Chikkodi,Chikkodi_Village_6,16.05534,74.72588,3,2025,21.2,44.5,0.0,28.2,2.1,Maturity,Bio9637,101,0,17,Low
Raichur,Lingsugur,Lingsugur_Village_9,16.25456,77.13846,6,2024,24.2,51.9,7.8,24.7,5.4,Silking,Local Desi Maize,56,3,38,Medium
Tumakuru,Sira,Sira_Village_3,13.21158,76.88005,3,2023,28.2,62.0,7.1,39.8,2.1,Tasseling,NK6240,52,2,0,Medium
Shivamogga,Bhadravati,Bhadravati_Village_9,13.79204,75.73025,3,2025,24.2,67.1,2.3,38.5,5.5,Whorl,Local Desi Maize,32,6,8,Medium
Tumakuru,Tiptur,Tiptur_Village_2,13.54802,77.01303,10,2025,28.2,66.2,15.9,41.2,14.8,Maturity,DKC9108,100,3,15,Medium
Haveri,Savanur,Savanur_Village_7,14.62406,75.40131,1,2023,22.9,52.1,0.8,27.3,4.9,Maturity,Rasi RCH-2,78,1,9,Low
Mysuru,Nanjangud,Nanjangud_Village_9,12.46703,76.44522,6,2025,26.4,50.3,28.0,33.7,6.3,Silking,DKC9108,55,6,41,Medium
Chitradurga,Chitradurga,Chitradurga_Village_3,14.07079,76.38726,9,2024,32.0,89.3,52.4,48.6,11.6,Silking,Kaveri KMH-25K61,67,13,6,High
Davanagere,Jagalur,Jagalur_Village_4,14.29733,75.96255,5,2024,19.1,37.4,4.4,14.4,7.3,Silking,P3501,62,1,36,Low
Raichur,Lingsugur,Lingsugur_Village_6,16.14464,77.14055,10,2023,25.8,18.1,0.7,5.0,13.0,Maturity,NK6240,100,1,76,Low
Ballari,Sandur,Sandur_Village_2,15.29425,76.73934,8,2023,32.9,75.5,32.9,38.6,7.8,Whorl,Local Desi Maize,32,12,0,High
Gadag,Mundargi,Mundargi_Village_6,15.64393,75.60633,10,2023,31.7,79.6,77.0,49.9,7.4,Tasseling,DKC9108,49,14,0,High
Belagavi,Belagavi,Belagavi_Village_9,15.74662,74.35993,9,2024,31.8,85.9,21.5,47.5,7.2,Vegetative,DKC9108,12,15,0,High
Mandya,Mandya,Mandya_Village_7,12.62919,76.75948,7,2023,28.4,51.9,23.0,27.5,13.4,Tasseling,30V92,41,6,30,Medium
Hassan,Channarayapatna,Channarayapatna_Village_6,13.17089,76.00611,7,2025,20.4,35.3,0.4,15.3,14.6,Maturity,30V92,77,0,75,Low
Chitradurga,Chitradurga,Chitradurga_Village_3,14.03263,76.59114,5,2024,35.7,88.1,51.2,56.9,6.4,Whorl,P3501,34,13,1,High
Haveri,Ranebennur,Ranebennur_Village_7,14.81628,75.24843,5,2024,19.7,49.6,23.3,30.2,10.5,Whorl,Bio9637,23,0,36,Medium
Ballari,Hospet,Hospet_Village_6,14.93734,76.95737,10,2023,33.7,87.1,57.6,58.0,9.5,Whorl,Bio9637,40,24,0,High
Koppal,Yelburga,Yelburga_Village_9,15.32805,76.21007,7,2025,33.7,80.7,63.0,46.6,12.3,Silking,30V92,55,14,1,High
Belagavi,Chikkodi,Chikkodi_Village_7,15.65027,74.44455,11,2024,23.0,51.5,15.7,32.0,14.4,Tasseling,Local Desi Maize,48,6,6,Medium
Gadag,Nargund,Nargund_Village_7,15.49741,75.47537,8,2025,21.4,32.5,1.4,22.7,1.9,Silking,Rasi RCH-2,57,1,78,Low
Raichur,Manvi,Manvi_Village_8,16.20829,77.47551,4,2023,29.3,51.9,4.5,30.7,8.9,Whorl,NK6240,22,4,0,Medium
Dharwad,Dharwad,Dharwad_Village_4,15.31515,75.17864,5,2025,32.7,90.9,45.7,53.1,1.3,Vegetative,DHM117 (Local Hybrid),14,11,11,High
Chitradurga,Molakalmuru,Molakalmuru_Village_7,14.45212,76.56358,9,2024,25.2,54.1,8.8,36.2,10.2,Vegetative,30V92,17,7,17,Medium
Dharwad,Kalghatgi,Kalghatgi_Village_9,15.27876,74.85097,1,2024,28.8,48.0,24.8,23.7,14.1,Whorl,Kaveri KMH-25K61,28,2,43,Medium
Dharwad,Dharwad,Dharwad_Village_8,15.27183,75.05856,6,2025,32.0,83.7,51.6,55.5,4.0,Whorl,Pioneer 3396,33,11,7,High
Gadag,Shirahatti,Shirahatti_Village_8,15.36336,75.70153,2,2024,17.5,39.3,0.1,30.8,14.3,Maturity,DKC9108,75,1,2,Low
Chitradurga,Molakalmuru,Molakalmuru_Village_7,14.37054,76.47006,3,2024,17.5,31.3,7.4,26.1,14.7,Silking,DKC9108,69,0,21,Low
Raichur,Raichur,Raichur_Village_4,16.30701,77.48128,12,2023,25.8,45.4,9.6,20.2,2.1,Whorl,DKC9108,28,6,27,Medium
Belagavi,Gokak,Gokak_Village_5,15.76933,74.26842,1,2024,23.0,61.2,6.8,37.4,7.8,Whorl,Local Desi Maize,40,6,38,Medium
Davanagere,Honnali,Honnali_Village_9,14.22244,75.84397,12,2024,27.0,49.2,33.5,27.8,12.3,Vegetative,30V92,10,10,1,Medium
Gadag,Nargund,Nargund_Village_1,15.55944,75.75258,8,2024,24.6,38.1,1.3,22.9,13.9,Maturity,NK6240,99,0,180,Low
Haveri,Shiggaon,Shiggaon_Village_8,14.89387,75.19835,11,2025,33.8,85.1,35.1,50.6,11.4,Tasseling,P3501,40,16,8,High
Belagavi,Athani,Athani_Village_2,15.78266,74.54192,11,2025,26.5,32.5,0.2,25.8,8.4,Maturity,Bio9637,98,2,42,Low
Chitradurga,Holalkere,Holalkere_Village_6,14.17046,76.46286,1,2025,23.8,23.5,5.4,12.5,2.9,Silking,DKC9108,69,1,131,Low
Chamarajanagar,Kollegal,Kollegal_Village_6,11.71559,76.92059,6,2024,32.4,89.1,51.3,59.0,6.3,Whorl,Kaveri KMH-25K61,21,11,10,High
Tumakuru,Tumakuru,Tumakuru_Village_8,13.37593,77.32611,8,2023,30.1,87.6,174.3,67.3,8.5,Whorl,DKC9108,33,21,8,High
Tumakuru,Tumakuru,Tumakuru_Village_7,13.55107,77.29211,8,2023,26.6,68.4,52.8,50.1,14.4,Tasseling,DKC9108,43,9,102,Medium
Ballari,Kudligi,Kudligi_Village_2,15.20064,76.91512,5,2024,22.0,37.1,4.4,22.6,8.9,Maturity,DHM117 (Local Hybrid),110,1,17,Low
Ballari,Ballari,Ballari_Village_5,14.96516,76.74801,7,2025,31.4,91.9,13.9,53.7,6.8,Vegetative,Rasi RCH-2,21,7,0,High
Chitradurga,Hiriyur,Hiriyur_Village_5,13.97548,76.17445,3,2023,30.7,87.5,49.5,58.4,9.5,Vegetative,Bio9637,25,17,13,High
Dharwad,Kalghatgi,Kalghatgi_Village_9,15.66898,75.16069,12,2024,25.0,62.2,18.5,41.0,14.7,Maturity,NK6240,89,8,3,Medium
Haveri,Ranebennur,Ranebennur_Village_9,14.85836,75.49628,1,2023,28.6,49.6,12.6,26.9,8.9,Silking,DHM117 (Local Hybrid),62,2,9,Medium
Mandya,Nagamangala,Nagamangala_Village_6,12.44608,76.92709,12,2025,30.7,98.0,42.9,55.8,10.0,Vegetative,DHM117 (Local Hybrid),11,12,2,High
Belagavi,Athani,Athani_Village_1,15.84053,74.30739,7,2024,25.8,54.2,13.3,24.2,12.4,Whorl,Bio9637,36,2,51,Medium
Chitradurga,Challakere,Challakere_Village_4,14.15077,76.17741,11,2025,21.4,40.9,3.6,22.4,9.0,Tasseling,DHM117 (Local Hybrid),53,1,13,Low
Davanagere,Channagiri,Channagiri_Village_4,14.5304,76.14538,11,2025,25.6,58.0,33.2,42.1,13.0,Silking,Kaveri KMH-25K61,63,3,23,Medium
Shivamogga,Sagar,Sagar_Village_2,13.89532,75.69313,2,2024,25.1,63.2,15.9,43.9,11.8,Vegetative,30V92,15,6,0,Medium
Chikkaballapur,Sidlaghatta,Sidlaghatta_Village_1,13.24447,77.56969,1,2024,28.9,57.6,17.5,30.8,8.0,Tasseling,Rasi RCH-2,53,4,9,Medium
Davanagere,Honnali,Honnali_Village_4,14.50703,76.02106,8,2023,28.7,98.0,45.7,56.8,6.6,Whorl,DKC9108,25,7,2,High
Hassan,Channarayapatna,Channarayapatna_Village_4,12.92361,75.91366,7,2023,23.4,50.2,19.8,33.2,10.0,Whorl,DHM117 (Local Hybrid),25,7,19,Medium
Mysuru,Mysuru,Mysuru_Village_2,12.16657,76.69118,10,2023,29.1,86.2,45.0,53.2,8.8,Whorl,Local Desi Maize,22,8,5,High
Chamarajanagar,Kollegal,Kollegal_Village_6,11.9882,77.05638,9,2025,21.9,38.6,0.7,26.1,17.4,Maturity,Bio9637,84,0,180,Low
Mandya,Mandya,Mandya_Village_6,12.77331,76.82389,9,2023,26.2,73.7,9.8,38.4,10.9,Tasseling,DKC9108,41,4,20,Medium
Shivamogga,Soraba,Soraba_Village_8,14.0273,75.78589,6,2024,34.8,87.3,40.6,48.8,9.2,Whorl,Kaveri KMH-25K61,36,9,18,High
Mandya,Mandya,Mandya_Village_9,12.59371,77.10168,7,2023,27.1,68.4,44.7,50.9,5.5,Tasseling,Bio9637,50,13,17,Medium
Dharwad,Dharwad,Dharwad_Village_5,15.65795,74.93803,7,2023,26.0,56.1,3.0,34.8,17.7,Tasseling,Rasi RCH-2,53,11,6,Medium
Tumakuru,Tiptur,Tiptur_Village_6,13.29665,77.08611,7,2023,16.6,28.4,0.0,14.2,9.4,Vegetative,DHM117 (Local Hybrid),16,0,46,Low
Hassan,Belur,Belur_Village_8,12.93893,75.93889,2,2025,23.5,21.3,2.1,17.9,16.1,Silking,Bio9637,62,2,3,Low
Raichur,Devadurga,Devadurga_Village_3,15.96095,77.4598,1,2023,30.3,81.0,89.4,58.9,6.4,Whorl,Pioneer 3396,36,17,7,High
Belagavi,Athani,Athani_Village_8,15.6105,74.73212,11,2024,22.5,39.3,0.1,22.1,11.2,Maturity,DHM117 (Local Hybrid),107,0,31,Low
Haveri,Haveri,Haveri_Village_4,14.88741,75.55308,12,2023,34.7,87.0,15.4,39.6,2.0,Whorl,Bio9637,30,15,11,High
Dharwad,Dharwad,Dharwad_Village_3,15.63928,74.95345,12,2023,20.4,32.7,0.1,21.4,7.0,Silking,30V92,60,3,89,Low
Dharwad,Kundgol,Kundgol_Village_4,15.24136,74.76622,1,2025,29.2,76.2,11.7,51.0,4.4,Tasseling,P3501,55,6,0,Medium
Chikkaballapur,Gudibande,Gudibande_Village_2,13.35269,77.7091,12,2025,22.0,64.7,8.8,31.6,10.8,Whorl,DHM117 (Local Hybrid),37,5,2,Medium
Dharwad,Kundgol,Kundgol_Village_6,15.61926,75.14477,9,2023,31.5,89.3,28.0,62.4,2.0,Vegetative,DHM117 (Local Hybrid),21,16,0,High
Raichur,Manvi,Manvi_Village_4,16.06328,77.14221,12,2025,22.4,45.3,5.8,19.2,7.9,Maturity,Bio9637,108,1,112,Low
Belagavi,Athani,Athani_Village_3,15.85555,74.61214,10,2024,27.3,62.5,22.0,36.0,8.8,Whorl,Rasi RCH-2,23,8,5,Medium
Belagavi,Ramdurg,Ramdurg_Village_9,15.72118,74.58626,2,2025,29.5,85.1,49.3,57.6,10.7,Vegetative,Bio9637,15,13,6,High
Ballari,Siruguppa,Siruguppa_Village_5,15.23969,77.15451,5,2023,30.5,78.8,26.6,47.6,10.5,Silking,DKC9108,66,14,2,High
Haveri,Ranebennur,Ranebennur_Village_4,14.74868,75.50447,10,2023,32.4,78.8,31.3,55.1,11.9,Tasseling,DKC9108,43,16,13,High
Belagavi,Athani,Athani_Village_9,15.88625,74.50824,9,2023,20.5,37.4,8.0,18.4,12.6,Tasseling,Pioneer 3396,47,2,43,Low
Haveri,Byadagi,Byadagi_Village_3,14.93696,75.35513,6,2024,21.7,33.4,0.5,10.0,14.9,Maturity,Rasi RCH-2,79,0,55,Low
Davanagere,Harihara,Harihara_Village_5,14.6655,75.96986,12,2025,27.2,48.1,31.6,29.0,6.5,Maturity,NK6240,96,8,6,Medium
Chikkaballapur,Sidlaghatta,Sidlaghatta_Village_7,13.55695,77.90364,12,2023,30.2,92.0,52.8,58.1,1.4,Whorl,Pioneer 3396,25,11,3,High
Belagavi,Chikkodi,Chikkodi_Village_8,15.97339,74.65383,8,2023,36.1,94.3,44.7,50.7,5.6,Tasseling,DKC9108,49,14,10,High
Mandya,Maddur,Maddur_Village_8,12.41251,76.93277,7,2023,29.1,58.5,10.5,31.0,13.6,Silking,DKC9108,69,5,33,Medium
Koppal,Kushtagi,Kushtagi_Village_5,15.23668,75.93962,5,2023,24.2,67.3,10.3,43.1,12.0,Vegetative,Local Desi Maize,18,2,106,Medium
Gadag,Gadag,Gadag_Village_4,15.61525,75.44165,2,2025,27.1,64.8,15.4,36.4,4.6,Tasseling,Bio9637,55,4,6,Medium
Ballari,Kudligi,Kudligi_Village_4,15.28316,77.02498,6,2023,14.0,41.2,0.0,28.1,5.7,Maturity,Rasi RCH-2,96,1,176,Low
Shivamogga,Soraba,Soraba_Village_6,13.71699,75.43711,10,2023,32.6,88.5,73.8,62.8,4.2,Whorl,NK6240,31,16,6,High
Davanagere,Honnali,Honnali_Village_7,14.56243,75.84833,6,2023,24.8,29.9,12.5,18.2,2.4,Vegetative,P3501,23,2,12,Low
Shivamogga,Shivamogga,Shivamogga_Village_8,14.07353,75.3607,3,2024,35.3,83.3,86.5,58.3,10.2,Tasseling,Rasi RCH-2,49,13,0,High
Hassan,Channarayapatna,Channarayapatna_Village_1,13.13721,75.87041,10,2024,29.1,57.3,19.7,33.7,7.3,Vegetative,Bio9637,10,2,15,Medium
Tumakuru,Sira,Sira_Village_8,13.34679,77.32953,2,2024,22.4,47.9,11.8,29.4,12.6,Silking,DKC9108,62,6,0,Medium
Haveri,Hirekerur,Hirekerur_Village_6,14.6662,75.44781,2,2024,21.6,27.0,6.9,19.5,5.9,Vegetative,DHM117 (Local Hybrid),23,2,59,Low
Ballari,Hospet,Hospet_Village_6,15.04214,77.12525,2,2025,28.4,54.4,3.7,29.1,8.2,Whorl,Bio9637,22,5,2,Medium
Koppal,Kushtagi,Kushtagi_Village_8,15.27255,75.97419,1,2024,31.2,98.0,24.0,59.9,11.9,Vegetative,Local Desi Maize,24,7,0,High
Tumakuru,Pavagada,Pavagada_Village_5,13.1571,77.05806,11,2025,29.2,52.8,5.8,30.9,7.8,Whorl,Rasi RCH-2,22,3,96,Medium
Davanagere,Nyamathi,Nyamathi_Village_2,14.36678,76.03834,12,2025,27.9,67.7,6.5,25.0,5.6,Whorl,Pioneer 3396,26,8,33,Medium
Shivamogga,Shivamogga,Shivamogga_Village_2,13.88192,75.78395,4,2025,31.6,92.1,57.4,50.1,5.7,Vegetative,DKC9108,22,17,12,High
Mandya,Maddur,Maddur_Village_5,12.54535,76.74343,1,2023,25.1,50.0,15.4,28.9,16.1,Whorl,Bio9637,36,4,119,Medium
Ballari,Kudligi,Kudligi_Village_7,14.93545,77.07951,10,2023,21.2,32.6,3.3,14.8,5.5,Maturity,Pioneer 3396,88,1,178,Low
Gadag,Shirahatti,Shirahatti_Village_9,15.34302,75.73095,8,2023,32.0,83.6,21.1,56.9,6.4,Whorl,NK6240,38,10,0,High
Tumakuru,Pavagada,Pavagada_Village_3,13.36437,76.99088,1,2025,27.6,52.5,3.5,21.6,17.2,Whorl,NK6240,23,3,23,Medium
Koppal,Koppal,Koppal_Village_2,15.12941,76.27438,11,2023,28.6,66.0,6.7,29.7,15.4,Silking,NK6240,69,3,5,Medium
Raichur,Devadurga,Devadurga_Village_8,16.26038,77.40231,11,2023,27.0,64.2,16.1,28.8,9.2,Vegetative,Local Desi Maize,11,8,7,Medium
Gadag,Nargund,Nargund_Village_1,15.50377,75.58315,2,2023,27.9,63.5,14.6,27.1,2.9,Whorl,Kaveri KMH-25K61,36,7,75,Medium
Belagavi,Chikkodi,Chikkodi_Village_6,15.96393,74.29777,12,2025,32.4,80.1,52.5,39.2,12.9,Vegetative,Pioneer 3396,22,18,7,High
Dharwad,Hubballi,Hubballi_Village_9,15.6886,75.06078,2,2024,14.0,43.3,1.0,24.3,14.5,Vegetative,NK6240,17,1,83,Low
Davanagere,Honnali,Honnali_Village_8,14.51263,75.83115,5,2023,20.0,42.0,0.4,22.5,12.3,Silking,DHM117 (Local Hybrid),69,0,144,Low
Mysuru,Piriyapatna,Piriyapatna_Village_4,12.46057,76.42002,3,2024,31.8,83.2,23.2,48.0,11.8,Whorl,Bio9637,26,11,20,High
Dharwad,Kundgol,Kundgol_Village_4,15.51581,75.05797,1,2024,31.7,47.8,19.7,31.7,8.1,Whorl,DKC9108,37,9,9,Medium
Gadag,Shirahatti,Shirahatti_Village_9,15.42233,75.65768,9,2025,26.0,21.6,0.2,18.9,12.6,Tasseling,Bio9637,41,1,64,Low
Gadag,Gadag,Gadag_Village_8,15.3735,75.70251,11,2024,16.7,35.2,2.6,22.1,14.8,Silking,Pioneer 3396,60,0,157,Low
Koppal,Gangavathi,Gangavathi_Village_6,15.35199,76.06249,10,2023,29.2,94.9,51.0,62.8,7.5,Whorl,DKC9108,29,11,7,High
Dharwad,Kundgol,Kundgol_Village_7,15.53855,74.75918,8,2023,30.5,49.4,14.4,33.3,5.4,Vegetative,Pioneer 3396,24,4,19,Medium
Ballari,Kudligi,Kudligi_Village_2,15.12329,76.81463,11,2023,25.1,53.0,34.9,29.6,13.7,Whorl,Bio9637,34,4,138,Medium
Hassan,Arsikere,Arsikere_Village_6,13.13256,76.12122,10,2023,22.0,50.4,0.4,21.5,8.4,Silking,30V92,59,2,52,Low
Mysuru,K.R. Nagar,K.R. Nagar_Village_7,12.2764,76.64848,8,2023,31.9,97.5,47.5,51.0,10.0,Tasseling,30V92,50,14,3,High
Haveri,Hirekerur,Hirekerur_Village_9,14.5674,75.55092,1,2025,23.3,65.6,36.0,34.0,9.6,Vegetative,30V92,20,6,36,Medium
Chamarajanagar,Kollegal,Kollegal_Village_7,12.15863,76.77304,9,2023,20.5,30.4,0.0,22.3,7.3,Maturity,Local Desi Maize,104,1,29,Low
Davanagere,Harihara,Harihara_Village_1,14.46342,76.08215,6,2024,16.0,44.5,0.0,24.5,4.9,Silking,NK6240,70,0,80,Low
Tumakuru,Sira,Sira_Village_3,13.14572,77.26852,3,2024,22.6,30.9,10.8,22.1,2.3,Silking,30V92,67,1,13,Low
Tumakuru,Pavagada,Pavagada_Village_5,13.52785,77.07503,12,2023,28.3,61.3,40.4,54.9,16.5,Maturity,Kaveri KMH-25K61,102,2,0,Medium
Chitradurga,Hiriyur,Hiriyur_Village_8,14.109,76.22991,9,2023,29.1,32.8,1.6,17.6,15.3,Maturity,NK6240,101,0,52,Low
Mandya,Pandavapura,Pandavapura_Village_4,12.42646,76.87304,9,2024,30.0,80.8,44.3,56.3,6.6,Tasseling,Bio9637,50,21,1,High
Chitradurga,Hiriyur,Hiriyur_Village_3,14.32033,76.29845,3,2025,27.8,62.1,31.5,40.2,4.7,Whorl,Local Desi Maize,34,5,10,Medium
Chikkaballapur,Chikkaballapur,Chikkaballapur_Village_8,13.33022,77.85753,10,2023,15.1,51.1,0.8,23.9,10.1,Maturity,DKC9108,101,2,87,Low
Chikkaballapur,Gudibande,Gudibande_Village_7,13.35753,77.6103,11,2025,26.0,74.5,14.4,42.9,10.3,Tasseling,DKC9108,48,2,11,Medium
Hassan,Channarayapatna,Channarayapatna_Village_7,13.12675,75.89354,12,2023,29.3,72.8,16.5,46.5,6.9,Maturity,Kaveri KMH-25K61,79,6,89,Medium
Belagavi,Ramdurg,Ramdurg_Village_1,15.65738,74.37239,7,2025,30.5,75.8,17.4,41.4,15.9,Whorl,P3501,28,8,26,Medium
Koppal,Kushtagi,Kushtagi_Village_6,15.57758,76.30633,6,2024,20.7,51.4,2.1,23.4,18.0,Maturity,Kaveri KMH-25K61,90,1,95,Low
Belagavi,Athani,Athani_Village_1,15.73801,74.31676,11,2025,30.7,71.7,9.2,43.8,10.4,Whorl,DKC9108,39,4,66,Medium
Tumakuru,Sira,Sira_Village_3,13.43499,77.07984,11,2024,25.2,61.5,28.5,32.9,7.5,Tasseling,Kaveri KMH-25K61,47,4,75,Medium
Dharwad,Kalghatgi,Kalghatgi_Village_2,15.65391,74.89902,11,2023,32.7,30.7,22.3,19.1,9.1,Tasseling,DHM117 (Local Hybrid),52,4,9,Medium
Ballari,Siruguppa,Siruguppa_Village_6,15.27479,77.1285,7,2023,25.8,55.2,16.1,30.4,4.5,Vegetative,Local Desi Maize,13,3,38,Medium
Tumakuru,Madhugiri,Madhugiri_Village_8,13.33544,77.07351,6,2025,25.6,48.6,15.9,24.5,2.2,Silking,NK6240,56,3,6,Medium
Davanagere,Harihara,Harihara_Village_7,14.40999,76.01021,8,2023,23.2,49.3,2.1,30.0,14.6,Maturity,Local Desi Maize,78,1,5,Low
Belagavi,Ramdurg,Ramdurg_Village_7,15.87991,74.31527,6,2024,25.4,56.0,44.8,46.9,7.1,Whorl,Local Desi Maize,39,3,26,Medium
Chikkaballapur,Chikkaballapur,Chikkaballapur_Village_5,13.20931,77.87946,2,2025,30.1,80.9,4.5,41.7,16.3,Whorl,NK6240,33,10,1,High
Chitradurga,Challakere,Challakere_Village_8,14.34626,76.43593,10,2025,21.7,37.4,0.3,14.4,8.4,Vegetative,Rasi RCH-2,20,1,63,Low
Mysuru,K.R. Nagar,K.R. Nagar_Village_7,12.05859,76.54428,12,2024,21.4,49.3,38.2,32.5,8.9,Whorl,P3501,33,2,0,Medium
Gadag,Gadag,Gadag_Village_4,15.22343,75.72693,12,2025,33.1,79.8,25.5,36.0,8.6,Vegetative,NK6240,19,15,1,High
Haveri,Savanur,Savanur_Village_7,14.96322,75.38621,1,2023,20.3,42.4,6.1,25.8,4.3,Silking,Kaveri KMH-25K61,69,3,29,Low
Raichur,Raichur,Raichur_Village_9,16.01788,77.39567,12,2024,28.9,53.9,3.1,35.8,10.7,Whorl,30V92,29,4,6,Medium
Shivamogga,Sagar,Sagar_Village_3,13.82851,75.40778,10,2024,31.2,93.7,27.9,53.5,6.7,Whorl,P3501,37,18,2,High
Davanagere,Jagalur,Jagalur_Village_8,14.31463,76.05204,12,2024,27.7,60.0,2.1,26.6,2.0,Tasseling,30V92,44,7,36,Medium
Tumakuru,Tumakuru,Tumakuru_Village_2,13.27319,77.2066,3,2025,28.7,93.1,83.8,51.5,5.7,Vegetative,P3501,10,18,6,High
Shivamogga,Shivamogga,Shivamogga_Village_7,14.07512,75.6178,8,2024,27.0,52.8,1.2,30.5,5.1,Silking,Kaveri KMH-25K61,68,7,53,Medium
Mandya,Pandavapura,Pandavapura_Village_8,12.34903,77.08931,2,2024,21.6,65.4,18.1,39.3,11.7,Whorl,NK6240,33,3,8,Medium
Hassan,Hassan,Hassan_Village_6,13.14089,76.00651,4,2024,26.2,43.6,26.5,27.5,3.2,Whorl,Bio9637,25,5,27,Medium
Shivamogga,Shikaripura,Shikaripura_Village_5,13.80605,75.53858,2,2025,28.3,52.7,28.6,40.5,9.4,Whorl,Kaveri KMH-25K61,28,6,16,Medium
Shivamogga,Sagar,Sagar_Village_2,13.91429,75.60624,8,2023,24.4,65.5,31.6,38.1,13.5,Whorl,30V92,40,2,9,Medium
Tumakuru,Madhugiri,Madhugiri_Village_3,13.45741,77.04332,6,2025,19.5,42.3,0.0,21.7,6.8,Maturity,Kaveri KMH-25K61,102,1,71,Low
Chikkaballapur,Sidlaghatta,Sidlaghatta_Village_7,13.5728,77.66964,6,2023,23.1,59.2,2.8,29.0,13.0,Tasseling,Pioneer 3396,51,7,139,Medium
Raichur,Sindhanur,Sindhanur_Village_6,16.05761,77.1779,11,2024,23.1,77.7,31.8,45.9,5.9,Silking,Pioneer 3396,59,6,0,Medium
Tumakuru,Tiptur,Tiptur_Village_9,13.27071,77.35375,2,2025,24.0,67.9,6.1,42.8,7.1,Whorl,DKC9108,25,5,21,Medium
Dharwad,Dharwad,Dharwad_Village_5,15.56493,75.22655,4,2023,16.8,23.3,0.1,11.9,15.7,Maturity,Local Desi Maize,101,0,153,Low
Gadag,Gadag,Gadag_Village_3,15.37221,75.86435,10,2023,33.5,79.2,74.3,49.6,11.9,Vegetative,DHM117 (Local Hybrid),22,25,1,High
Chikkaballapur,Sidlaghatta,Sidlaghatta_Village_3,13.41582,77.87061,3,2023,35.2,83.9,20.9,46.7,5.0,Vegetative,Local Desi Maize,14,12,10,High
Davanagere,Davanagere,Davanagere_Village_5,14.66929,75.86538,4,2024,34.7,84.1,9.5,53.6,17.7,Tasseling,DHM117 (Local Hybrid),40,13,8,High
Mysuru,Nanjangud,Nanjangud_Village_6,12.10799,76.64154,2,2023,28.8,81.9,87.4,68.1,17.2,Whorl,DKC9108,40,11,29,High
Mysuru,Nanjangud,Nanjangud_Village_7,12.07792,76.60013,8,2024,32.6,84.4,47.8,50.6,3.7,Whorl,DKC9108,40,14,1,High
Raichur,Sindhanur,Sindhanur_Village_6,15.97928,77.32199,7,2025,33.0,84.7,56.8,57.3,5.6,Vegetative,DKC9108,20,16,6,High
Gadag,Nargund,Nargund_Village_4,15.21239,75.47737,8,2024,25.8,72.5,11.9,38.9,9.7,Silking,DKC9108,59,5,2,Medium
Tumakuru,Sira,Sira_Village_4,13.12118,77.30252,7,2025,29.5,66.8,17.0,44.3,12.0,Vegetative,DKC9108,14,3,0,Medium
Gadag,Mundargi,Mundargi_Village_4,15.58497,75.56963,7,2023,19.8,41.1,3.0,27.4,18.3,Maturity,Bio9637,101,4,47,Low
Chitradurga,Chitradurga,Chitradurga_Village_5,14.01868,76.19381,3,2025,28.6,87.5,53.3,64.6,9.0,Whorl,Bio9637,23,13,5,High
Ballari,Hospet,Hospet_Village_7,15.347,76.86318,5,2024,25.9,22.5,0.1,9.9,8.0,Maturity,Local Desi Maize,90,0,85,Low
Tumakuru,Pavagada,Pavagada_Village_6,13.19999,77.30549,1,2023,27.6,63.7,15.9,31.6,11.3,Whorl,Bio9637,38,5,47,Medium
Chikkaballapur,Gudibande,Gudibande_Village_5,13.34081,77.75671,10,2023,20.9,38.8,13.4,36.1,6.0,Maturity,Pioneer 3396,87,1,57,Low
Tumakuru,Pavagada,Pavagada_Village_2,13.14287,77.17098,4,2024,30.3,61.7,18.1,32.0,9.3,Tasseling,Bio9637,55,4,10,Medium
Shivamogga,Bhadravati,Bhadravati_Village_9,13.94901,75.48305,12,2024,31.9,81.0,37.0,52.7,9.7,Whorl,NK6240,29,13,3,High
Mysuru,K.R. Nagar,K.R. Nagar_Village_1,12.15508,76.7699,6,2024,33.0,82.1,29.6,59.8,6.3,Whorl,Bio9637,20,13,11,High
Chamarajanagar,Yelandur,Yelandur_Village_9,12.06085,76.76026,4,2023,27.7,53.2,5.5,19.3,15.0,Vegetative,Local Desi Maize,25,5,48,Medium
Mandya,Nagamangala,Nagamangala_Village_5,12.40749,77.09523,1,2025,32.0,94.4,57.7,62.8,8.4,Whorl,Kaveri KMH-25K61,38,10,17,High
Dharwad,Kundgol,Kundgol_Village_1,15.39487,74.86617,7,2023,33.1,87.6,22.5,45.8,4.8,Whorl,Local Desi Maize,23,14,3,High
Ballari,Sandur,Sandur_Village_9,15.15909,77.0119,4,2023,27.1,63.2,11.7,40.1,12.9,Whorl,Rasi RCH-2,26,7,11,Medium
Mandya,Nagamangala,Nagamangala_Village_9,12.6539,76.67633,6,2024,29.6,68.1,24.7,46.8,8.0,Silking,Bio9637,57,4,12,Medium
Chikkaballapur,Sidlaghatta,Sidlaghatta_Village_1,13.30572,77.75086,8,2023,23.3,45.7,5.1,23.0,13.7,Silking,30V92,59,3,27,Low
Koppal,Gangavathi,Gangavathi_Village_7,15.56004,76.21312,7,2023,19.6,36.4,0.3,15.1,6.8,Vegetative,30V92,19,3,43,Low
Mandya,Mandya,Mandya_Village_8,12.68006,76.83777,4,2023,32.0,41.6,5.4,21.6,11.4,Vegetative,DKC9108,21,5,1,Medium
Chamarajanagar,Gundlupet,Gundlupet_Village_3,12.06621,77.06902,3,2025,32.3,80.4,56.8,51.6,7.4,Whorl,Pioneer 3396,39,10,10,High
Koppal,Yelburga,Yelburga_Village_7,15.50807,76.3805,4,2023,28.3,89.7,41.1,49.2,6.9,Whorl,Kaveri KMH-25K61,27,10,1,High
Koppal,Yelburga,Yelburga_Village_6,15.41936,76.2849,5,2023,20.3,32.1,0.7,15.8,3.5,Maturity,Kaveri KMH-25K61,100,2,78,Low
Chikkaballapur,Chintamani,Chintamani_Village_9,13.416,77.69462,8,2024,24.2,53.7,17.4,26.2,15.4,Vegetative,Pioneer 3396,24,5,34,Medium
Chikkaballapur,Gudibande,Gudibande_Village_1,13.34788,77.83411,6,2023,28.2,54.7,12.8,38.7,13.0,Vegetative,Rasi RCH-2,10,7,22,Medium
Mandya,Pandavapura,Pandavapura_Village_7,12.64692,76.88354,7,2025,30.2,67.5,9.4,45.9,8.7,Tasseling,Bio9637,46,8,11,Medium
Koppal,Kushtagi,Kushtagi_Village_7,15.36365,76.30496,4,2025,28.0,60.9,12.2,35.2,5.9,Vegetative,NK6240,13,4,19,Medium
Tumakuru,Tumakuru,Tumakuru_Village_7,13.08974,77.22151,7,2023,29.3,66.8,15.2,37.7,8.2,Tasseling,P3501,48,7,57,Medium
Mysuru,Mysuru,Mysuru_Village_1,12.42937,76.40681,4,2025,22.0,27.8,0.8,11.0,11.0,Vegetative,Bio9637,20,1,5,Low
Hassan,Holenarasipura,Holenarasipura_Village_3,12.81636,76.19431,8,2024,25.6,60.4,62.1,48.1,0.4,Vegetative,DHM117 (Local Hybrid),21,9,14,Medium
Ballari,Kudligi,Kudligi_Village_7,15.1814,76.71743,4,2024,25.8,34.5,24.4,18.8,7.0,Whorl,Rasi RCH-2,30,3,29,Medium
Davanagere,Nyamathi,Nyamathi_Village_8,14.38306,75.86291,7,2024,31.5,86.2,29.3,53.0,11.5,Whorl,DKC9108,33,12,8,High
Mysuru,Hunsur,Hunsur_Village_6,12.46484,76.69428,8,2024,27.4,83.2,20.7,50.4,6.6,Vegetative,30V92,20,8,33,Medium
Belagavi,Belagavi,Belagavi_Village_4,15.84689,74.37112,9,2023,30.3,67.3,19.3,36.7,4.9,Whorl,NK6240,35,4,38,Medium
Ballari,Kudligi,Kudligi_Village_3,15.25798,76.94791,1,2023,29.0,48.0,14.1,23.4,8.0,Whorl,Pioneer 3396,37,9,6,Medium
Tumakuru,Pavagada,Pavagada_Village_5,13.41682,77.36237,6,2023,27.7,66.2,10.6,41.5,7.6,Vegetative,NK6240,25,3,17,Medium
Chitradurga,Hiriyur,Hiriyur_Village_3,14.06583,76.46564,4,2023,28.1,54.1,6.9,34.5,13.5,Whorl,P3501,38,5,0,Medium
Dharwad,Kalghatgi,Kalghatgi_Village_6,15.37958,75.08589,10,2025,27.2,66.8,3.7,36.1,14.7,Whorl,NK6240,26,5,8,Medium
Gadag,Mundargi,Mundargi_Village_4,15.57515,75.60858,2,2025,24.2,59.2,47.1,36.7,8.2,Silking,NK6240,63,4,12,Medium
Davanagere,Nyamathi,Nyamathi_Village_4,14.33239,75.80873,12,2025,17.9,22.9,0.0,13.9,7.4,Silking,Kaveri KMH-25K61,56,0,31,Low
Hassan,Hassan,Hassan_Village_9,13.0147,75.95192,1,2024,22.0,32.2,2.4,5.6,5.3,Silking,NK6240,57,0,6,Low
Chikkaballapur,Sidlaghatta,Sidlaghatta_Village_6,13.35492,77.86286,9,2025,25.3,62.1,5.7,28.7,9.7,Tasseling,Pioneer 3396,52,4,14,Medium
Ballari,Sandur,Sandur_Village_6,15.04712,77.09129,12,2023,28.4,60.3,18.0,32.9,10.6,Vegetative,NK6240,16,1,44,Medium
Tumakuru,Sira,Sira_Village_6,13.3266,77.02196,8,2025,27.4,59.8,42.7,32.6,16.3,Vegetative,Local Desi Maize,21,4,20,Medium
Raichur,Lingsugur,Lingsugur_Village_9,16.10101,77.20527,4,2023,28.4,73.9,11.6,47.2,8.5,Tasseling,DKC9108,48,5,2,Medium
Gadag,Ron,Ron_Village_6,15.6725,75.78944,10,2023,31.9,48.4,22.7,30.6,7.7,Maturity,DKC9108,106,9,2,Medium
Shivamogga,Shikaripura,Shikaripura_Village_8,13.85188,75.80857,8,2023,20.0,35.3,0.0,14.8,3.4,Whorl,Rasi RCH-2,30,0,106,Low
Chitradurga,Chitradurga,Chitradurga_Village_1,14.28238,76.42713,1,2024,24.4,59.4,5.8,35.9,4.2,Vegetative,Bio9637,23,12,46,Medium
Chikkaballapur,Gudibande,Gudibande_Village_2,13.52349,77.964,2,2024,22.2,56.8,7.7,34.2,8.9,Tasseling,DKC9108,45,3,14,Medium
Mysuru,Piriyapatna,Piriyapatna_Village_5,12.42287,76.70849,7,2025,32.5,73.2,15.6,44.4,11.0,Whorl,DHM117 (Local Hybrid),24,15,9,High
Ballari,Siruguppa,Siruguppa_Village_1,14.94143,76.76374,7,2023,32.9,83.9,63.1,61.0,5.8,Whorl,Bio9637,35,12,3,High
Chamarajanagar,Gundlupet,Gundlupet_Village_8,11.96874,77.16889,10,2023,23.4,57.9,37.6,29.6,8.4,Silking,P3501,62,5,42,Medium
Mandya,Pandavapura,Pandavapura_Village_9,12.70941,77.05353,11,2024,22.3,77.0,24.7,59.7,7.5,Silking,NK6240,58,7,67,Medium
Mandya,Maddur,Maddur_Village_6,12.52753,76.66042,9,2024,31.2,89.5,36.2,58.2,11.5,Vegetative,P3501,23,15,1,High
Ballari,Siruguppa,Siruguppa_Village_7,15.31991,76.95958,12,2025,27.8,43.8,9.9,24.4,9.3,Maturity,NK6240,110,5,28,Medium
Belagavi,Chikkodi,Chikkodi_Village_6,15.69255,74.27251,6,2023,24.6,29.4,3.7,26.1,0.0,Silking,DKC9108,70,2,3,Low
Ballari,Ballari,Ballari_Village_9,15.06472,77.03449,7,2023,22.9,26.9,0.2,16.8,11.6,Maturity,30V92,79,0,180,Low
Shivamogga,Shikaripura,Shikaripura_Village_3,13.74204,75.60714,11,2025,26.4,76.1,16.6,56.1,10.4,Vegetative,Bio9637,15,7,18,Medium
Mandya,Malavalli,Malavalli_Village_3,12.57457,76.96957,11,2025,26.2,47.1,7.0,33.5,5.5,Tasseling,NK6240,43,3,52,Medium
Tumakuru,Madhugiri,Madhugiri_Village_2,13.24482,77.12198,7,2024,31.6,87.4,107.2,69.3,14.0,Whorl,P3501,27,11,7,High
Ballari,Siruguppa,Siruguppa_Village_4,15.28031,77.11984,12,2024,20.8,43.6,0.9,29.1,6.0,Vegetative,Kaveri KMH-25K61,22,1,56,Low
Chikkaballapur,Chintamani,Chintamani_Village_3,13.64946,77.58642,12,2025,16.3,38.9,0.3,23.3,7.0,Silking,Kaveri KMH-25K61,69,0,24,Low
Hassan,Hassan,Hassan_Village_9,12.76455,76.24034,2,2024,26.2,54.4,4.8,39.0,6.5,Tasseling,DHM117 (Local Hybrid),43,6,52,Medium
Hassan,Belur,Belur_Village_3,12.81113,76.15332,11,2024,23.1,37.8,1.7,21.3,4.5,Maturity,DKC9108,75,0,180,Low
Davanagere,Honnali,Honnali_Village_5,14.48847,76.0497,4,2024,28.6,70.3,3.0,43.6,4.4,Vegetative,Bio9637,24,6,0,Medium
Chitradurga,Molakalmuru,Molakalmuru_Village_4,14.27503,76.51208,11,2023,32.2,90.0,33.2,53.5,1.8,Whorl,Rasi RCH-2,25,15,7,High
Mysuru,Piriyapatna,Piriyapatna_Village_8,12.2123,76.81336,3,2024,18.8,26.2,0.0,5.0,14.9,Vegetative,Pioneer 3396,21,6,20,Low
Chamarajanagar,Kollegal,Kollegal_Village_8,12.16598,76.7121,4,2025,31.6,84.8,75.2,63.3,4.2,Whorl,Pioneer 3396,28,13,12,High
Tumakuru,Sira,Sira_Village_5,13.37359,76.9442,11,2024,31.1,75.5,26.8,45.9,9.5,Whorl,P3501,30,21,9,High
Mysuru,Mysuru,Mysuru_Village_9,12.49268,76.59359,4,2023,21.3,24.4,1.7,24.5,6.2,Maturity,30V92,77,2,32,Low
Shivamogga,Bhadravati,Bhadravati_Village_7,14.01607,75.53573,6,2024,36.8,88.5,19.7,42.6,5.1,Whorl,P3501,26,15,5,High
Mysuru,Mysuru,Mysuru_Village_6,12.50782,76.4119,1,2024,23.7,31.8,11.9,18.8,13.6,Silking,30V92,64,1,15,Low
Ballari,Ballari,Ballari_Village_3,14.93418,76.87544,2,2023,26.0,67.7,8.5,41.1,1.1,Whorl,DKC9108,21,8,5,Medium
Raichur,Lingsugur,Lingsugur_Village_3,16.29975,77.1559,2,2023,30.3,74.1,61.9,51.6,10.9,Whorl,NK6240,26,7,7,High
Haveri,Hirekerur,Hirekerur_Village_9,14.81639,75.51395,7,2025,31.1,45.0,34.0,29.8,3.9,Tasseling,30V92,52,3,15,Medium
Dharwad,Kundgol,Kundgol_Village_8,15.462,75.04962,1,2025,19.0,40.2,0.5,19.6,10.3,Maturity,DHM117 (Local Hybrid),79,0,4,Low
Raichur,Sindhanur,Sindhanur_Village_3,16.39588,77.19746,9,2023,20.5,35.2,0.3,24.8,6.5,Vegetative,Kaveri KMH-25K61,15,1,66,Low
Dharwad,Dharwad,Dharwad_Village_6,15.25594,74.99984,8,2024,34.0,87.0,52.6,54.7,7.7,Whorl,NK6240,24,15,8,High
Tumakuru,Tiptur,Tiptur_Village_3,13.55234,77.25642,8,2024,31.3,86.6,28.8,61.5,7.0,Tasseling,P3501,42,10,0,High
Mandya,Maddur,Maddur_Village_9,12.76942,77.06429,4,2024,26.1,43.4,14.8,25.3,10.9,Silking,Pioneer 3396,60,6,15,Medium
Shivamogga,Shivamogga,Shivamogga_Village_9,13.75557,75.68091,8,2023,18.8,34.7,0.7,15.9,22.6,Maturity,Bio9637,92,0,81,Low
Tumakuru,Tiptur,Tiptur_Village_4,13.28014,77.33976,10,2023,28.1,87.6,49.0,62.2,10.1,Vegetative,Rasi RCH-2,10,15,10,High
Ballari,Kudligi,Kudligi_Village_3,15.24066,76.84483,7,2025,18.8,28.5,1.8,16.5,8.2,Tasseling,Bio9637,52,0,10,Low
Hassan,Hassan,Hassan_Village_2,13.09171,76.08008,1,2024,31.1,84.7,13.6,47.0,8.2,Whorl,DKC9108,36,21,5,High
Koppal,Gangavathi,Gangavathi_Village_6,15.11886,76.38613,6,2024,26.6,50.1,10.9,33.7,16.1,Whorl,DHM117 (Local Hybrid),35,7,14,Medium
Raichur,Devadurga,Devadurga_Village_7,16.09015,77.44804,4,2025,17.6,29.6,0.6,24.5,5.4,Maturity,30V92,104,1,135,Low
Chikkaballapur,Chintamani,Chintamani_Village_9,13.52726,77.57484,7,2024,21.5,33.8,0.8,22.1,7.4,Silking,Bio9637,56,3,42,Low
Shivamogga,Shivamogga,Shivamogga_Village_6,13.96633,75.35944,7,2024,30.8,90.9,60.5,61.3,7.4,Whorl,Local Desi Maize,20,16,5,High
Dharwad,Hubballi,Hubballi_Village_8,15.22463,74.91987,4,2025,29.9,93.7,42.5,56.7,8.3,Vegetative,NK6240,16,14,7,High
Ballari,Siruguppa,Siruguppa_Village_7,15.03023,76.92842,8,2023,23.5,63.6,16.9,46.1,9.2,Vegetative,DHM117 (Local Hybrid),24,4,30,Medium
Mandya,Malavalli,Malavalli_Village_3,12.28079,76.88349,7,2023,14.0,58.7,0.0,29.1,3.1,Vegetative,Rasi RCH-2,10,0,20,Low
Chikkaballapur,Chikkaballapur,Chikkaballapur_Village_4,13.54093,77.70536,12,2023,26.0,46.2,1.0,25.1,12.1,Silking,NK6240,58,1,43,Low
Chikkaballapur,Sidlaghatta,Sidlaghatta_Village_6,13.45306,77.79114,2,2025,29.9,80.9,34.9,51.9,7.4,Whorl,Pioneer 3396,30,11,8,High
Chikkaballapur,Gudibande,Gudibande_Village_6,13.2254,77.49621,8,2024,31.6,56.4,30.8,42.3,11.1,Whorl,Bio9637,33,7,7,Medium
Davanagere,Honnali,Honnali_Village_7,14.34958,76.17134,6,2025,25.4,77.2,16.1,52.0,16.9,Whorl,30V92,21,3,23,Medium
Haveri,Ranebennur,Ranebennur_Village_9,14.59583,75.3207,5,2025,24.6,49.8,0.8,28.8,9.0,Maturity,30V92,76,1,81,Low
Davanagere,Davanagere,Davanagere_Village_2,14.536,75.98446,12,2024,16.6,38.7,4.0,22.6,11.2,Maturity,NK6240,75,3,37,Low
Shivamogga,Sagar,Sagar_Village_5,13.74547,75.47137,7,2025,24.4,68.9,21.9,41.4,12.8,Whorl,P3501,37,3,3,Medium
Koppal,Kushtagi,Kushtagi_Village_3,15.44639,76.34086,4,2024,25.6,58.5,16.2,31.7,5.9,Maturity,Bio9637,90,7,116,Medium
Shivamogga,Soraba,Soraba_Village_3,13.99822,75.35347,3,2025,35.0,89.8,53.5,48.9,11.4,Tasseling,NK6240,53,18,12,High
Chitradurga,Molakalmuru,Molakalmuru_Village_4,14.31073,76.42009,11,2025,15.7,24.1,1.4,16.5,3.7,Maturity,DHM117 (Local Hybrid),83,1,42,Low
Chamarajanagar,Chamarajanagar,Chamarajanagar_Village_8,11.95373,76.74238,5,2023,21.2,50.5,0.0,28.3,8.5,Maturity,Rasi RCH-2,101,0,22,Low
Chikkaballapur,Sidlaghatta,Sidlaghatta_Village_7,13.46892,77.93417,6,2024,22.4,39.7,0.7,19.0,5.7,Silking,DKC9108,59,1,93,Low
Ballari,Hospet,Hospet_Village_1,15.16483,77.11703,5,2025,32.9,78.8,72.1,56.9,8.8,Whorl,DKC9108,32,11,5,High
Chikkaballapur,Sidlaghatta,Sidlaghatta_Village_5,13.49208,77.91963,10,2025,24.5,69.4,20.9,44.2,11.1,Tasseling,DHM117 (Local Hybrid),52,11,0,Medium
Hassan,Holenarasipura,Holenarasipura_Village_4,13.06149,76.11696,8,2024,30.0,70.6,13.6,39.8,7.1,Vegetative,Rasi RCH-2,11,4,43,Medium
Gadag,Gadag,Gadag_Village_2,15.51309,75.40936,1,2024,21.6,38.3,0.0,22.4,7.6,Vegetative,Pioneer 3396,15,2,180,Low
Haveri,Ranebennur,Ranebennur_Village_6,14.97164,75.53712,1,2025,30.9,54.1,3.8,38.0,10.1,Tasseling,P3501,53,5,5,Medium
Davanagere,Jagalur,Jagalur_Village_1,14.32225,76.04668,3,2024,22.1,37.1,2.3,12.4,8.3,Maturity,P3501,108,0,142,Low
Davanagere,Nyamathi,Nyamathi_Village_7,14.52196,76.02149,5,2024,22.4,38.4,0.8,17.8,12.5,Maturity,Rasi RCH-2,80,0,14,Low
Koppal,Gangavathi,Gangavathi_Village_6,15.26767,76.18026,3,2024,23.0,24.1,0.1,16.2,9.6,Maturity,30V92,109,0,25,Low
Dharwad,Hubballi,Hubballi_Village_6,15.38868,74.93692,10,2024,34.7,81.5,10.1,45.5,13.8,Whorl,DHM117 (Local Hybrid),34,4,6,Medium
Hassan,Belur,Belur_Village_8,13.05102,76.33697,3,2023,14.0,47.3,2.3,26.7,8.7,Maturity,DHM117 (Local Hybrid),82,0,50,Low
Mysuru,Nanjangud,Nanjangud_Village_3,12.52913,76.59434,2,2025,25.0,74.6,14.2,41.1,11.2,Whorl,Bio9637,33,3,7,Medium
Koppal,Koppal,Koppal_Village_9,15.5634,76.01519,9,2023,25.8,68.5,8.7,45.7,2.8,Tasseling,30V92,40,7,6,Medium
Chitradurga,Challakere,Challakere_Village_1,14.07837,76.51029,11,2024,26.1,72.6,19.6,43.8,5.8,Maturity,30V92,99,5,33,Medium
Tumakuru,Tiptur,Tiptur_Village_4,13.2764,77.26127,12,2025,23.2,58.9,29.9,38.8,10.7,Silking,Rasi RCH-2,66,7,14,Medium
Dharwad,Hubballi,Hubballi_Village_3,15.40201,74.78309,4,2025,25.5,61.0,36.4,40.5,12.5,Whorl,30V92,33,8,37,Medium
Mandya,Mandya,Mandya_Village_4,12.66838,77.05557,1,2024,22.7,30.6,0.5,22.2,4.8,Maturity,Bio9637,76,0,54,Low
Ballari,Ballari,Ballari_Village_1,15.30509,77.077,6,2024,32.1,84.0,50.1,54.9,9.8,Vegetative,Pioneer 3396,11,18,4,High
Chitradurga,Molakalmuru,Molakalmuru_Village_2,14.05267,76.21392,5,2024,18.5,39.2,1.0,13.0,19.4,Tasseling,Pioneer 3396,40,1,180,Low
Shivamogga,Sagar,Sagar_Village_3,13.88162,75.75333,1,2025,20.3,42.6,0.6,28.4,10.9,Silking,NK6240,68,1,94,Low
Chikkaballapur,Sidlaghatta,Sidlaghatta_Village_6,13.53569,77.80954,12,2023,32.4,92.2,18.4,50.0,6.0,Whorl,DHM117 (Local Hybrid),21,8,3,High
Haveri,Savanur,Savanur_Village_4,14.87318,75.22064,2,2025,34.4,89.0,54.2,45.1,4.1,Whorl,Rasi RCH-2,38,14,19,High
Raichur,Devadurga,Devadurga_Village_6,16.39593,77.23253,1,2025,24.6,44.6,50.5,33.2,14.7,Whorl,DHM117 (Local Hybrid),34,9,8,Medium
Davanagere,Nyamathi,Nyamathi_Village_7,14.26035,75.772,3,2024,27.6,66.1,9.3,35.7,10.0,Whorl,DHM117 (Local Hybrid),24,4,61,Medium
Hassan,Arsikere,Arsikere_Village_2,13.08079,76.27616,4,2023,21.0,41.3,1.4,28.7,7.6,Maturity,Pioneer 3396,103,1,8,Low
Belagavi,Athani,Athani_Village_1,16.08098,74.50351,11,2025,23.2,62.9,4.1,42.3,10.8,Maturity,P3501,85,5,5,Medium
Hassan,Holenarasipura,Holenarasipura_Village_1,13.14835,76.29833,1,2025,33.0,93.3,9.5,49.8,16.1,Vegetative,30V92,11,12,0,High
Chitradurga,Holalkere,Holalkere_Village_3,14.05637,76.50884,9,2024,28.4,62.8,23.2,30.5,6.8,Tasseling,Local Desi Maize,46,5,0,Medium
Gadag,Shirahatti,Shirahatti_Village_6,15.34034,75.81833,7,2025,26.7,54.4,22.6,40.4,13.4,Tasseling,Bio9637,45,7,5,Medium
Dharwad,Kalghatgi,Kalghatgi_Village_2,15.3528,74.83275,10,2024,22.8,67.3,20.5,29.9,9.2,Tasseling,DKC9108,55,7,20,Medium
Mandya,Pandavapura,Pandavapura_Village_6,12.27742,76.88952,12,2023,21.5,37.9,0.5,24.3,5.4,Maturity,P3501,96,3,94,Low
Gadag,Mundargi,Mundargi_Village_1,15.59279,75.61062,7,2025,29.9,55.8,21.6,31.3,4.8,Whorl,NK6240,21,7,21,Medium
Chikkaballapur,Gudibande,Gudibande_Village_5,13.62238,77.79413,8,2024,28.9,88.7,58.8,56.0,8.0,Vegetative,Local Desi Maize,18,13,0,High
Shivamogga,Shikaripura,Shikaripura_Village_7,13.79816,75.64867,3,2024,24.8,34.9,0.2,15.8,14.0,Tasseling,P3501,47,0,105,Low
Mysuru,Piriyapatna,Piriyapatna_Village_9,12.41051,76.6841,12,2024,14.9,16.1,0.1,11.6,10.4,Silking,Pioneer 3396,61,1,34,Low
Dharwad,Kundgol,Kundgol_Village_1,15.68898,74.76156,8,2025,34.0,83.5,13.5,40.8,7.2,Whorl,DHM117 (Local Hybrid),40,5,6,High
Shivamogga,Bhadravati,Bhadravati_Village_3,13.75416,75.37357,3,2023,29.9,82.1,45.2,45.2,15.9,Vegetative,30V92,10,13,7,High
Chitradurga,Holalkere,Holalkere_Village_7,14.13962,76.38742,9,2024,21.8,22.0,3.5,17.7,10.9,Vegetative,Bio9637,16,2,85,Low
Gadag,Mundargi,Mundargi_Village_6,15.58121,75.69409,5,2024,35.8,80.3,10.7,42.6,10.3,Vegetative,DKC9108,11,10,0,High
Haveri,Shiggaon,Shiggaon_Village_2,14.57285,75.54223,12,2025,26.4,51.6,16.0,34.7,5.3,Tasseling,Local Desi Maize,55,9,10,Medium
Gadag,Nargund,Nargund_Village_1,15.27604,75.54239,1,2024,28.6,68.6,10.9,40.1,6.7,Silking,Bio9637,62,5,17,Medium
Hassan,Belur,Belur_Village_9,12.97679,76.08714,10,2023,24.1,65.5,16.9,34.3,9.5,Vegetative,Rasi RCH-2,10,8,5,Medium
Haveri,Shiggaon,Shiggaon_Village_7,14.89484,75.60022,6,2023,32.0,88.0,68.1,70.3,11.6,Whorl,DHM117 (Local Hybrid),40,16,15,High
Davanagere,Jagalur,Jagalur_Village_8,14.40441,75.72668,4,2024,26.0,65.1,16.2,42.3,9.4,Vegetative,DHM117 (Local Hybrid),23,6,23,Medium
Tumakuru,Tiptur,Tiptur_Village_5,13.25198,77.36561,11,2025,28.1,69.3,6.9,42.1,9.4,Vegetative,Rasi RCH-2,19,2,0,Medium
Haveri,Hirekerur,Hirekerur_Village_6,14.82571,75.5101,5,2024,25.5,40.5,69.3,48.2,4.7,Whorl,NK6240,32,3,78,Medium
Mysuru,Hunsur,Hunsur_Village_8,12.3888,76.50569,1,2025,34.2,87.3,83.7,64.7,6.7,Whorl,Rasi RCH-2,22,14,3,High
Raichur,Sindhanur,Sindhanur_Village_2,15.96555,77.26573,3,2024,24.7,61.3,2.1,30.9,8.2,Whorl,Pioneer 3396,20,4,7,Medium
Tumakuru,Pavagada,Pavagada_Village_6,13.55396,76.99737,2,2025,32.1,75.4,27.8,44.0,8.2,Vegetative,DHM117 (Local Hybrid),15,3,2,Medium
Haveri,Haveri,Haveri_Village_3,14.92876,75.63108,3,2025,14.6,24.8,0.7,11.2,7.6,Silking,Bio9637,62,0,70,Low
Chitradurga,Holalkere,Holalkere_Village_4,14.12523,76.38835,8,2023,24.5,55.9,12.9,28.8,9.3,Whorl,DKC9108,39,4,36,Medium
Davanagere,Nyamathi,Nyamathi_Village_4,14.233,75.95834,8,2024,17.0,44.7,0.1,24.6,14.8,Vegetative,Pioneer 3396,22,0,115,Low
Raichur,Sindhanur,Sindhanur_Village_9,16.01178,77.12611,1,2025,29.3,84.7,32.7,53.3,8.4,Vegetative,NK6240,12,11,0,High
Ballari,Hospet,Hospet_Village_2,15.03037,76.88943,5,2023,26.6,83.0,51.2,45.2,0.0,Whorl,Rasi RCH-2,39,12,0,High
Davanagere,Jagalur,Jagalur_Village_5,14.27989,76.15104,6,2023,26.4,84.3,3.1,47.9,7.7,Whorl,DHM117 (Local Hybrid),30,4,21,Medium
Koppal,Koppal,Koppal_Village_2,15.54755,75.98875,10,2024,20.4,19.7,2.1,5.0,7.4,Maturity,NK6240,108,0,32,Low
Mysuru,K.R. Nagar,K.R. Nagar_Village_2,12.18345,76.85441,6,2025,24.8,84.8,15.3,48.9,8.5,Tasseling,NK6240,44,4,109,Medium
Hassan,Belur,Belur_Village_5,13.22538,75.9036,11,2023,33.2,97.7,53.8,64.8,9.3,Whorl,P3501,32,15,0,High
Chikkaballapur,Gudibande,Gudibande_Village_5,13.29912,77.63141,12,2025,30.3,89.8,33.5,46.3,8.2,Whorl,DHM117 (Local Hybrid),30,9,7,High
Chamarajanagar,Kollegal,Kollegal_Village_1,11.82242,76.95335,8,2023,28.9,61.3,7.7,28.3,8.4,Silking,30V92,56,5,20,Medium
Gadag,Shirahatti,Shirahatti_Village_6,15.51048,75.55625,4,2025,30.8,90.2,54.9,65.8,5.7,Silking,Bio9637,59,13,0,High
Chamarajanagar,Yelandur,Yelandur_Village_3,11.69989,77.0741,9,2024,31.3,83.9,32.0,54.8,5.9,Vegetative,Kaveri KMH-25K61,13,11,0,High
Haveri,Savanur,Savanur_Village_7,14.55579,75.58533,7,2024,24.7,56.8,27.5,36.4,14.5,Vegetative,NK6240,10,4,56,Medium
Chitradurga,Hiriyur,Hiriyur_Village_7,14.30295,76.15918,6,2025,27.1,44.6,46.5,18.2,8.1,Maturity,Kaveri KMH-25K61,84,2,18,Medium
Gadag,Nargund,Nargund_Village_2,15.60603,75.84817,7,2024,23.5,58.8,17.7,29.5,11.6,Maturity,Pioneer 3396,75,8,14,Medium
Gadag,Gadag,Gadag_Village_8,15.2172,75.71541,7,2025,20.5,34.4,0.2,15.8,10.9,Maturity,Pioneer 3396,78,1,2,Low
Dharwad,Navalgund,Navalgund_Village_4,15.22197,74.95727,8,2025,29.3,95.1,34.2,55.7,8.2,Vegetative,Rasi RCH-2,13,9,11,High
Shivamogga,Sagar,Sagar_Village_7,14.10099,75.35075,10,2025,34.1,85.8,43.9,51.5,8.6,Vegetative,NK6240,11,16,2,High
Hassan,Belur,Belur_Village_2,13.20934,75.93023,3,2025,28.5,94.7,66.5,56.1,3.0,Whorl,DHM117 (Local Hybrid),23,6,3,High
Gadag,Nargund,Nargund_Village_9,15.36255,75.66564,10,2023,23.3,70.3,14.9,43.2,11.9,Silking,Bio9637,61,4,0,Medium
Ballari,Siruguppa,Siruguppa_Village_5,14.96954,77.00443,12,2025,23.4,67.4,6.7,39.3,10.3,Tasseling,Kaveri KMH-25K61,51,6,29,Medium
Belagavi,Saundatti,Saundatti_Village_4,15.60939,74.67461,1,2024,27.3,30.8,0.1,16.1,5.3,Maturity,P3501,75,0,29,Low
Gadag,Mundargi,Mundargi_Village_6,15.22903,75.55343,3,2024,14.9,50.8,8.6,22.3,4.9,Vegetative,Pioneer 3396,13,2,9,Low
Gadag,Ron,Ron_Village_6,15.50129,75.74297,8,2023,23.5,76.9,5.2,44.4,12.0,Maturity,NK6240,107,5,11,Medium
Gadag,Mundargi,Mundargi_Village_2,15.39853,75.45938,3,2025,30.6,88.4,32.6,54.0,8.7,Vegetative,Kaveri KMH-25K61,25,13,0,High
Gadag,Ron,Ron_Village_5,15.38601,75.6115,7,2023,29.3,49.6,11.9,39.6,7.3,Maturity,Pioneer 3396,87,6,1,Medium
Haveri,Byadagi,Byadagi_Village_7,14.9166,75.24606,6,2025,35.8,84.6,28.2,43.0,11.5,Whorl,Pioneer 3396,38,9,0,High
Mandya,Mandya,Mandya_Village_2,12.50219,76.98561,9,2024,25.9,46.6,27.4,24.7,5.5,Silking,NK6240,59,1,23,Medium
Chikkaballapur,Sidlaghatta,Sidlaghatta_Village_8,13.65064,77.77727,3,2023,25.8,70.1,29.1,36.2,12.9,Silking,Bio9637,67,7,92,Medium
Chitradurga,Challakere,Challakere_Village_8,14.08637,76.58267,12,2023,26.5,63.6,23.8,30.9,8.3,Maturity,30V92,107,1,6,Medium
Chitradurga,Holalkere,Holalkere_Village_6,14.05367,76.34925,11,2024,32.9,92.7,34.2,52.2,9.8,Whorl,P3501,34,12,3,High
Hassan,Belur,Belur_Village_6,12.86429,75.95406,11,2024,21.6,33.1,3.4,10.2,2.3,Maturity,Local Desi Maize,107,1,50,Low
Mysuru,Nanjangud,Nanjangud_Village_3,12.51174,76.4264,9,2025,20.6,20.5,1.1,5.0,10.1,Tasseling,Local Desi Maize,42,1,48,Low
Tumakuru,Sira,Sira_Village_2,13.33372,76.95889,10,2023,20.3,19.2,1.7,14.4,6.2,Silking,30V92,60,0,2,Low
Koppal,Yelburga,Yelburga_Village_4,15.43393,76.37915,11,2023,33.0,81.4,52.2,49.3,7.7,Whorl,DKC9108,31,10,1,High
Chitradurga,Hiriyur,Hiriyur_Village_9,14.42354,76.33961,4,2023,24.2,58.7,9.8,25.4,9.6,Tasseling,Local Desi Maize,42,6,28,Medium
Chitradurga,Challakere,Challakere_Village_7,14.15319,76.48447,4,2023,15.4,35.5,6.2,20.7,14.5,Maturity,Kaveri KMH-25K61,77,0,28,Low
Tumakuru,Sira,Sira_Village_1,13.37576,77.32176,3,2025,21.5,33.6,2.9,27.3,14.4,Silking,Local Desi Maize,62,3,100,Low
Mysuru,Hunsur,Hunsur_Village_5,12.25932,76.50235,6,2024,16.9,36.9,8.3,23.4,0.9,Maturity,P3501,105,1,152,Low
Chikkaballapur,Sidlaghatta,Sidlaghatta_Village_1,13.39141,77.96143,3,2023,35.6,85.5,18.6,45.0,5.1,Whorl,Pioneer 3396,24,13,9,High
Chitradurga,Chitradurga,Chitradurga_Village_6,14.35979,76.55006,8,2025,23.4,55.8,6.6,32.2,4.0,Maturity,Rasi RCH-2,104,4,21,Medium
Belagavi,Belagavi,Belagavi_Village_2,15.784,74.4412,6,2024,20.4,51.7,0.2,25.9,0.0,Silking,Pioneer 3396,67,0,71,Low
Mandya,Mandya,Mandya_Village_7,12.58942,76.8069,5,2023,21.1,36.4,0.0,21.0,10.9,Silking,Bio9637,66,5,30,Low
Hassan,Arsikere,Arsikere_Village_3,12.84031,76.33662,6,2023,26.8,85.1,13.9,46.0,8.9,Vegetative,Bio9637,20,2,46,Medium
Dharwad,Kalghatgi,Kalghatgi_Village_7,15.4835,75.0346,12,2023,28.3,22.0,3.3,19.5,6.4,Silking,NK6240,56,1,96,Low
Shivamogga,Shikaripura,Shikaripura_Village_4,13.74878,75.70528,12,2023,33.6,89.0,38.3,56.0,8.4,Vegetative,Pioneer 3396,21,12,0,High
Ballari,Sandur,Sandur_Village_6,15.24288,76.76174,3,2023,34.6,86.5,33.3,69.1,12.3,Whorl,30V92,32,17,7,High
Chitradurga,Holalkere,Holalkere_Village_2,14.38154,76.15192,11,2024,26.5,52.4,8.8,31.3,9.6,Vegetative,30V92,17,5,50,Medium
Chamarajanagar,Gundlupet,Gundlupet_Village_4,11.82339,76.89364,11,2025,30.6,70.6,14.0,46.6,10.5,Vegetative,Kaveri KMH-25K61,16,4,44,Medium
Chitradurga,Molakalmuru,Molakalmuru_Village_4,14.36617,76.47667,9,2024,28.1,75.0,30.3,49.2,13.9,Whorl,DHM117 (Local Hybrid),38,7,23,Medium
Koppal,Gangavathi,Gangavathi_Village_1,15.11324,75.99562,11,2025,28.9,58.2,8.6,30.9,3.5,Silking,DHM117 (Local Hybrid),59,3,0,Medium
Koppal,Gangavathi,Gangavathi_Village_2,15.48897,76.20071,11,2024,30.1,86.8,64.2,67.6,7.9,Tasseling,Local Desi Maize,53,12,15,High
Davanagere,Davanagere,Davanagere_Village_1,14.54143,76.15306,9,2025,30.5,85.4,60.6,59.5,6.5,Vegetative,Kaveri KMH-25K61,18,20,10,High
Tumakuru,Sira,Sira_Village_6,13.14347,77.16965,3,2023,19.3,22.6,7.3,9.4,5.3,Silking,Rasi RCH-2,60,1,140,Low
Raichur,Sindhanur,Sindhanur_Village_5,16.28379,77.55566,1,2024,21.2,78.7,5.6,44.0,10.1,Whorl,Kaveri KMH-25K61,40,7,12,Medium
Haveri,Haveri,Haveri_Village_3,14.99532,75.21325,10,2025,31.4,70.3,23.3,49.1,9.7,Tasseling,Bio9637,41,3,20,Medium
Ballari,Ballari,Ballari_Village_7,14.95475,77.05542,7,2023,21.9,28.5,2.5,12.7,9.9,Silking,Pioneer 3396,67,3,75,Low
Raichur,Raichur,Raichur_Village_7,16.33994,77.3382,8,2023,25.4,60.9,36.0,51.7,3.1,Maturity,Rasi RCH-2,96,5,47,Medium
Hassan,Belur,Belur_Village_5,13.04685,76.11881,3,2023,26.8,68.0,7.2,35.4,8.0,Maturity,NK6240,80,10,29,Medium
Hassan,Hassan,Hassan_Village_7,12.81239,76.21843,6,2025,32.2,86.0,11.8,42.2,7.0,Whorl,Pioneer 3396,38,13,6,High
Dharwad,Dharwad,Dharwad_Village_7,15.5674,74.83409,10,2024,30.4,54.5,36.2,37.4,8.5,Whorl,NK6240,27,6,37,Medium
Koppal,Yelburga,Yelburga_Village_6,15.12384,76.15394,3,2023,21.9,27.0,1.0,12.7,7.2,Maturity,P3501,108,2,78,Low
Chamarajanagar,Gundlupet,Gundlupet_Village_9,11.93227,76.93298,3,2025,23.0,62.6,17.8,34.9,6.9,Silking,Kaveri KMH-25K61,70,7,21,Medium
Gadag,Shirahatti,Shirahatti_Village_3,15.46363,75.45729,6,2024,30.1,84.0,25.7,52.3,10.4,Vegetative,P3501,15,13,5,High
Chitradurga,Hiriyur,Hiriyur_Village_7,14.00294,76.6337,1,2023,27.4,31.9,4.6,11.7,12.1,Whorl,P3501,29,5,14,Medium
Tumakuru,Tiptur,Tiptur_Village_9,13.28229,77.23071,9,2023,24.6,44.3,2.4,20.5,9.0,Tasseling,Local Desi Maize,45,3,31,Medium
Ballari,Siruguppa,Siruguppa_Village_3,15.38196,77.09494,6,2024,31.7,63.9,19.7,43.3,14.4,Tasseling,DHM117 (Local Hybrid),42,7,2,Medium
Chitradurga,Challakere,Challakere_Village_2,14.30777,76.36132,4,2024,25.8,70.3,17.8,30.4,11.0,Maturity,Pioneer 3396,104,2,15,Medium
Davanagere,Davanagere,Davanagere_Village_8,14.70899,76.12134,2,2025,26.3,59.7,14.2,37.9,17.3,Tasseling,Pioneer 3396,46,8,1,Medium
Chamarajanagar,Yelandur,Yelandur_Village_1,12.00341,76.72081,9,2024,27.9,75.3,12.6,44.5,12.9,Maturity,Bio9637,76,9,3,Medium
Ballari,Kudligi,Kudligi_Village_1,15.06735,77.00485,2,2023,30.1,85.4,16.7,50.3,9.5,Whorl,Pioneer 3396,33,15,3,High
Ballari,Sandur,Sandur_Village_4,15.27246,76.8598,2,2024,30.5,24.2,0.2,17.9,7.2,Maturity,P3501,93,2,180,Low
Gadag,Ron,Ron_Village_5,15.58874,75.43474,3,2025,33.6,88.3,28.8,66.6,8.4,Silking,DHM117 (Local Hybrid),55,11,3,High
Koppal,Kushtagi,Kushtagi_Village_3,15.51972,76.23248,7,2023,23.9,48.9,19.8,28.5,4.7,Whorl,Local Desi Maize,33,7,7,Medium
Chamarajanagar,Chamarajanagar,Chamarajanagar_Village_3,12.06798,76.78399,5,2023,16.1,31.1,0.0,15.3,10.2,Silking,Local Desi Maize,59,1,1,Low
Chamarajanagar,Kollegal,Kollegal_Village_7,11.90971,76.8167,1,2023,25.9,49.2,5.0,25.2,6.1,Vegetative,Pioneer 3396,23,7,2,Medium
Belagavi,Saundatti,Saundatti_Village_7,16.07642,74.44496,9,2023,22.1,36.3,6.1,26.2,5.1,Maturity,DHM117 (Local Hybrid),110,1,51,Low
Haveri,Ranebennur,Ranebennur_Village_2,14.87424,75.19286,9,2023,29.0,91.9,29.6,55.5,8.9,Whorl,NK6240,40,17,11,High
Chitradurga,Holalkere,Holalkere_Village_4,14.19102,76.36222,10,2025,34.0,85.9,16.0,51.7,5.7,Vegetative,P3501,16,11,1,High
Hassan,Belur,Belur_Village_9,12.95212,76.24432,8,2023,27.2,75.1,12.7,46.5,13.0,Vegetative,DHM117 (Local Hybrid),17,2,4,Medium
Gadag,Ron,Ron_Village_3,15.59905,75.73429,2,2024,22.5,36.6,3.8,19.9,9.1,Tasseling,30V92,49,1,18,Low
Tumakuru,Madhugiri,Madhugiri_Village_3,13.57898,76.88801,8,2023,27.7,66.1,23.9,37.4,7.1,Vegetative,Bio9637,20,3,23,Medium
Davanagere,Harihara,Harihara_Village_3,14.4827,75.7147,6,2025,31.1,82.7,22.2,50.9,13.7,Whorl,DHM117 (Local Hybrid),38,11,2,High
Tumakuru,Pavagada,Pavagada_Village_9,13.43134,77.32176,7,2023,25.1,66.5,13.0,36.3,8.9,Vegetative,Kaveri KMH-25K61,13,10,23,Medium
Shivamogga,Bhadravati,Bhadravati_Village_4,14.07765,75.76878,2,2023,29.8,89.3,33.0,50.6,5.9,Whorl,Bio9637,27,19,2,High
Haveri,Savanur,Savanur_Village_8,14.70447,75.30261,12,2024,18.6,35.6,0.3,21.1,12.5,Silking,Kaveri KMH-25K61,62,0,54,Low
Chikkaballapur,Chikkaballapur,Chikkaballapur_Village_8,13.47278,77.61248,12,2025,23.1,65.0,38.5,31.6,13.1,Tasseling,Rasi RCH-2,47,8,1,Medium
Ballari,Sandur,Sandur_Village_1,15.16752,76.7238,8,2023,29.7,48.1,15.5,34.9,4.0,Vegetative,Bio9637,11,7,17,Medium
Tumakuru,Tiptur,Tiptur_Village_2,13.29491,77.23306,6,2023,33.3,95.6,14.1,53.1,8.1,Tasseling,DHM117 (Local Hybrid),50,10,6,High
Chitradurga,Hiriyur,Hiriyur_Village_1,14.17659,76.18996,1,2023,29.6,65.0,11.6,31.6,9.5,Silking,Rasi RCH-2,57,10,14,Medium
Mysuru,Nanjangud,Nanjangud_Village_3,12.18731,76.39583,4,2024,29.4,92.1,15.8,52.1,11.7,Whorl,NK6240,31,13,0,High
Koppal,Gangavathi,Gangavathi_Village_6,15.2235,76.0241,6,2024,30.0,88.4,48.3,49.8,7.8,Whorl,Bio9637,30,15,4,High
Chamarajanagar,Gundlupet,Gundlupet_Village_8,11.92471,76.73659,6,2023,24.9,55.2,9.7,25.9,12.9,Vegetative,Local Desi Maize,11,6,6,Medium
Davanagere,Davanagere,Davanagere_Village_1,14.35369,76.05718,9,2025,16.0,22.6,0.4,10.7,14.7,Silking,Pioneer 3396,60,1,164,Low
Ballari,Hospet,Hospet_Village_3,15.13642,76.72783,7,2023,25.5,71.1,17.1,45.0,6.6,Tasseling,DHM117 (Local Hybrid),43,4,28,Medium
Gadag,Shirahatti,Shirahatti_Village_3,15.56613,75.75875,9,2024,18.9,23.0,3.1,18.3,5.4,Silking,Local Desi Maize,57,1,24,Low
Mandya,Maddur,Maddur_Village_1,12.53636,77.02351,6,2023,31.9,84.7,46.5,56.4,7.3,Tasseling,Rasi RCH-2,41,16,0,High
Chamarajanagar,Chamarajanagar,Chamarajanagar_Village_1,12.12967,77.0674,3,2024,24.6,36.6,0.4,12.7,9.5,Maturity,Pioneer 3396,106,2,144,Low
Chamarajanagar,Gundlupet,Gundlupet_Village_2,12.12501,76.97506,7,2023,30.4,84.9,68.8,53.3,12.4,Vegetative,P3501,24,18,26,High
Dharwad,Dharwad,Dharwad_Village_8,15.42023,75.22528,7,2025,29.0,51.8,9.2,34.3,5.1,Vegetative,DHM117 (Local Hybrid),19,5,17,Medium
Davanagere,Nyamathi,Nyamathi_Village_2,14.28414,75.9063,2,2024,31.0,79.6,26.5,49.8,7.7,Silking,30V92,67,17,0,High
Raichur,Devadurga,Devadurga_Village_9,16.06183,77.38149,10,2023,29.3,64.7,11.6,29.4,6.0,Whorl,30V92,20,8,73,Medium
Mysuru,Mysuru,Mysuru_Village_7,12.33592,76.6224,10,2023,15.8,39.6,1.4,18.1,9.7,Maturity,Pioneer 3396,98,1,19,Low
Gadag,Gadag,Gadag_Village_3,15.54151,75.83706,12,2023,29.4,66.8,22.8,41.7,13.7,Whorl,DKC9108,21,3,3,Medium
Dharwad,Hubballi,Hubballi_Village_1,15.36125,75.18379,10,2024,23.2,39.8,0.3,23.7,12.8,Silking,P3501,61,2,20,Low
Hassan,Holenarasipura,Holenarasipura_Village_9,13.06506,76.25711,7,2024,23.9,29.6,0.3,24.0,10.3,Maturity,Rasi RCH-2,84,1,40,Low
Tumakuru,Tumakuru,Tumakuru_Village_9,13.56145,77.11497,7,2025,26.9,48.9,31.7,43.4,7.5,Whorl,P3501,38,6,56,Medium
Dharwad,Dharwad,Dharwad_Village_4,15.50912,74.99866,12,2024,14.0,22.1,1.6,18.5,16.8,Whorl,30V92,31,2,180,Low
Shivamogga,Shivamogga,Shivamogga_Village_9,13.90282,75.53349,7,2023,31.4,81.3,51.9,48.6,3.8,Whorl,P3501,38,7,2,High
Belagavi,Gokak,Gokak_Village_1,16.03798,74.57196,2,2025,28.7,52.1,19.2,27.4,7.9,Vegetative,Kaveri KMH-25K61,18,5,22,Medium
Shivamogga,Shikaripura,Shikaripura_Village_7,14.17316,75.34045,7,2023,32.1,94.4,12.1,52.2,0.0,Vegetative,P3501,17,16,6,High
Belagavi,Saundatti,Saundatti_Village_8,16.03473,74.69905,4,2024,33.7,95.2,32.8,62.4,9.5,Tasseling,Pioneer 3396,47,13,6,High
Hassan,Arsikere,Arsikere_Village_4,13.20764,76.06662,4,2024,21.7,32.3,0.8,8.3,9.9,Maturity,P3501,98,0,180,Low
Mandya,Pandavapura,Pandavapura_Village_5,12.45024,77.01998,5,2025,31.3,86.0,56.1,55.9,5.0,Whorl,Pioneer 3396,38,14,4,High
Haveri,Hirekerur,Hirekerur_Village_2,14.85101,75.30083,7,2025,29.6,64.7,10.3,38.4,9.9,Tasseling,Kaveri KMH-25K61,43,4,38,Medium
Shivamogga,Sagar,Sagar_Village_3,13.97879,75.33298,3,2024,24.9,49.7,62.1,40.4,12.0,Tasseling,DHM117 (Local Hybrid),55,5,11,Medium
Haveri,Haveri,Haveri_Village_2,14.54507,75.54029,1,2024,30.9,90.4,62.9,64.1,4.2,Whorl,DHM117 (Local Hybrid),20,20,10,High
Raichur,Manvi,Manvi_Village_6,16.34787,77.51925,7,2025,27.3,77.1,8.3,44.4,7.6,Whorl,DHM117 (Local Hybrid),35,3,30,Medium
Mysuru,K.R. Nagar,K.R. Nagar_Village_1,12.52693,76.51334,6,2023,18.6,35.2,1.9,14.8,5.9,Silking,Rasi RCH-2,70,1,180,Low
Chikkaballapur,Sidlaghatta,Sidlaghatta_Village_2,13.3638,77.56472,8,2025,23.0,67.0,12.7,40.1,7.6,Whorl,Pioneer 3396,24,4,6,Medium
Mandya,Maddur,Maddur_Village_2,12.52307,76.92504,3,2024,30.5,92.0,58.4,60.2,6.1,Whorl,Rasi RCH-2,38,13,5,High
Mysuru,K.R. Nagar,K.R. Nagar_Village_9,12.41958,76.65078,8,2024,19.9,27.0,0.5,16.5,6.4,Maturity,Local Desi Maize,98,0,37,Low
Koppal,Gangavathi,Gangavathi_Village_6,15.27263,76.34525,12,2023,22.1,25.7,0.9,9.1,13.2,Tasseling,Kaveri KMH-25K61,46,2,60,Low
Chitradurga,Chitradurga,Chitradurga_Village_4,14.35157,76.2041,9,2023,34.5,92.1,78.3,69.6,9.3,Whorl,Local Desi Maize,29,14,4,High
Chikkaballapur,Chintamani,Chintamani_Village_2,13.55194,77.54606,7,2025,21.5,79.1,37.1,45.0,10.7,Whorl,DKC9108,29,4,93,Medium
Chamarajanagar,Gundlupet,Gundlupet_Village_8,11.8085,76.69666,6,2025,27.9,59.3,8.9,27.3,8.5,Whorl,Rasi RCH-2,21,6,17,Medium
Dharwad,Hubballi,Hubballi_Village_9,15.30466,74.86615,5,2023,27.7,93.1,86.3,62.6,9.5,Whorl,Rasi RCH-2,25,9,6,High
Raichur,Raichur,Raichur_Village_6,16.39717,77.40029,9,2025,19.1,38.9,0.4,14.3,14.8,Maturity,NK6240,109,1,2,Low
Chitradurga,Hiriyur,Hiriyur_Village_5,14.41044,76.50016,3,2024,22.8,69.8,11.8,41.3,7.3,Vegetative,DHM117 (Local Hybrid),14,3,11,Medium
Raichur,Devadurga,Devadurga_Village_1,16.14944,77.50217,1,2025,23.9,15.0,0.5,6.6,6.6,Silking,30V92,58,0,45,Low
Mandya,Nagamangala,Nagamangala_Village_1,12.75318,77.11685,8,2025,30.6,93.7,43.0,57.3,12.5,Silking,Bio9637,66,12,5,High
Chitradurga,Molakalmuru,Molakalmuru_Village_9,14.07728,76.50052,9,2024,22.7,54.4,31.6,31.5,12.9,Whorl,Bio9637,27,6,14,Medium
Raichur,Manvi,Manvi_Village_4,16.30174,77.54832,8,2024,20.3,41.0,1.0,16.3,1.2,Maturity,Pioneer 3396,89,1,180,Low
Haveri,Ranebennur,Ranebennur_Village_7,14.69661,75.24276,1,2025,25.4,72.2,6.5,43.1,13.8,Vegetative,P3501,23,3,40,Medium
Chamarajanagar,Gundlupet,Gundlupet_Village_1,12.1014,76.96116,2,2023,30.8,85.5,50.1,53.7,12.5,Whorl,Rasi RCH-2,27,12,5,High
Dharwad,Dharwad,Dharwad_Village_3,15.6486,74.79164,7,2023,25.0,72.8,2.5,45.0,11.7,Whorl,Pioneer 3396,38,4,26,Medium
Haveri,Byadagi,Byadagi_Village_1,14.67859,75.57715,1,2025,24.0,36.7,0.3,26.1,13.1,Maturity,Rasi RCH-2,86,0,121,Low
Hassan,Hassan,Hassan_Village_4,12.77748,76.01744,5,2024,34.2,72.5,51.4,45.8,9.6,Tasseling,DKC9108,54,11,0,High
Gadag,Gadag,Gadag_Village_7,15.41446,75.77204,4,2025,24.2,63.1,1.6,39.6,15.1,Maturity,P3501,97,5,10,Medium
Mysuru,Piriyapatna,Piriyapatna_Village_9,12.29672,76.45518,1,2025,28.8,83.7,41.4,51.4,7.8,Whorl,DHM117 (Local Hybrid),23,14,1,High
Haveri,Savanur,Savanur_Village_1,15.00261,75.54407,12,2025,18.5,33.1,1.8,17.7,4.9,Maturity,Local Desi Maize,75,1,180,Low
Gadag,Ron,Ron_Village_7,15.52003,75.69861,9,2023,28.1,65.6,11.6,37.4,5.0,Vegetative,Local Desi Maize,18,3,53,Medium
Belagavi,Belagavi,Belagavi_Village_8,15.87575,74.66058,8,2025,26.3,64.8,10.6,37.7,7.8,Silking,DHM117 (Local Hybrid),63,5,7,Medium
Mysuru,Hunsur,Hunsur_Village_1,12.20214,76.68016,5,2024,27.1,73.7,18.7,47.5,3.5,Vegetative,Rasi RCH-2,22,6,20,Medium
Gadag,Shirahatti,Shirahatti_Village_6,15.61265,75.68836,9,2023,27.3,44.4,3.5,23.3,0.3,Whorl,Kaveri KMH-25K61,30,5,49,Medium
Koppal,Gangavathi,Gangavathi_Village_3,15.28047,75.96875,11,2024,25.8,72.2,6.1,42.4,1.6,Whorl,Kaveri KMH-25K61,38,9,6,Medium
Belagavi,Saundatti,Saundatti_Village_3,15.72446,74.54047,12,2024,25.4,21.6,0.2,11.5,7.7,Silking,P3501,67,1,128,Low
Belagavi,Belagavi,Belagavi_Village_6,16.07701,74.40293,10,2023,30.5,55.5,28.4,34.7,9.9,Whorl,Pioneer 3396,38,2,3,Medium
Dharwad,Navalgund,Navalgund_Village_7,15.53345,75.07838,7,2023,18.9,43.0,0.9,27.9,14.2,Maturity,Rasi RCH-2,75,0,76,Low
Mandya,Pandavapura,Pandavapura_Village_7,12.7594,77.07516,1,2023,31.4,80.8,78.1,50.6,2.0,Whorl,Local Desi Maize,38,14,5,High
Davanagere,Davanagere,Davanagere_Village_6,14.5521,76.03854,10,2024,27.9,63.8,31.3,31.6,15.6,Silking,DKC9108,66,5,14,Medium
Chitradurga,Molakalmuru,Molakalmuru_Village_4,14.12739,76.26953,2,2024,24.9,53.3,1.5,29.7,16.3,Whorl,Bio9637,27,4,21,Medium
Mysuru,K.R. Nagar,K.R. Nagar_Village_1,12.31695,76.81648,12,2023,19.8,55.6,0.3,26.1,12.0,Maturity,DHM117 (Local Hybrid),86,1,73,Low
Chitradurga,Chitradurga,Chitradurga_Village_9,13.98259,76.2314,10,2023,27.6,58.6,23.1,41.0,11.7,Whorl,P3501,22,6,80,Medium
Mandya,Maddur,Maddur_Village_4,12.45108,76.78885,12,2024,22.8,57.7,2.5,30.7,19.7,Whorl,DHM117 (Local Hybrid),29,7,9,Medium
Belagavi,Gokak,Gokak_Village_8,16.07848,74.55637,11,2023,28.9,90.6,44.7,62.1,4.7,Whorl,Kaveri KMH-25K61,26,12,3,High
Haveri,Shiggaon,Shiggaon_Village_4,14.71576,75.37062,12,2025,19.0,34.5,2.0,21.9,7.3,Silking,Pioneer 3396,63,3,30,Low
Dharwad,Kalghatgi,Kalghatgi_Village_8,15.59375,74.82011,7,2023,32.9,85.9,62.5,50.4,5.8,Whorl,P3501,31,10,3,High
Belagavi,Belagavi,Belagavi_Village_8,15.65939,74.55064,2,2025,25.1,65.2,9.0,33.6,13.2,Vegetative,DKC9108,14,6,48,Medium
Belagavi,Saundatti,Saundatti_Village_6,15.84424,74.52866,12,2025,27.4,83.3,6.3,52.3,10.5,Whorl,DHM117 (Local Hybrid),35,13,0,High
Dharwad,Navalgund,Navalgund_Village_5,15.21705,74.98316,3,2023,28.6,52.6,6.4,28.4,10.9,Silking,Kaveri KMH-25K61,56,4,14,Medium
Mandya,Pandavapura,Pandavapura_Village_2,12.4822,76.76919,2,2023,17.2,31.8,0.5,12.0,10.1,Vegetative,Pioneer 3396,10,0,154,Low
Chikkaballapur,Gudibande,Gudibande_Village_2,13.26642,77.75499,2,2025,21.6,71.4,30.9,42.5,15.0,Tasseling,Pioneer 3396,40,3,100,Medium
Mysuru,K.R. Nagar,K.R. Nagar_Village_3,12.10128,76.66888,5,2023,16.0,50.3,0.0,25.9,15.4,Whorl,Pioneer 3396,28,0,49,Low
Mysuru,Piriyapatna,Piriyapatna_Village_3,12.44731,76.75791,6,2025,28.3,44.9,11.6,24.4,8.9,Tasseling,Local Desi Maize,48,7,36,Medium
Raichur,Manvi,Manvi_Village_7,16.06481,77.3431,4,2024,34.4,94.5,68.6,66.6,16.9,Vegetative,DKC9108,13,13,1,High
Haveri,Shiggaon,Shiggaon_Village_8,14.99364,75.16646,8,2024,23.8,55.6,22.5,35.4,5.5,Tasseling,Kaveri KMH-25K61,47,6,0,Medium
Belagavi,Athani,Athani_Village_6,15.88134,74.56471,5,2025,29.8,77.0,32.1,45.2,9.3,Whorl,P3501,32,14,8,High
Mandya,Malavalli,Malavalli_Village_4,12.73483,76.69896,5,2023,31.7,84.0,64.4,61.4,5.6,Whorl,DKC9108,25,14,2,High
Koppal,Koppal,Koppal_Village_2,15.32136,76.27544,7,2025,23.2,27.9,0.5,13.8,13.5,Maturity,Local Desi Maize,96,2,8,Low
Koppal,Gangavathi,Gangavathi_Village_5,15.52583,76.30484,5,2023,34.5,83.9,19.7,46.8,10.9,Vegetative,DHM117 (Local Hybrid),11,9,1,High
Gadag,Shirahatti,Shirahatti_Village_2,15.44633,75.38509,8,2024,36.7,90.9,89.3,67.1,11.4,Vegetative,Local Desi Maize,13,13,3,High
Dharwad,Navalgund,Navalgund_Village_7,15.54567,75.21168,4,2023,25.1,42.9,9.3,23.6,10.8,Vegetative,DKC9108,16,3,64,Medium
Ballari,Ballari,Ballari_Village_4,15.34581,77.11102,4,2025,29.4,49.6,14.6,23.9,11.6,Whorl,NK6240,22,6,55,Medium
Haveri,Ranebennur,Ranebennur_Village_9,14.95271,75.39924,9,2025,21.1,22.8,0.4,13.8,6.4,Silking,Pioneer 3396,60,2,2,Low
Ballari,Siruguppa,Siruguppa_Village_8,15.38328,76.78973,12,2024,33.4,85.6,44.6,53.1,7.4,Whorl,DKC9108,21,15,6,High
Gadag,Ron,Ron_Village_6,15.24381,75.45722,3,2023,21.5,52.0,1.1,41.4,8.2,Silking,Bio9637,62,0,74,Low
Hassan,Arsikere,Arsikere_Village_1,13.23243,76.12102,4,2025,27.1,67.1,18.6,37.3,13.8,Tasseling,P3501,54,6,0,Medium
Raichur,Manvi,Manvi_Village_8,16.08726,77.56877,3,2023,28.8,32.8,22.6,18.5,14.3,Vegetative,Bio9637,14,4,24,Medium
Belagavi,Athani,Athani_Village_1,15.81057,74.26684,7,2024,23.7,59.2,27.5,49.3,10.5,Whorl,Bio9637,32,5,9,Medium
Mandya,Mandya,Mandya_Village_1,12.44475,76.94918,7,2024,28.9,58.4,5.5,36.4,2.9,Tasseling,30V92,53,2,48,Medium
Mysuru,Piriyapatna,Piriyapatna_Village_1,12.414,76.68283,7,2023,27.8,59.0,36.9,45.7,7.8,Silking,30V92,62,4,18,Medium
Chitradurga,Holalkere,Holalkere_Village_4,14.0565,76.52374,2,2025,30.1,87.1,17.3,46.5,8.0,Whorl,Rasi RCH-2,29,23,4,High
Chikkaballapur,Sidlaghatta,Sidlaghatta_Village_6,13.65151,77.93667,3,2023,20.2,52.2,0.6,15.5,12.6,Maturity,DHM117 (Local Hybrid),96,3,12,Low
Koppal,Yelburga,Yelburga_Village_4,15.30077,76.12686,10,2023,23.9,57.7,7.2,37.9,10.3,Whorl,Rasi RCH-2,24,3,55,Medium
Shivamogga,Shivamogga,Shivamogga_Village_7,13.6974,75.57998,2,2024,26.2,58.4,33.0,39.6,6.0,Tasseling,P3501,51,5,92,Medium
Davanagere,Davanagere,Davanagere_Village_8,14.65677,75.74868,2,2025,31.8,80.7,38.3,53.1,2.0,Whorl,P3501,40,15,5,High
Davanagere,Davanagere,Davanagere_Village_9,14.27467,75.88371,10,2024,33.6,82.3,33.9,38.5,4.8,Whorl,DHM117 (Local Hybrid),27,17,5,High
Hassan,Holenarasipura,Holenarasipura_Village_1,12.85359,76.09819,5,2025,32.1,88.4,44.7,54.4,5.4,Silking,Rasi RCH-2,60,12,1,High
Gadag,Gadag,Gadag_Village_8,15.39052,75.73875,6,2025,20.7,31.6,4.1,14.6,9.2,Vegetative,Rasi RCH-2,18,0,35,Low
Mandya,Mandya,Mandya_Village_9,12.4017,76.94824,6,2024,24.2,55.3,18.4,32.1,2.8,Whorl,DKC9108,28,9,34,Medium
Belagavi,Ramdurg,Ramdurg_Village_8,15.92506,74.7294,7,2023,19.4,25.0,1.9,17.8,10.8,Tasseling,Bio9637,49,2,22,Low
Dharwad,Dharwad,Dharwad_Village_6,15.55046,74.99273,1,2025,27.7,54.9,36.1,42.1,12.6,Vegetative,Kaveri KMH-25K61,23,9,32,Medium
Haveri,Haveri,Haveri_Village_2,14.90438,75.6043,7,2023,28.1,43.1,6.7,30.5,3.1,Whorl,Bio9637,38,2,35,Medium
Haveri,Hirekerur,Hirekerur_Village_6,14.5458,75.27208,10,2024,34.3,89.5,31.6,54.6,0.9,Whorl,NK6240,30,15,0,High
Dharwad,Navalgund,Navalgund_Village_6,15.41069,75.09784,11,2025,28.2,74.7,10.4,46.6,5.0,Tasseling,Kaveri KMH-25K61,55,4,4,Medium
Raichur,Lingsugur,Lingsugur_Village_3,16.41796,77.42819,5,2024,18.7,28.6,0.4,11.8,14.0,Maturity,Rasi RCH-2,88,1,16,Low
Dharwad,Dharwad,Dharwad_Village_6,15.4797,75.15088,12,2025,29.0,48.9,5.4,25.9,13.7,Whorl,Pioneer 3396,24,1,73,Medium
Chamarajanagar,Kollegal,Kollegal_Village_1,11.94647,76.94702,8,2025,28.7,61.9,3.5,29.7,5.5,Whorl,Bio9637,24,2,0,Medium
Gadag,Gadag,Gadag_Village_8,15.29945,75.50802,3,2023,30.5,82.8,32.3,50.5,3.9,Vegetative,Kaveri KMH-25K61,16,10,2,High
Tumakuru,Madhugiri,Madhugiri_Village_3,13.1213,77.19786,2,2023,26.6,57.1,21.3,32.1,14.8,Tasseling,Bio9637,43,3,5,Medium
Davanagere,Davanagere,Davanagere_Village_4,14.57488,75.72626,12,2024,27.3,49.0,10.5,28.7,6.5,Silking,Pioneer 3396,65,4,20,Medium
Dharwad,Navalgund,Navalgund_Village_3,15.61041,74.85146,2,2025,20.4,39.1,2.5,25.2,11.9,Vegetative,Kaveri KMH-25K61,19,0,6,Low
Shivamogga,Sagar,Sagar_Village_4,14.17732,75.36231,5,2025,19.2,34.8,5.3,16.4,5.5,Maturity,Kaveri KMH-25K61,97,1,19,Low
Mysuru,Mysuru,Mysuru_Village_6,12.32644,76.6128,2,2024,19.3,34.1,8.1,25.0,17.0,Maturity,DHM117 (Local Hybrid),107,1,51,Low
Tumakuru,Tumakuru,Tumakuru_Village_6,13.33129,76.96682,4,2023,25.4,55.9,0.0,28.9,8.3,Maturity,DHM117 (Local Hybrid),101,1,27,Low
Shivamogga,Shikaripura,Shikaripura_Village_6,14.07468,75.78545,12,2024,30.4,54.6,6.0,35.5,11.2,Vegetative,Rasi RCH-2,25,5,89,Medium
Chamarajanagar,Yelandur,Yelandur_Village_5,11.72084,76.75987,1,2023,26.6,43.2,7.0,21.4,9.0,Whorl,P3501,25,2,35,Medium
Davanagere,Davanagere,Davanagere_Village_8,14.21525,76.08054,11,2025,31.1,89.4,40.1,54.6,6.3,Whorl,Rasi RCH-2,37,20,1,High
Davanagere,Nyamathi,Nyamathi_Village_8,14.64765,76.07797,8,2023,25.0,49.0,2.2,30.6,6.9,Whorl,DHM117 (Local Hybrid),40,5,58,Medium
Mandya,Malavalli,Malavalli_Village_1,12.36913,76.86808,11,2024,22.6,37.8,0.1,20.0,8.0,Maturity,Kaveri KMH-25K61,100,0,111,Low
Raichur,Lingsugur,Lingsugur_Village_5,16.36156,77.53987,10,2025,29.5,92.0,25.6,57.9,3.7,Whorl,Bio9637,28,9,3,High
Ballari,Sandur,Sandur_Village_2,14.93251,76.93653,5,2024,28.3,50.2,20.0,18.6,5.8,Tasseling,Kaveri KMH-25K61,44,8,11,Medium
Davanagere,Channagiri,Channagiri_Village_7,14.28568,75.73858,8,2024,20.8,32.0,2.4,15.9,11.9,Maturity,Pioneer 3396,76,2,108,Low
Tumakuru,Pavagada,Pavagada_Village_5,13.34272,77.32568,11,2025,32.0,93.1,52.5,53.7,6.3,Whorl,NK6240,35,13,4,High
Belagavi,Chikkodi,Chikkodi_Village_3,15.99852,74.49176,5,2024,23.5,40.0,6.3,25.4,11.6,Silking,NK6240,69,0,31,Low
Belagavi,Chikkodi,Chikkodi_Village_8,15.78795,74.53587,5,2024,25.9,39.8,24.7,27.0,11.5,Whorl,Kaveri KMH-25K61,37,3,3,Medium
Koppal,Koppal,Koppal_Village_1,15.1283,76.20248,1,2025,33.0,85.2,42.6,60.3,7.9,Whorl,NK6240,26,12,9,High
Koppal,Yelburga,Yelburga_Village_7,15.5935,76.13178,9,2025,28.7,40.7,15.1,18.6,11.1,Vegetative,DHM117 (Local Hybrid),19,1,12,Medium
Chikkaballapur,Sidlaghatta,Sidlaghatta_Village_4,13.43155,77.95481,12,2025,19.6,38.7,0.2,17.6,10.4,Maturity,DHM117 (Local Hybrid),91,0,180,Low
Belagavi,Chikkodi,Chikkodi_Village_5,15.62779,74.52749,11,2023,28.3,55.8,20.7,29.4,9.3,Vegetative,Pioneer 3396,20,5,31,Medium
Haveri,Byadagi,Byadagi_Village_3,14.60736,75.61468,4,2023,28.8,75.2,8.7,42.8,0.0,Vegetative,P3501,23,5,15,Medium
Raichur,Devadurga,Devadurga_Village_8,16.17739,77.20254,11,2023,30.8,78.2,48.1,52.0,4.4,Whorl,Local Desi Maize,36,15,11,High
Ballari,Hospet,Hospet_Village_5,15.09661,77.16149,2,2024,28.0,66.4,35.4,35.2,10.7,Silking,P3501,62,5,16,Medium
Gadag,Ron,Ron_Village_2,15.204,75.39454,4,2023,27.3,49.0,33.2,33.0,7.8,Whorl,Rasi RCH-2,30,3,3,Medium
Raichur,Devadurga,Devadurga_Village_6,16.3354,77.51004,1,2023,26.9,66.1,12.3,39.3,1.4,Vegetative,Local Desi Maize,12,5,11,Medium
Dharwad,Kalghatgi,Kalghatgi_Village_7,15.27448,74.82173,8,2025,19.9,42.5,4.8,21.4,13.5,Tasseling,Rasi RCH-2,50,1,33,Low
Shivamogga,Shikaripura,Shikaripura_Village_2,13.80325,75.48243,9,2025,22.5,30.6,0.6,15.2,2.6,Tasseling,Kaveri KMH-25K61,46,2,180,Low
Chitradurga,Challakere,Challakere_Village_4,14.35175,76.25622,12,2023,28.7,94.0,37.9,58.5,2.7,Whorl,Pioneer 3396,36,7,18,High
Raichur,Devadurga,Devadurga_Village_1,16.24798,77.31257,3,2023,24.7,48.0,5.1,29.9,9.5,Tasseling,Bio9637,47,0,50,Low
Davanagere,Jagalur,Jagalur_Village_6,14.59491,76.08575,1,2023,30.0,94.8,83.1,59.2,11.0,Silking,Kaveri KMH-25K61,60,9,1,High
Belagavi,Ramdurg,Ramdurg_Village_4,16.011,74.57521,11,2023,30.1,70.3,4.6,37.3,2.7,Maturity,Rasi RCH-2,95,9,44,Medium
Hassan,Arsikere,Arsikere_Village_1,13.06201,75.86168,8,2024,31.4,94.4,47.5,59.9,4.2,Whorl,DKC9108,34,14,3,High
Tumakuru,Tiptur,Tiptur_Village_4,13.51613,77.01574,10,2024,22.8,68.5,17.9,37.8,9.5,Silking,DKC9108,59,7,56,Medium
Ballari,Kudligi,Kudligi_Village_8,15.0131,77.12685,2,2025,32.6,81.6,59.9,51.5,8.4,Vegetative,P3501,12,13,11,High
Hassan,Belur,Belur_Village_2,12.81496,76.04939,4,2024,31.5,86.3,29.8,57.6,4.2,Whorl,Local Desi Maize,31,8,3,High
Chitradurga,Molakalmuru,Molakalmuru_Village_1,14.42206,76.31434,6,2024,21.6,28.9,0.6,5.0,6.2,Silking,P3501,57,1,22,Low
Hassan,Hassan,Hassan_Village_9,12.95609,75.86696,5,2024,23.7,18.6,7.6,7.0,4.7,Maturity,Pioneer 3396,76,1,34,Low
Ballari,Kudligi,Kudligi_Village_9,15.29781,76.97511,1,2024,21.4,15.0,0.0,5.0,13.9,Tasseling,P3501,45,3,38,Low
Tumakuru,Pavagada,Pavagada_Village_2,13.28664,77.34923,7,2023,18.9,36.8,0.0,26.8,2.9,Maturity,DKC9108,98,1,43,Low
Haveri,Hirekerur,Hirekerur_Village_9,14.80256,75.29638,12,2025,29.0,88.4,50.5,46.1,7.4,Vegetative,Kaveri KMH-25K61,10,12,0,High
Hassan,Belur,Belur_Village_9,13.1894,76.3,11,2023,32.8,40.7,32.0,30.8,12.3,Silking,Rasi RCH-2,61,2,63,Medium
Belagavi,Athani,Athani_Village_3,16.01713,74.39271,1,2024,21.7,44.8,0.0,25.2,6.7,Maturity,P3501,80,2,77,Low
Chikkaballapur,Chikkaballapur,Chikkaballapur_Village_5,13.48885,77.91494,11,2025,31.7,91.9,32.3,55.2,6.2,Vegetative,Pioneer 3396,11,18,4,High
Koppal,Gangavathi,Gangavathi_Village_9,15.3363,76.28745,7,2024,34.5,91.0,11.8,52.3,12.8,Whorl,30V92,34,10,18,High
Chikkaballapur,Sidlaghatta,Sidlaghatta_Village_8,13.54218,77.88217,2,2023,26.3,44.9,3.3,29.7,10.5,Tasseling,P3501,54,7,8,Medium
Haveri,Hirekerur,Hirekerur_Village_4,14.99258,75.44992,8,2023,24.7,70.8,10.1,35.9,13.7,Tasseling,DKC9108,47,6,1,Medium
Shivamogga,Sagar,Sagar_Village_8,13.82188,75.75674,5,2023,27.7,60.8,24.9,42.1,11.5,Whorl,30V92,30,4,102,Medium
Shivamogga,Bhadravati,Bhadravati_Village_8,14.13579,75.70831,4,2023,26.6,56.5,31.2,30.3,5.5,Tasseling,30V92,55,6,10,Medium
Shivamogga,Soraba,Soraba_Village_5,14.15114,75.70168,11,2023,26.1,65.7,9.6,31.2,8.3,Tasseling,Pioneer 3396,52,4,15,Medium
Dharwad,Kalghatgi,Kalghatgi_Village_6,15.33792,74.97267,12,2024,23.3,35.4,1.5,14.2,10.9,Maturity,Local Desi Maize,86,1,59,Low
Mandya,Pandavapura,Pandavapura_Village_8,12.29947,76.85404,3,2025,15.5,32.1,0.0,21.5,11.4,Maturity,P3501,75,2,12,Low
Hassan,Hassan,Hassan_Village_2,13.09806,76.16876,3,2025,31.6,65.5,7.1,31.7,7.7,Tasseling,NK6240,53,5,0,Medium
Ballari,Hospet,Hospet_Village_8,15.1397,76.8838,1,2025,29.0,82.5,28.4,50.6,6.7,Vegetative,NK6240,25,13,2,High
Gadag,Ron,Ron_Village_3,15.53736,75.66153,5,2023,16.0,35.5,0.1,18.8,9.8,Silking,Bio9637,66,2,29,Low
Gadag,Gadag,Gadag_Village_2,15.58788,75.63344,12,2023,29.9,96.0,47.3,56.1,0.0,Whorl,DKC9108,22,17,0,High
Chikkaballapur,Sidlaghatta,Sidlaghatta_Village_2,13.53948,77.55778,7,2023,28.6,32.8,2.8,19.2,5.4,Vegetative,P3501,24,7,4,Medium
Mandya,Mandya,Mandya_Village_4,12.34791,76.65925,9,2023,24.1,62.1,19.2,39.5,10.7,Whorl,30V92,25,5,12,Medium
Dharwad,Kalghatgi,Kalghatgi_Village_4,15.2261,75.01859,2,2023,28.8,65.4,17.7,34.5,13.9,Silking,P3501,62,5,4,Medium
Tumakuru,Tumakuru,Tumakuru_Village_1,13.58259,77.30727,10,2025,17.5,30.4,6.8,18.9,10.1,Maturity,Local Desi Maize,86,3,31,Low
Chitradurga,Chitradurga,Chitradurga_Village_9,14.39779,76.48627,12,2025,28.7,67.4,7.4,37.9,13.4,Tasseling,DKC9108,49,2,21,Medium
Koppal,Kushtagi,Kushtagi_Village_1,15.55433,75.96455,8,2023,18.8,30.4,2.7,13.3,9.4,Maturity,Rasi RCH-2,101,2,22,Low
Dharwad,Kundgol,Kundgol_Village_6,15.59976,75.1884,6,2023,22.7,55.7,9.7,33.4,13.6,Silking,DKC9108,65,1,4,Medium
Tumakuru,Madhugiri,Madhugiri_Village_6,13.30307,77.1877,2,2025,32.8,83.6,33.0,53.4,15.5,Whorl,NK6240,40,14,3,High
Chikkaballapur,Sidlaghatta,Sidlaghatta_Village_5,13.52965,77.61543,4,2023,27.9,84.8,73.0,51.7,6.4,Whorl,P3501,34,11,6,High
Belagavi,Saundatti,Saundatti_Village_5,15.7321,74.36245,2,2023,20.7,37.8,5.7,13.7,12.8,Maturity,30V92,86,1,180,Low
Mysuru,Nanjangud,Nanjangud_Village_9,12.45184,76.46758,12,2023,29.0,65.0,12.3,39.6,4.4,Silking,P3501,67,3,35,Medium
Mysuru,Nanjangud,Nanjangud_Village_1,12.29272,76.42546,11,2024,28.0,49.4,29.8,32.2,9.4,Silking,NK6240,65,5,13,Medium
Hassan,Hassan,Hassan_Village_7,13.11937,76.1428,8,2024,32.6,91.9,78.7,55.3,4.8,Whorl,Bio9637,30,10,3,High
Davanagere,Harihara,Harihara_Village_6,14.57391,75.96192,9,2023,31.4,89.0,35.5,49.0,9.0,Whorl,Kaveri KMH-25K61,27,15,7,High
Chamarajanagar,Kollegal,Kollegal_Village_6,11.94747,77.11045,9,2023,22.6,34.6,0.3,19.9,4.9,Vegetative,P3501,16,0,106,Low
Tumakuru,Tumakuru,Tumakuru_Village_5,13.58203,77.1973,5,2025,30.2,82.9,31.2,46.1,9.9,Whorl,P3501,25,21,3,High
Tumakuru,Madhugiri,Madhugiri_Village_8,13.42038,77.27122,11,2024,32.4,78.1,49.0,58.9,6.0,Whorl,Bio9637,30,10,14,High
Mysuru,Piriyapatna,Piriyapatna_Village_9,12.46838,76.48858,3,2024,32.0,90.2,65.8,66.7,3.4,Whorl,Rasi RCH-2,26,11,35,High
Dharwad,Dharwad,Dharwad_Village_6,15.37263,75.07538,2,2025,29.7,66.0,12.5,41.5,10.6,Tasseling,Bio9637,45,5,17,Medium
Ballari,Ballari,Ballari_Village_5,15.31395,76.84474,6,2024,28.1,72.1,13.1,44.0,0.0,Whorl,Kaveri KMH-25K61,30,8,16,Medium
Chamarajanagar,Kollegal,Kollegal_Village_9,12.15715,76.87218,8,2023,30.4,91.7,30.4,44.6,19.5,Whorl,Pioneer 3396,35,17,11,High
Dharwad,Navalgund,Navalgund_Village_3,15.23202,74.77859,11,2024,33.6,76.1,58.8,48.3,13.1,Whorl,Bio9637,33,14,5,High
Gadag,Gadag,Gadag_Village_8,15.48063,75.54852,11,2023,32.1,81.9,66.5,45.5,5.2,Whorl,Local Desi Maize,32,12,0,High
Belagavi,Athani,Athani_Village_2,16.09471,74.27951,10,2025,20.4,30.6,3.5,22.5,9.3,Tasseling,Pioneer 3396,48,1,58,Low
Chamarajanagar,Gundlupet,Gundlupet_Village_1,11.9742,77.02129,4,2023,26.9,57.1,35.3,39.4,10.3,Whorl,DKC9108,22,6,11,Medium
Dharwad,Kundgol,Kundgol_Village_7,15.53484,74.81325,8,2023,17.3,23.9,3.1,8.1,11.6,Tasseling,Local Desi Maize,53,1,126,Low
Hassan,Arsikere,Arsikere_Village_2,12.85161,76.22247,5,2024,24.0,63.8,7.5,38.0,6.1,Whorl,Rasi RCH-2,40,7,40,Medium
Hassan,Arsikere,Arsikere_Village_8,13.06075,76.15857,10,2024,22.1,45.6,11.4,30.7,5.0,Whorl,Rasi RCH-2,22,7,3,Medium
Chikkaballapur,Chikkaballapur,Chikkaballapur_Village_6,13.58561,77.7284,12,2025,26.3,60.7,13.1,24.6,10.2,Tasseling,Pioneer 3396,46,12,27,Medium
Belagavi,Belagavi,Belagavi_Village_3,15.75373,74.34693,12,2023,24.4,19.4,0.1,11.4,8.7,Maturity,Rasi RCH-2,107,1,169,Low
Chikkaballapur,Chikkaballapur,Chikkaballapur_Village_4,13.31216,77.95306,8,2024,20.9,28.5,1.5,20.5,13.6,Silking,NK6240,69,1,15,Low
Dharwad,Hubballi,Hubballi_Village_7,15.2104,74.89778,3,2025,29.1,56.0,8.7,33.3,17.3,Silking,Bio9637,56,4,33,Medium
Davanagere,Jagalur,Jagalur_Village_5,14.46008,76.0712,9,2023,15.1,29.6,5.4,18.7,8.5,Maturity,DHM117 (Local Hybrid),101,1,19,Low
Mysuru,Mysuru,Mysuru_Village_2,12.3708,76.6589,1,2024,31.2,82.6,30.1,51.6,10.7,Whorl,Rasi RCH-2,22,15,14,High
Shivamogga,Shikaripura,Shikaripura_Village_2,14.09985,75.38693,3,2024,21.2,30.1,0.3,21.2,6.3,Silking,P3501,57,0,118,Low
Belagavi,Chikkodi,Chikkodi_Village_3,15.96493,74.59718,4,2023,25.4,22.5,0.1,16.7,0.0,Maturity,30V92,98,2,165,Low
Hassan,Arsikere,Arsikere_Village_5,12.81037,75.98599,9,2025,18.4,44.7,0.2,32.5,21.2,Tasseling,P3501,44,1,143,Low
Chamarajanagar,Yelandur,Yelandur_Village_5,11.75626,76.72985,10,2024,26.9,66.1,21.0,42.7,2.0,Whorl,P3501,36,6,3,Medium
Mysuru,Nanjangud,Nanjangud_Village_9,12.43187,76.79968,8,2023,25.8,64.0,29.4,36.8,9.0,Tasseling,Local Desi Maize,54,5,0,Medium
Dharwad,Kundgol,Kundgol_Village_4,15.29927,75.10794,12,2023,23.3,40.4,0.5,14.0,11.5,Maturity,Rasi RCH-2,91,0,66,Low
Mysuru,Mysuru,Mysuru_Village_9,12.10055,76.87749,2,2023,24.1,27.4,0.1,22.0,9.7,Silking,Local Desi Maize,55,2,14,Low
Belagavi,Ramdurg,Ramdurg_Village_2,15.99443,74.65747,1,2025,24.2,57.1,18.4,43.1,1.8,Tasseling,NK6240,43,6,29,Medium
Dharwad,Navalgund,Navalgund_Village_5,15.34902,74.94251,1,2025,21.2,28.8,0.0,17.2,8.5,Maturity,Rasi RCH-2,103,0,32,Low
Chikkaballapur,Gudibande,Gudibande_Village_1,13.40081,77.50344,3,2024,26.9,61.0,6.6,39.1,10.5,Silking,Kaveri KMH-25K61,60,6,4,Medium
Mysuru,Nanjangud,Nanjangud_Village_4,12.44692,76.58101,4,2023,22.5,69.6,5.6,38.0,9.5,Silking,P3501,55,8,13,Medium
Raichur,Manvi,Manvi_Village_4,16.21573,77.49594,11,2023,21.6,64.9,5.0,35.3,8.1,Vegetative,NK6240,11,4,5,Medium
Chikkaballapur,Sidlaghatta,Sidlaghatta_Village_2,13.37664,77.95327,10,2025,27.7,53.8,16.4,29.9,12.4,Silking,Rasi RCH-2,59,6,4,Medium
Belagavi,Athani,Athani_Village_5,15.74927,74.49016,4,2023,14.8,36.2,1.3,20.6,12.2,Tasseling,Kaveri KMH-25K61,52,0,27,Low
Mandya,Maddur,Maddur_Village_6,12.72636,76.76746,11,2023,31.3,93.2,60.5,60.2,11.3,Whorl,P3501,34,10,9,High
Chitradurga,Molakalmuru,Molakalmuru_Village_1,14.24872,76.41254,7,2024,17.9,24.1,0.1,13.5,7.2,Silking,Pioneer 3396,61,1,5,Low
Chitradurga,Challakere,Challakere_Village_4,14.08921,76.17645,6,2024,24.9,61.6,20.8,34.7,6.6,Silking,Kaveri KMH-25K61,64,5,61,Medium
Haveri,Haveri,Haveri_Village_7,14.94363,75.26208,9,2024,29.3,83.5,52.6,53.6,14.4,Vegetative,P3501,21,11,1,High
Tumakuru,Pavagada,Pavagada_Village_1,13.29063,77.24186,11,2025,19.7,17.2,0.5,11.7,14.1,Silking,NK6240,61,0,128,Low
Davanagere,Harihara,Harihara_Village_5,14.53041,75.68327,9,2025,34.5,90.7,44.2,57.6,10.8,Vegetative,NK6240,18,9,5,High
Mandya,Mandya,Mandya_Village_1,12.50742,76.96851,12,2024,24.7,50.3,35.8,29.2,9.7,Vegetative,DHM117 (Local Hybrid),21,4,10,Medium
Shivamogga,Shivamogga,Shivamogga_Village_9,14.06781,75.43947,9,2025,23.7,55.8,50.7,37.6,3.2,Whorl,DKC9108,36,2,33,Medium
Ballari,Hospet,Hospet_Village_7,15.16481,76.84458,4,2023,31.5,98.0,21.2,63.2,9.4,Whorl,Kaveri KMH-25K61,39,11,3,High
Koppal,Koppal,Koppal_Village_3,15.28898,76.28921,8,2023,32.2,81.8,57.4,50.4,8.7,Tasseling,NK6240,46,18,2,High
Chikkaballapur,Chikkaballapur,Chikkaballapur_Village_6,13.21179,77.5665,7,2024,35.4,80.9,18.7,42.1,11.5,Tasseling,Rasi RCH-2,48,9,0,High
Chikkaballapur,Chikkaballapur,Chikkaballapur_Village_6,13.57934,77.70766,6,2023,36.0,93.0,54.7,60.3,14.4,Tasseling,Rasi RCH-2,41,14,1,High
Raichur,Manvi,Manvi_Village_9,16.38203,77.45141,9,2023,33.7,86.6,106.0,59.2,11.5,Maturity,DKC9108,103,9,5,High
Mysuru,K.R. Nagar,K.R. Nagar_Village_3,12.16142,76.79191,1,2024,23.7,36.4,44.2,28.6,2.4,Whorl,30V92,20,2,17,Medium
Davanagere,Channagiri,Channagiri_Village_6,14.48668,76.16752,7,2025,16.7,36.4,5.8,16.4,9.6,Vegetative,Rasi RCH-2,23,1,66,Low
Belagavi,Gokak,Gokak_Village_5,15.72142,74.65217,12,2024,22.4,38.0,5.4,27.9,14.3,Whorl,DKC9108,38,0,5,Low
Gadag,Ron,Ron_Village_1,15.5103,75.71121,2,2025,30.1,82.9,11.6,51.6,12.2,Maturity,Kaveri KMH-25K61,99,4,51,Medium
Dharwad,Kalghatgi,Kalghatgi_Village_4,15.40224,75.10198,3,2023,36.3,87.6,24.0,44.6,10.8,Tasseling,Pioneer 3396,44,16,6,High
Davanagere,Harihara,Harihara_Village_8,14.6659,75.79098,9,2023,25.6,36.8,0.3,25.0,3.1,Maturity,Pioneer 3396,103,1,127,Low
Chitradurga,Holalkere,Holalkere_Village_8,14.10478,76.55084,1,2024,32.7,84.8,24.4,50.6,7.5,Vegetative,P3501,17,12,2,High
Shivamogga,Soraba,Soraba_Village_9,13.87547,75.53204,7,2024,28.4,70.6,12.8,36.7,6.8,Maturity,P3501,88,2,0,Medium
Chitradurga,Chitradurga,Chitradurga_Village_3,14.42312,76.1976,7,2023,29.3,50.4,33.7,30.6,8.6,Vegetative,Bio9637,14,5,57,Medium
Tumakuru,Tumakuru,Tumakuru_Village_9,13.5426,77.35447,1,2023,23.5,66.9,7.4,34.7,8.1,Silking,Kaveri KMH-25K61,57,3,24,Medium
Gadag,Nargund,Nargund_Village_7,15.29478,75.38488,2,2025,19.4,28.3,1.1,19.5,11.4,Silking,Pioneer 3396,69,0,22,Low
Gadag,Gadag,Gadag_Village_3,15.42771,75.8228,12,2024,23.5,27.1,0.7,17.0,12.7,Vegetative,DHM117 (Local Hybrid),15,1,48,Low
Belagavi,Chikkodi,Chikkodi_Village_2,15.68337,74.34964,9,2025,28.6,60.2,4.7,29.0,11.5,Vegetative,Kaveri KMH-25K61,23,5,53,Medium
Ballari,Siruguppa,Siruguppa_Village_7,15.01486,76.88739,2,2025,22.9,39.5,5.9,28.1,0.4,Whorl,P3501,36,4,8,Medium
Mysuru,K.R. Nagar,K.R. Nagar_Village_6,12.07873,76.85699,10,2024,30.6,80.9,48.5,45.3,12.2,Whorl,NK6240,34,9,0,High
Hassan,Arsikere,Arsikere_Village_8,12.97531,75.87017,7,2023,30.1,44.0,5.4,25.1,1.2,Maturity,Bio9637,108,9,14,Medium
Chitradurga,Hiriyur,Hiriyur_Village_8,14.10027,76.35721,6,2025,21.0,29.4,4.8,9.6,16.2,Maturity,P3501,91,1,11,Low
Raichur,Devadurga,Devadurga_Village_6,16.05176,77.2479,1,2023,27.8,70.4,8.1,41.6,3.3,Silking,NK6240,56,7,6,Medium
Chikkaballapur,Gudibande,Gudibande_Village_1,13.19315,77.87429,1,2025,26.5,52.2,36.8,36.1,10.4,Silking,Local Desi Maize,55,4,6,Medium
Mysuru,K.R. Nagar,K.R. Nagar_Village_9,12.47231,76.66008,11,2025,29.3,80.9,40.0,51.9,12.1,Vegetative,P3501,13,16,1,High
Hassan,Holenarasipura,Holenarasipura_Village_3,13.11953,75.88949,12,2023,26.6,48.4,8.3,30.6,11.2,Whorl,Local Desi Maize,23,3,38,Medium
Chitradurga,Hiriyur,Hiriyur_Village_8,14.12011,76.20428,12,2023,24.2,52.0,13.8,22.3,2.8,Tasseling,DHM117 (Local Hybrid),54,4,5,Medium
Chikkaballapur,Chintamani,Chintamani_Village_4,13.67776,77.79618,4,2024,32.0,81.9,30.4,56.8,16.4,Vegetative,Rasi RCH-2,11,20,12,High
Shivamogga,Soraba,Soraba_Village_2,13.95207,75.79705,5,2023,37.9,84.4,80.4,53.7,17.3,Whorl,P3501,32,11,2,High
Chitradurga,Molakalmuru,Molakalmuru_Village_1,14.36948,76.49865,10,2024,19.6,37.0,0.6,15.0,6.5,Tasseling,DKC9108,51,2,3,Low
Gadag,Gadag,Gadag_Village_4,15.4456,75.64052,5,2024,23.1,38.0,4.6,25.5,13.7,Vegetative,P3501,23,0,88,Low
Shivamogga,Soraba,Soraba_Village_7,13.81062,75.70114,5,2023,23.8,59.4,16.9,46.6,10.2,Vegetative,Bio9637,21,5,17,Medium
Shivamogga,Soraba,Soraba_Village_4,13.89199,75.66169,11,2025,31.0,80.3,84.4,54.9,8.5,Whorl,DKC9108,24,17,12,High
Shivamogga,Soraba,Soraba_Village_9,14.06947,75.41895,3,2025,22.2,36.0,0.1,20.4,6.4,Maturity,Bio9637,77,0,13,Low
Haveri,Shiggaon,Shiggaon_Village_2,14.58795,75.34136,12,2025,29.3,54.3,12.9,26.7,12.9,Maturity,30V92,80,4,1,Medium
Tumakuru,Sira,Sira_Village_6,13.13614,77.27389,2,2025,33.9,92.0,59.0,51.8,6.1,Whorl,Bio9637,29,17,21,High
Shivamogga,Shivamogga,Shivamogga_Village_8,13.9106,75.7058,5,2024,32.1,78.5,69.4,43.0,4.8,Silking,DKC9108,69,19,3,High
Gadag,Mundargi,Mundargi_Village_8,15.25171,75.43354,9,2024,33.0,87.1,54.5,53.5,7.6,Whorl,30V92,26,16,5,High
Chitradurga,Hiriyur,Hiriyur_Village_3,14.31315,76.3081,2,2023,21.5,42.1,5.2,29.0,24.5,Silking,Bio9637,67,1,0,Low
Tumakuru,Madhugiri,Madhugiri_Village_6,13.14505,77.31395,8,2023,29.2,63.8,10.8,37.6,13.9,Maturity,30V92,86,3,37,Medium
Belagavi,Gokak,Gokak_Village_4,15.86098,74.64073,1,2025,24.5,47.5,19.6,28.4,4.5,Silking,Local Desi Maize,61,3,25,Medium
Ballari,Hospet,Hospet_Village_9,15.03864,77.09178,1,2023,28.4,75.4,3.2,42.8,2.9,Whorl,Rasi RCH-2,35,5,1,Medium
Gadag,Nargund,Nargund_Village_2,15.66466,75.50247,9,2023,23.5,57.4,48.0,46.8,15.9,Tasseling,Bio9637,45,2,17,Medium
Belagavi,Chikkodi,Chikkodi_Village_6,16.02817,74.65742,9,2025,30.4,84.0,37.2,53.4,4.0,Whorl,DKC9108,21,13,2,High
Koppal,Koppal,Koppal_Village_3,15.32218,76.10778,2,2024,21.1,34.8,0.1,16.1,10.9,Tasseling,Local Desi Maize,40,1,21,Low
Haveri,Haveri,Haveri_Village_6,14.8476,75.15814,2,2023,33.3,81.8,49.4,51.2,1.2,Whorl,Kaveri KMH-25K61,29,12,10,High
Hassan,Belur,Belur_Village_8,12.94226,76.32799,12,2023,29.7,84.8,96.0,55.3,7.3,Tasseling,DHM117 (Local Hybrid),41,18,9,High
Hassan,Arsikere,Arsikere_Village_4,13.01207,76.22668,9,2024,24.1,69.7,21.8,27.7,8.3,Tasseling,NK6240,41,4,3,Medium
Davanagere,Honnali,Honnali_Village_8,14.58474,75.98644,5,2024,23.0,56.3,26.7,34.1,3.2,Whorl,NK6240,38,10,2,Medium
Shivamogga,Shikaripura,Shikaripura_Village_1,13.76638,75.43223,11,2023,33.4,85.9,7.4,44.0,0.0,Whorl,Pioneer 3396,34,13,1,High
Koppal,Kushtagi,Kushtagi_Village_8,15.51094,75.91443,3,2024,24.7,29.2,6.5,15.3,13.8,Maturity,DKC9108,104,0,52,Low
Raichur,Sindhanur,Sindhanur_Village_5,16.19093,77.51138,1,2025,25.6,45.8,9.6,21.4,5.4,Whorl,DHM117 (Local Hybrid),33,2,22,Medium
Ballari,Ballari,Ballari_Village_1,14.97229,77.10633,12,2023,26.4,69.4,3.6,35.9,12.4,Silking,DHM117 (Local Hybrid),59,9,41,Medium
Koppal,Gangavathi,Gangavathi_Village_4,15.50529,76.31519,1,2024,32.6,81.2,34.4,51.9,8.2,Whorl,P3501,36,10,9,High
Tumakuru,Tumakuru,Tumakuru_Village_6,13.40081,77.30605,5,2023,27.0,68.4,3.1,36.6,8.0,Whorl,DKC9108,26,4,33,Medium
Haveri,Byadagi,Byadagi_Village_3,14.67145,75.28665,6,2023,27.3,70.0,7.1,40.3,7.2,Whorl,Kaveri KMH-25K61,23,6,1,Medium
Raichur,Sindhanur,Sindhanur_Village_7,16.11869,77.42032,7,2025,26.3,57.9,8.0,32.2,12.6,Vegetative,Pioneer 3396,16,4,22,Medium
Chamarajanagar,Yelandur,Yelandur_Village_4,11.94354,76.75704,12,2024,31.2,81.3,38.2,45.6,7.3,Maturity,30V92,96,19,6,High
Ballari,Sandur,Sandur_Village_6,14.97718,77.02415,5,2023,19.7,49.2,0.5,31.4,5.7,Maturity,Rasi RCH-2,101,0,61,Low
Raichur,Lingsugur,Lingsugur_Village_4,16.17417,77.42277,11,2023,25.4,60.2,13.6,37.2,10.6,Vegetative,Pioneer 3396,17,7,48,Medium
Ballari,Hospet,Hospet_Village_1,14.92969,76.99894,9,2023,21.8,24.7,0.0,29.2,13.3,Maturity,Bio9637,91,1,158,Low
Raichur,Raichur,Raichur_Village_2,16.37627,77.16767,4,2023,27.2,67.7,6.6,35.3,13.1,Vegetative,Pioneer 3396,11,7,39,Medium
Belagavi,Ramdurg,Ramdurg_Village_2,15.85974,74.32603,8,2024,32.7,91.9,67.6,58.0,1.5,Vegetative,NK6240,13,8,7,High
Koppal,Koppal,Koppal_Village_8,15.50823,76.14703,5,2024,30.6,91.6,94.1,56.6,8.0,Whorl,NK6240,32,15,18,High
Haveri,Byadagi,Byadagi_Village_3,14.92739,75.34445,8,2024,31.1,79.0,58.9,52.5,5.9,Whorl,Kaveri KMH-25K61,29,15,8,High
Shivamogga,Sagar,Sagar_Village_7,13.68313,75.70688,1,2023,33.0,79.6,62.9,45.1,5.6,Whorl,NK6240,32,11,6,High
Haveri,Byadagi,Byadagi_Village_3,14.8051,75.1663,11,2024,27.8,86.8,37.2,62.1,8.4,Vegetative,NK6240,20,12,2,High
Davanagere,Harihara,Harihara_Village_6,14.44496,75.79582,7,2025,31.6,92.5,25.9,49.9,9.7,Vegetative,DKC9108,10,14,0,High
Chamarajanagar,Yelandur,Yelandur_Village_9,11.70138,76.81561,8,2025,25.7,51.7,18.3,33.4,12.2,Maturity,30V92,93,5,17,Medium
Koppal,Yelburga,Yelburga_Village_8,15.5296,76.39453,3,2025,30.0,55.1,36.1,34.2,5.0,Silking,Local Desi Maize,69,6,16,Medium
Hassan,Belur,Belur_Village_5,13.23843,76.258,12,2025,30.4,90.3,59.9,58.0,12.7,Whorl,DHM117 (Local Hybrid),23,9,12,High
Chitradurga,Hiriyur,Hiriyur_Village_4,14.04732,76.26513,6,2025,28.0,65.2,3.8,40.6,7.9,Maturity,30V92,80,3,45,Medium
Mandya,Maddur,Maddur_Village_6,12.65002,76.79016,4,2023,25.9,43.8,27.0,33.6,7.0,Maturity,Bio9637,85,4,25,Medium
Belagavi,Chikkodi,Chikkodi_Village_3,15.98359,74.44312,6,2025,17.3,37.7,2.6,18.1,16.5,Whorl,30V92,29,1,180,Low
Hassan,Arsikere,Arsikere_Village_3,12.82695,75.90399,5,2024,33.4,85.2,23.3,51.1,10.1,Whorl,NK6240,24,13,0,High
Chikkaballapur,Sidlaghatta,Sidlaghatta_Village_7,13.58155,77.94138,9,2024,26.0,63.7,10.3,40.0,6.8,Whorl,Pioneer 3396,24,4,42,Medium
Raichur,Lingsugur,Lingsugur_Village_6,16.15185,77.13223,10,2024,18.5,15.0,0.1,7.9,20.3,Maturity,Pioneer 3396,87,3,180,Low
Mysuru,Mysuru,Mysuru_Village_7,12.41795,76.49452,11,2023,31.3,43.6,63.2,30.3,5.6,Whorl,Local Desi Maize,34,3,38,Medium
Mysuru,K.R. Nagar,K.R. Nagar_Village_5,12.1841,76.44489,9,2024,33.4,91.5,105.9,61.1,12.9,Whorl,Bio9637,39,19,15,High
Chitradurga,Challakere,Challakere_Village_1,14.14675,76.40285,11,2025,24.0,57.0,10.5,33.3,8.8,Whorl,30V92,35,4,33,Medium
Ballari,Ballari,Ballari_Village_4,15.23413,76.73231,4,2025,28.7,59.7,8.4,34.7,6.6,Tasseling,Rasi RCH-2,48,9,38,Medium
Chitradurga,Molakalmuru,Molakalmuru_Village_5,14.14951,76.53442,9,2025,20.4,25.0,3.2,18.1,11.3,Maturity,DKC9108,75,1,159,Low
Gadag,Mundargi,Mundargi_Village_5,15.49136,75.42808,10,2023,25.1,67.6,15.5,43.1,6.0,Whorl,DKC9108,23,3,0,Medium
Hassan,Arsikere,Arsikere_Village_3,12.81602,76.29003,6,2023,23.1,72.7,4.2,47.8,7.6,Vegetative,DHM117 (Local Hybrid),12,3,0,Medium
Gadag,Nargund,Nargund_Village_7,15.32159,75.78901,11,2025,35.1,84.2,23.5,47.1,7.3,Vegetative,Pioneer 3396,22,9,16,High
Shivamogga,Soraba,Soraba_Village_9,13.90124,75.80542,2,2025,20.5,32.2,1.3,23.2,11.2,Maturity,DKC9108,91,1,37,Low
Davanagere,Davanagere,Davanagere_Village_6,14.62339,75.87554,12,2023,27.9,79.7,9.3,47.4,4.7,Vegetative,Kaveri KMH-25K61,17,5,37,Medium
Belagavi,Ramdurg,Ramdurg_Village_8,15.84442,74.37146,1,2023,28.0,46.3,11.8,27.8,6.6,Vegetative,DKC9108,11,3,21,Medium
Shivamogga,Sagar,Sagar_Village_8,13.86831,75.38509,5,2025,31.9,92.5,45.0,64.1,13.7,Whorl,Local Desi Maize,38,20,12,High
Gadag,Mundargi,Mundargi_Village_8,15.20718,75.74484,4,2023,25.5,62.4,46.3,36.4,8.0,Maturity,P3501,98,4,0,Medium
Belagavi,Gokak,Gokak_Village_7,15.71452,74.47637,7,2025,15.7,22.3,0.9,6.7,9.8,Maturity,DHM117 (Local Hybrid),108,0,106,Low
Haveri,Shiggaon,Shiggaon_Village_6,14.76668,75.20787,10,2024,25.4,54.0,34.8,39.0,7.0,Whorl,NK6240,28,5,45,Medium
Koppal,Kushtagi,Kushtagi_Village_4,15.35822,76.06387,1,2025,14.0,44.3,0.9,27.7,0.0,Silking,DKC9108,60,0,35,Low
Dharwad,Dharwad,Dharwad_Village_5,15.59769,74.95624,12,2023,23.4,68.8,37.1,40.5,5.0,Silking,Local Desi Maize,65,3,42,Medium
Mandya,Malavalli,Malavalli_Village_9,12.75912,76.74191,9,2025,26.6,58.9,35.8,34.7,0.0,Vegetative,DHM117 (Local Hybrid),22,5,5,Medium
Davanagere,Jagalur,Jagalur_Village_7,14.27,76.13412,12,2024,24.2,32.2,0.0,20.1,11.5,Silking,DKC9108,57,3,49,Low
Belagavi,Gokak,Gokak_Village_9,15.7273,74.26182,5,2024,27.4,28.2,0.0,6.7,12.2,Maturity,DKC9108,99,3,160,Low
Tumakuru,Pavagada,Pavagada_Village_3,13.14387,76.92253,6,2024,29.2,53.3,31.7,28.1,12.7,Maturity,P3501,97,7,32,Medium
Davanagere,Harihara,Harihara_Village_3,14.61227,75.97876,1,2024,29.1,88.6,58.3,65.0,15.1,Whorl,Kaveri KMH-25K61,26,10,0,High
Chitradurga,Molakalmuru,Molakalmuru_Village_7,14.43808,76.21026,9,2024,29.0,42.0,23.5,25.8,10.2,Whorl,Local Desi Maize,40,6,5,Medium
Hassan,Belur,Belur_Village_6,13.05104,76.02768,1,2025,23.9,58.5,12.9,30.9,14.7,Tasseling,30V92,51,6,15,Medium
Haveri,Savanur,Savanur_Village_7,14.95281,75.33633,11,2025,14.0,35.6,0.2,13.7,13.9,Maturity,Bio9637,83,1,56,Low
Chamarajanagar,Kollegal,Kollegal_Village_3,11.68344,76.90525,6,2023,24.7,55.6,5.4,26.8,6.0,Whorl,30V92,35,4,1,Medium
Haveri,Shiggaon,Shiggaon_Village_8,14.70527,75.58806,4,2024,25.5,61.4,16.8,28.5,8.8,Maturity,Rasi RCH-2,97,4,61,Medium
Dharwad,Kundgol,Kundgol_Village_9,15.38548,74.89209,10,2023,25.3,58.1,41.1,32.1,7.8,Silking,DHM117 (Local Hybrid),63,2,10,Medium
Belagavi,Athani,Athani_Village_8,15.79647,74.52271,3,2024,23.6,61.8,11.6,34.7,10.0,Vegetative,P3501,18,6,18,Medium
Mandya,Nagamangala,Nagamangala_Village_3,12.54393,76.74741,7,2025,32.6,83.4,70.0,64.1,10.0,Whorl,DKC9108,26,10,1,High
Davanagere,Harihara,Harihara_Village_1,14.32339,75.72363,12,2024,24.7,78.3,9.7,45.7,11.7,Whorl,Kaveri KMH-25K61,34,5,11,Medium
Gadag,Ron,Ron_Village_6,15.20728,75.52383,11,2024,30.4,83.2,21.4,41.8,9.1,Whorl,DKC9108,37,16,5,High
Chitradurga,Challakere,Challakere_Village_4,14.31429,76.2964,6,2024,26.7,84.0,5.1,46.2,13.0,Whorl,P3501,30,3,8,Medium
Koppal,Kushtagi,Kushtagi_Village_6,15.43106,76.03858,1,2024,19.3,29.2,7.8,12.9,8.5,Tasseling,Rasi RCH-2,42,1,10,Low
Chitradurga,Chitradurga,Chitradurga_Village_4,14.1469,76.28481,10,2024,32.1,83.6,56.0,50.2,4.8,Whorl,Bio9637,39,13,34,High
Haveri,Shiggaon,Shiggaon_Village_6,14.788,75.33696,8,2025,26.1,62.1,3.1,38.4,11.2,Tasseling,Rasi RCH-2,43,10,56,Medium
Dharwad,Navalgund,Navalgund_Village_6,15.67579,74.90188,2,2024,27.2,60.5,8.6,41.7,7.7,Whorl,Pioneer 3396,38,4,11,Medium
Koppal,Koppal,Koppal_Village_8,15.53505,76.23411,10,2025,22.2,28.2,0.3,15.7,11.0,Maturity,Local Desi Maize,95,2,52,Low
Raichur,Devadurga,Devadurga_Village_6,16.33511,77.20411,2,2025,27.8,58.8,3.5,34.4,9.3,Silking,Kaveri KMH-25K61,60,4,13,Medium
Hassan,Hassan,Hassan_Village_2,12.89538,75.98256,2,2024,32.4,84.1,62.1,58.4,7.3,Whorl,Kaveri KMH-25K61,30,18,4,High
Hassan,Arsikere,Arsikere_Village_7,12.89412,75.99454,5,2024,23.8,51.3,30.8,34.7,11.1,Tasseling,Bio9637,49,4,6,Medium
Shivamogga,Bhadravati,Bhadravati_Village_9,13.85738,75.55449,8,2025,30.2,85.1,20.2,51.4,9.1,Vegetative,30V92,23,13,7,High
Gadag,Ron,Ron_Village_9,15.43629,75.46517,10,2023,30.1,87.0,48.8,58.4,10.5,Vegetative,30V92,18,11,2,High
Davanagere,Honnali,Honnali_Village_9,14.71132,75.68486,5,2024,18.3,38.0,0.3,29.4,15.5,Maturity,NK6240,75,0,0,Low
Belagavi,Saundatti,Saundatti_Village_8,15.71935,74.31201,8,2025,28.0,73.3,9.7,41.9,9.5,Tasseling,DHM117 (Local Hybrid),45,0,2,Medium
Mysuru,Hunsur,Hunsur_Village_1,12.54145,76.7812,3,2025,26.8,56.4,11.4,34.9,10.3,Maturity,Bio9637,79,2,1,Medium
Shivamogga,Shivamogga,Shivamogga_Village_1,13.98826,75.51869,10,2025,14.4,43.5,2.1,17.8,7.0,Vegetative,DHM117 (Local Hybrid),25,1,65,Low
Dharwad,Hubballi,Hubballi_Village_1,15.35236,75.17812,8,2023,16.1,34.6,0.6,20.9,10.1,Vegetative,Kaveri KMH-25K61,23,1,108,Low
Chikkaballapur,Gudibande,Gudibande_Village_5,13.2717,77.75339,5,2025,26.4,65.4,10.2,35.3,10.7,Tasseling,NK6240,54,5,20,Medium
Shivamogga,Soraba,Soraba_Village_4,13.74543,75.61528,2,2025,28.8,49.6,26.2,39.0,10.5,Silking,Pioneer 3396,59,5,85,Medium
Ballari,Hospet,Hospet_Village_8,15.04228,76.81183,5,2024,20.3,38.1,1.1,18.8,15.6,Maturity,Rasi RCH-2,108,2,111,Low
Belagavi,Saundatti,Saundatti_Village_4,15.68631,74.71011,10,2024,29.6,55.8,26.7,35.8,7.6,Tasseling,Bio9637,42,7,14,Medium
Ballari,Siruguppa,Siruguppa_Village_5,15.21344,77.03761,8,2023,26.0,51.4,9.9,26.1,6.3,Silking,30V92,58,3,25,Medium
Ballari,Siruguppa,Siruguppa_Village_6,14.90751,76.7248,9,2024,32.0,98.0,26.6,56.8,11.9,Whorl,DKC9108,40,10,1,High
Hassan,Arsikere,Arsikere_Village_7,13.24307,76.27509,3,2023,32.6,92.6,28.0,63.9,11.3,Whorl,NK6240,30,18,3,High
Tumakuru,Tumakuru,Tumakuru_Village_3,13.36933,77.24084,3,2025,29.3,43.3,5.7,23.5,10.0,Whorl,Rasi RCH-2,33,5,44,Medium
Chitradurga,Challakere,Challakere_Village_8,14.10489,76.52129,4,2025,34.4,94.3,33.7,60.7,3.1,Whorl,Pioneer 3396,33,13,7,High
Gadag,Gadag,Gadag_Village_2,15.61337,75.54027,7,2023,24.9,62.6,1.5,40.2,2.4,Whorl,DHM117 (Local Hybrid),37,2,4,Medium
Raichur,Manvi,Manvi_Village_4,16.14985,77.43352,6,2023,27.1,38.4,3.8,23.3,13.4,Vegetative,Pioneer 3396,18,5,2,Medium
Mandya,Nagamangala,Nagamangala_Village_7,12.7093,76.91569,8,2023,32.1,46.9,21.4,36.7,10.2,Whorl,Rasi RCH-2,40,1,31,Medium
Koppal,Kushtagi,Kushtagi_Village_9,15.25204,76.2753,4,2024,32.7,85.5,38.5,55.1,13.0,Whorl,Rasi RCH-2,20,8,15,High
Davanagere,Davanagere,Davanagere_Village_4,14.65586,75.97775,1,2024,28.0,76.1,2.5,37.5,7.9,Silking,Bio9637,67,8,13,Medium
Haveri,Byadagi,Byadagi_Village_9,14.64616,75.65191,8,2024,29.7,94.9,83.3,62.5,9.2,Vegetative,30V92,16,12,0,High
Davanagere,Nyamathi,Nyamathi_Village_7,14.57283,75.97993,1,2024,34.3,85.2,43.7,56.7,14.7,Vegetative,Rasi RCH-2,16,13,16,High
Belagavi,Saundatti,Saundatti_Village_7,16.04697,74.38036,5,2024,29.8,85.5,79.0,58.6,9.4,Whorl,NK6240,20,9,5,High
Raichur,Sindhanur,Sindhanur_Village_9,16.41527,77.10617,9,2025,30.9,84.9,52.1,51.9,6.5,Whorl,Kaveri KMH-25K61,31,21,8,High
Chikkaballapur,Chikkaballapur,Chikkaballapur_Village_5,13.42295,77.50105,5,2023,21.3,75.8,15.0,40.5,9.6,Maturity,Pioneer 3396,105,4,48,Medium
Ballari,Siruguppa,Siruguppa_Village_8,14.97144,77.06795,8,2025,25.6,71.6,18.7,46.7,9.2,Vegetative,P3501,20,5,12,Medium
Mysuru,Nanjangud,Nanjangud_Village_5,12.0529,76.64719,9,2024,38.7,86.4,49.8,62.3,0.3,Whorl,Kaveri KMH-25K61,37,18,8,High
Mysuru,Piriyapatna,Piriyapatna_Village_6,12.48714,76.75578,4,2024,25.9,50.0,10.9,18.9,7.0,Vegetative,P3501,21,5,19,Medium
Dharwad,Kundgol,Kundgol_Village_9,15.23815,74.94734,10,2023,17.1,25.4,0.2,12.1,12.2,Silking,NK6240,68,0,34,Low
Davanagere,Channagiri,Channagiri_Village_7,14.39901,75.74446,9,2023,16.1,26.2,4.1,23.8,14.4,Maturity,Rasi RCH-2,105,1,38,Low
Belagavi,Saundatti,Saundatti_Village_1,16.02477,74.57894,9,2025,29.3,61.0,9.9,32.2,8.0,Tasseling,DHM117 (Local Hybrid),52,11,25,Medium
Ballari,Kudligi,Kudligi_Village_3,15.24486,76.69852,3,2024,24.2,69.7,1.1,29.2,8.9,Whorl,Kaveri KMH-25K61,26,4,8,Medium
Tumakuru,Madhugiri,Madhugiri_Village_8,13.30865,77.27273,7,2023,25.1,60.5,9.7,42.8,14.5,Tasseling,Bio9637,43,6,42,Medium
Chitradurga,Chitradurga,Chitradurga_Village_9,14.19419,76.58848,5,2023,31.7,87.0,102.5,62.6,5.8,Vegetative,Pioneer 3396,11,13,1,High
Dharwad,Hubballi,Hubballi_Village_7,15.57701,75.10858,10,2023,19.5,26.8,11.0,7.4,11.6,Vegetative,30V92,10,1,0,Low
Chitradurga,Molakalmuru,Molakalmuru_Village_4,14.45278,76.19273,10,2023,30.4,84.6,19.0,41.7,3.2,Whorl,Kaveri KMH-25K61,34,7,2,High
Mysuru,Piriyapatna,Piriyapatna_Village_3,12.46698,76.63354,10,2025,33.3,88.6,52.3,61.0,6.5,Whorl,Kaveri KMH-25K61,39,10,3,High
Ballari,Ballari,Ballari_Village_4,15.27958,77.0265,5,2024,21.5,15.0,0.0,5.0,12.5,Silking,DKC9108,62,1,81,Low
Shivamogga,Bhadravati,Bhadravati_Village_2,14.12499,75.31859,10,2025,27.7,64.5,14.9,39.4,0.0,Tasseling,DHM117 (Local Hybrid),41,9,25,Medium
Chitradurga,Challakere,Challakere_Village_1,14.26531,76.51527,7,2025,22.1,39.0,2.1,14.1,12.2,Maturity,Kaveri KMH-25K61,98,1,180,Low
Hassan,Belur,Belur_Village_8,13.13047,75.8604,9,2023,19.6,38.8,2.9,22.6,9.8,Tasseling,DKC9108,50,1,82,Low
Davanagere,Channagiri,Channagiri_Village_2,14.66738,76.14104,4,2023,29.2,67.1,20.3,43.8,4.5,Silking,Rasi RCH-2,69,2,24,Medium
Davanagere,Harihara,Harihara_Village_3,14.53028,76.10982,6,2023,27.0,80.0,36.8,59.9,4.0,Whorl,Rasi RCH-2,34,4,9,Medium
Shivamogga,Sagar,Sagar_Village_1,13.73627,75.68377,4,2024,25.0,47.7,0.5,29.6,11.0,Maturity,Pioneer 3396,92,1,10,Low
Hassan,Hassan,Hassan_Village_9,13.21072,76.23079,4,2023,21.1,39.5,3.4,23.0,7.6,Silking,Bio9637,58,0,56,Low
Davanagere,Channagiri,Channagiri_Village_3,14.34097,75.97307,6,2025,24.8,34.4,0.2,12.9,17.8,Silking,Rasi RCH-2,64,2,100,Low
Mandya,Maddur,Maddur_Village_7,12.45047,76.77871,3,2023,31.1,91.3,23.3,60.8,5.3,Whorl,DHM117 (Local Hybrid),20,11,9,High
Belagavi,Athani,Athani_Village_7,16.00161,74.49629,12,2023,25.0,58.0,22.5,33.4,14.5,Silking,Kaveri KMH-25K61,66,5,24,Medium
Raichur,Manvi,Manvi_Village_5,16.30101,77.33536,9,2024,20.0,37.5,0.1,23.6,4.2,Silking,Kaveri KMH-25K61,65,0,25,Low
Chamarajanagar,Gundlupet,Gundlupet_Village_9,12.1119,76.86743,12,2023,19.0,43.2,0.1,18.4,5.5,Maturity,Kaveri KMH-25K61,82,1,180,Low
Mandya,Mandya,Mandya_Village_8,12.61725,77.04852,6,2023,31.6,86.6,29.6,51.9,3.1,Whorl,NK6240,27,11,3,High
Davanagere,Jagalur,Jagalur_Village_3,14.49862,75.94423,9,2024,18.3,27.8,0.2,23.2,14.3,Silking,Pioneer 3396,70,0,50,Low
Gadag,Gadag,Gadag_Village_4,15.47214,75.54313,5,2024,19.6,30.1,0.6,20.6,14.0,Maturity,NK6240,108,1,21,Low
Mysuru,Mysuru,Mysuru_Village_3,12.42069,76.45285,8,2023,22.4,34.8,0.1,23.9,13.6,Maturity,30V92,101,1,135,Low
Mandya,Malavalli,Malavalli_Village_9,12.66803,77.1267,12,2024,35.6,84.8,42.6,44.7,4.2,Whorl,30V92,40,11,0,High
Hassan,Channarayapatna,Channarayapatna_Village_1,13.10653,75.90083,2,2025,19.1,41.6,0.0,21.8,10.7,Maturity,Kaveri KMH-25K61,93,1,0,Low
Dharwad,Kalghatgi,Kalghatgi_Village_7,15.45268,74.83641,5,2023,31.7,94.1,14.2,50.1,9.5,Whorl,Kaveri KMH-25K61,33,13,2,High
Raichur,Raichur,Raichur_Village_2,16.00776,77.13191,5,2025,25.0,44.0,1.6,17.7,6.1,Vegetative,Pioneer 3396,12,0,125,Low
Shivamogga,Soraba,Soraba_Village_6,13.98164,75.39361,4,2023,16.9,33.2,10.8,25.7,9.8,Silking,Rasi RCH-2,63,0,42,Low
Ballari,Ballari,Ballari_Village_3,15.03699,76.9222,11,2025,26.0,39.5,22.3,17.5,12.3,Silking,NK6240,63,1,48,Medium
Gadag,Ron,Ron_Village_6,15.26226,75.6287,9,2025,31.0,80.4,33.6,35.5,9.7,Whorl,Rasi RCH-2,28,10,0,High
Mysuru,K.R. Nagar,K.R. Nagar_Village_7,12.37938,76.81046,9,2023,27.9,64.9,17.9,45.7,7.0,Silking,P3501,62,8,5,Medium
Hassan,Channarayapatna,Channarayapatna_Village_7,12.89008,76.27498,9,2023,15.8,29.4,0.3,12.8,0.0,Vegetative,Local Desi Maize,14,1,85,Low
Koppal,Gangavathi,Gangavathi_Village_5,15.31119,76.2882,10,2025,17.4,22.5,0.9,19.3,11.5,Maturity,Kaveri KMH-25K61,109,0,58,Low
Mysuru,Mysuru,Mysuru_Village_1,12.0527,76.49634,8,2024,20.5,41.4,5.7,24.8,3.1,Silking,30V92,67,1,76,Low
Raichur,Sindhanur,Sindhanur_Village_1,15.97883,77.37383,11,2024,35.2,98.0,28.4,59.9,1.8,Whorl,DHM117 (Local Hybrid),30,9,4,High
Shivamogga,Sagar,Sagar_Village_8,13.7001,75.7719,7,2023,26.0,39.4,0.6,28.2,15.1,Vegetative,P3501,17,1,98,Low
Hassan,Hassan,Hassan_Village_2,13.12809,76.11023,8,2025,32.2,87.6,55.8,61.6,11.2,Vegetative,Local Desi Maize,10,11,6,High
Mysuru,Piriyapatna,Piriyapatna_Village_7,12.07337,76.39554,5,2025,22.4,34.5,2.7,14.8,6.2,Silking,Pioneer 3396,66,1,180,Low
Tumakuru,Tiptur,Tiptur_Village_7,13.24714,77.14969,5,2024,23.9,36.5,1.1,17.0,12.2,Maturity,NK6240,102,0,85,Low
Chamarajanagar,Chamarajanagar,Chamarajanagar_Village_6,12.03272,76.77986,10,2024,34.3,92.2,26.2,50.3,13.0,Tasseling,Local Desi Maize,50,16,13,High
Chamarajanagar,Yelandur,Yelandur_Village_8,11.79539,76.9322,11,2025,28.7,64.8,17.5,35.7,9.2,Whorl,Kaveri KMH-25K61,27,6,3,Medium
Davanagere,Davanagere,Davanagere_Village_9,14.589,76.13191,1,2023,34.2,89.0,35.2,47.8,8.0,Vegetative,DHM117 (Local Hybrid),21,11,4,High
Dharwad,Hubballi,Hubballi_Village_9,15.34617,74.75993,4,2025,30.4,89.5,37.0,43.2,12.9,Vegetative,NK6240,21,10,1,High
Gadag,Ron,Ron_Village_1,15.232,75.40281,11,2024,31.2,87.5,53.5,63.1,10.2,Whorl,Pioneer 3396,39,16,4,High
Mandya,Malavalli,Malavalli_Village_4,12.62849,76.84668,9,2025,34.0,83.4,40.0,52.7,12.1,Tasseling,Rasi RCH-2,40,13,11,High
Chamarajanagar,Yelandur,Yelandur_Village_6,11.75669,77.0517,10,2023,25.3,57.0,39.7,34.5,17.5,Tasseling,Kaveri KMH-25K61,48,3,1,Medium
Mysuru,Hunsur,Hunsur_Village_1,12.47423,76.60328,6,2025,24.0,44.1,0.5,33.5,12.6,Tasseling,Bio9637,51,1,70,Low
Chitradurga,Chitradurga,Chitradurga_Village_5,14.04341,76.62753,12,2024,21.7,33.2,1.2,15.8,0.0,Vegetative,Pioneer 3396,23,1,41,Low
Haveri,Shiggaon,Shiggaon_Village_2,14.59236,75.44443,8,2025,28.0,77.5,20.1,37.7,13.4,Whorl,Bio9637,22,6,17,Medium
Mysuru,Nanjangud,Nanjangud_Village_3,12.53599,76.51225,7,2025,30.1,54.1,12.1,32.0,5.5,Whorl,P3501,38,10,41,Medium
Tumakuru,Pavagada,Pavagada_Village_8,13.53346,77.1406,11,2023,28.5,46.7,8.6,24.7,8.4,Whorl,Rasi RCH-2,33,8,18,Medium
Chitradurga,Challakere,Challakere_Village_2,14.18254,76.54435,1,2025,22.5,29.1,0.3,12.1,21.0,Maturity,Bio9637,96,1,40,Low
Chikkaballapur,Chintamani,Chintamani_Village_1,13.6717,77.53275,2,2024,32.8,82.4,16.7,42.0,6.2,Whorl,NK6240,26,10,5,High
Belagavi,Athani,Athani_Village_7,15.7357,74.25333,1,2025,33.8,81.7,128.7,65.5,7.0,Whorl,P3501,22,11,19,High
Chikkaballapur,Chintamani,Chintamani_Village_1,13.58462,77.72352,9,2023,28.2,79.5,13.4,35.3,7.8,Whorl,Pioneer 3396,36,7,60,Medium
Mysuru,Hunsur,Hunsur_Village_9,12.36548,76.43465,3,2025,25.0,55.4,7.3,30.6,4.0,Silking,Local Desi Maize,64,7,14,Medium
Chitradurga,Molakalmuru,Molakalmuru_Village_5,14.21657,76.19932,3,2024,23.1,57.4,33.5,37.7,3.4,Silking,Kaveri KMH-25K61,59,7,17,Medium
Ballari,Hospet,Hospet_Village_5,15.37271,76.75485,10,2025,30.2,66.9,25.1,37.4,12.6,Vegetative,DKC9108,11,3,70,Medium
Mysuru,Mysuru,Mysuru_Village_3,12.50807,76.54765,3,2023,26.7,66.4,9.6,27.7,1.8,Vegetative,NK6240,14,6,59,Medium
Mandya,Maddur,Maddur_Village_4,12.38542,76.90968,3,2025,31.9,82.4,73.6,53.9,12.2,Whorl,DKC9108,23,14,1,High
Chikkaballapur,Gudibande,Gudibande_Village_9,13.57155,77.79012,6,2023,30.9,93.0,38.7,63.5,5.1,Vegetative,DKC9108,13,15,2,High
Haveri,Shiggaon,Shiggaon_Village_6,15.0086,75.6239,3,2023,15.8,39.2,2.2,22.4,3.6,Whorl,Local Desi Maize,31,0,21,Low
Chamarajanagar,Kollegal,Kollegal_Village_6,11.78524,76.80853,7,2023,29.2,66.7,12.6,50.0,18.0,Whorl,Pioneer 3396,25,7,1,Medium
Gadag,Ron,Ron_Village_4,15.48174,75.61291,11,2023,35.3,89.7,66.4,56.6,12.4,Whorl,Pioneer 3396,35,11,5,High
Raichur,Sindhanur,Sindhanur_Village_1,16.13751,77.41428,10,2023,26.2,50.4,10.4,31.6,5.8,Vegetative,NK6240,15,6,12,Medium
Koppal,Koppal,Koppal_Village_5,15.29073,76.32175,6,2023,27.4,66.4,10.9,45.5,6.3,Maturity,30V92,94,9,22,Medium
Belagavi,Chikkodi,Chikkodi_Village_6,15.69563,74.42307,9,2024,23.0,39.9,0.5,25.9,1.3,Maturity,Rasi RCH-2,82,1,5,Low
Mandya,Maddur,Maddur_Village_4,12.37275,76.96344,6,2023,33.6,84.8,41.9,52.8,7.5,Whorl,Local Desi Maize,39,12,0,High
Gadag,Shirahatti,Shirahatti_Village_7,15.59551,75.50995,8,2024,16.0,20.2,0.3,16.7,12.6,Maturity,30V92,75,3,17,Low
Davanagere,Nyamathi,Nyamathi_Village_7,14.53355,76.15865,7,2024,21.4,24.1,0.1,10.9,9.7,Tasseling,Bio9637,47,1,95,Low
Davanagere,Jagalur,Jagalur_Village_7,14.27979,75.83972,7,2025,27.5,81.4,25.0,40.0,8.1,Whorl,NK6240,37,12,7,High
Chikkaballapur,Chintamani,Chintamani_Village_7,13.19759,77.61969,11,2024,29.8,92.1,46.4,55.7,1.8,Whorl,30V92,32,11,17,High
